#include "lvgl.h"

static const uint8_t pixels[] = {
    0xc5, 0x08, 0xc5, 0x08, 0xe5, 0x08, 0xe5, 0x08, 0xe5, 0x08, 0xe5, 0x08, 0xc5, 0x08, 0xc5, 0x08, 0xe5, 0x08, 0xe5, 0x08, 0xe5, 0x08, 0xe5, 0x08,
    0xe5, 0x08, 0xe5, 0x08, 0xe5, 0x08, 0xe5, 0x08, 0xe5, 0x08, 0xe5, 0x08, 0xe5, 0x10, 0xe5, 0x10, 0xe5, 0x10, 0xe5, 0x10, 0xc5, 0x08, 0xc5, 0x08,
    0xe5, 0x08, 0xe5, 0x08, 0xe5, 0x08, 0xe5, 0x08, 0xe5, 0x08, 0xe5, 0x08, 0xe5, 0x08, 0xe5, 0x08, 0xe5, 0x08, 0xe5, 0x08, 0xe5, 0x08, 0xe5, 0x08,
    0xe5, 0x10, 0xe5, 0x10, 0xe5, 0x10, 0xe5, 0x10, 0xc5, 0x08, 0xc5, 0x08, 0xe5, 0x10, 0xe5, 0x10, 0xe5, 0x08, 0xe5, 0x08, 0xc5, 0x08, 0xc5, 0x08,
    0xe5, 0x08, 0xe5, 0x08, 0xe5, 0x10, 0xe5, 0x10, 0xe5, 0x08, 0xe5, 0x08, 0xe5, 0x08, 0xe5, 0x08, 0xe5, 0x08, 0xe5, 0x08, 0xc5, 0x08, 0xc5, 0x08,
    0xe5, 0x08, 0xe5, 0x08, 0xe5, 0x08, 0xe5, 0x08, 0xe5, 0x08, 0xe5, 0x08, 0xe5, 0x08, 0xe5, 0x08, 0xc5, 0x08, 0xc5, 0x08, 0xe5, 0x08, 0xe5, 0x08,
    0xe5, 0x08, 0xe5, 0x08, 0xe5, 0x10, 0xe5, 0x10, 0xe5, 0x08, 0xe5, 0x08, 0xe5, 0x08, 0xe5, 0x08, 0xc5, 0x08, 0xc5, 0x08, 0xc5, 0x08, 0xc5, 0x08,
    0xe5, 0x08, 0xe5, 0x08, 0xe5, 0x08, 0xe5, 0x08, 0xe5, 0x08, 0xe5, 0x08, 0xe5, 0x08, 0xe5, 0x08, 0xe5, 0x08, 0xe5, 0x08, 0xe5, 0x08, 0xe5, 0x08,
    0xe5, 0x08, 0xe5, 0x08, 0xe5, 0x08, 0xe5, 0x08, 0xe5, 0x08, 0xe5, 0x08, 0xe5, 0x10, 0xe5, 0x10, 0xe5, 0x08, 0xe5, 0x08, 0xe5, 0x08, 0xe5, 0x08,
    0xe5, 0x10, 0xe5, 0x10, 0xe5, 0x08, 0xe5, 0x08, 0xe5, 0x08, 0xe5, 0x08, 0xe5, 0x08, 0xe5, 0x08, 0xe5, 0x08, 0xe5, 0x08, 0xe5, 0x10, 0xe5, 0x10,
    0xe5, 0x10, 0xe5, 0x10, 0xe5, 0x10, 0xe5, 0x10, 0xe5, 0x08, 0xe5, 0x08, 0xc5, 0x08, 0xc5, 0x08, 0xe5, 0x10, 0xe5, 0x10, 0xe5, 0x10, 0xe5, 0x10,
    0xe5, 0x10, 0xe5, 0x10, 0xe5, 0x08, 0xe5, 0x08, 0xe5, 0x08, 0xe5, 0x08, 0xe5, 0x08, 0xe5, 0x08, 0xe5, 0x08, 0xe5, 0x08, 0xe5, 0x10, 0xe5, 0x10,
    0xc5, 0x08, 0xc5, 0x08, 0xe5, 0x08, 0xe5, 0x08, 0xe5, 0x10, 0xe5, 0x10, 0xe5, 0x10, 0xe5, 0x10, 0xe5, 0x08, 0xe5, 0x08, 0xe5, 0x10, 0xe5, 0x10,
    0xe5, 0x08, 0xe5, 0x08, 0xc5, 0x10, 0xc5, 0x10, 0xe5, 0x10, 0xe5, 0x10, 0xe5, 0x08, 0xe5, 0x08, 0xe5, 0x10, 0xe5, 0x10, 0xe5, 0x08, 0xe5, 0x08,
    0xc5, 0x08, 0xc5, 0x08, 0xe5, 0x10, 0xe5, 0x10, 0xe5, 0x08, 0xe5, 0x08, 0xe5, 0x08, 0xe5, 0x08, 0xe5, 0x08, 0xe5, 0x08, 0xe5, 0x08, 0xe5, 0x08,
    0xe5, 0x08, 0xe5, 0x08, 0xe5, 0x08, 0xe5, 0x08, 0xe5, 0x10, 0xe5, 0x10, 0xe5, 0x10, 0xe5, 0x10, 0xe5, 0x10, 0xe5, 0x10, 0xe5, 0x10, 0xe5, 0x10,
    0xc5, 0x08, 0xc5, 0x08, 0xe5, 0x08, 0xe5, 0x08, 0xe5, 0x08, 0xe5, 0x08, 0xe5, 0x08, 0xe5, 0x08, 0xc5, 0x08, 0xc5, 0x08, 0xe5, 0x08, 0xe5, 0x08,
    0xe5, 0x10, 0xe5, 0x10, 0xe5, 0x08, 0xe5, 0x08, 0xe5, 0x10, 0xe5, 0x10, 0xe5, 0x10, 0xe5, 0x10, 0xc5, 0x08, 0xc5, 0x08, 0xe5, 0x08, 0xe5, 0x08,
    0xc5, 0x08, 0xc5, 0x08, 0xe5, 0x08, 0xe5, 0x08, 0xe5, 0x08, 0xe5, 0x08, 0xc5, 0x08, 0xc5, 0x08, 0xe5, 0x08, 0xe5, 0x08, 0xe5, 0x08, 0xe5, 0x08,
    0xe5, 0x08, 0xe5, 0x08, 0xe5, 0x08, 0xe5, 0x08, 0xe5, 0x08, 0xe5, 0x08, 0xe5, 0x10, 0xe5, 0x10, 0xe5, 0x10, 0xe5, 0x10, 0xc5, 0x08, 0xc5, 0x08,
    0xe5, 0x08, 0xe5, 0x08, 0xe5, 0x08, 0xe5, 0x08, 0xe5, 0x08, 0xe5, 0x08, 0xe5, 0x08, 0xe5, 0x08, 0xe5, 0x08, 0xe5, 0x08, 0xe5, 0x08, 0xe5, 0x08,
    0xe5, 0x10, 0xe5, 0x10, 0xe5, 0x10, 0xe5, 0x10, 0xc5, 0x08, 0xc5, 0x08, 0xe5, 0x10, 0xe5, 0x10, 0xe5, 0x08, 0xe5, 0x08, 0xc5, 0x08, 0xc5, 0x08,
    0xe5, 0x08, 0xe5, 0x08, 0xe5, 0x10, 0xe5, 0x10, 0xe5, 0x08, 0xe5, 0x08, 0xe5, 0x08, 0xe5, 0x08, 0xe5, 0x08, 0xe5, 0x08, 0xc5, 0x08, 0xc5, 0x08,
    0xe5, 0x08, 0xe5, 0x08, 0xe5, 0x08, 0xe5, 0x08, 0xe5, 0x08, 0xe5, 0x08, 0xe5, 0x08, 0xe5, 0x08, 0xc5, 0x08, 0xc5, 0x08, 0xe5, 0x08, 0xe5, 0x08,
    0xe5, 0x08, 0xe5, 0x08, 0xe5, 0x10, 0xe5, 0x10, 0xe5, 0x08, 0xe5, 0x08, 0xe5, 0x08, 0xe5, 0x08, 0xc5, 0x08, 0xc5, 0x08, 0xc5, 0x08, 0xc5, 0x08,
    0xe5, 0x08, 0xe5, 0x08, 0xe5, 0x08, 0xe5, 0x08, 0xe5, 0x08, 0xe5, 0x08, 0xe5, 0x08, 0xe5, 0x08, 0xe5, 0x08, 0xe5, 0x08, 0xe5, 0x08, 0xe5, 0x08,
    0xe5, 0x08, 0xe5, 0x08, 0xe5, 0x08, 0xe5, 0x08, 0xe5, 0x08, 0xe5, 0x08, 0xe5, 0x10, 0xe5, 0x10, 0xe5, 0x08, 0xe5, 0x08, 0xe5, 0x08, 0xe5, 0x08,
    0xe5, 0x10, 0xe5, 0x10, 0xe5, 0x08, 0xe5, 0x08, 0xe5, 0x08, 0xe5, 0x08, 0xe5, 0x08, 0xe5, 0x08, 0xe5, 0x08, 0xe5, 0x08, 0xe5, 0x10, 0xe5, 0x10,
    0xe5, 0x10, 0xe5, 0x10, 0xe5, 0x10, 0xe5, 0x10, 0xe5, 0x08, 0xe5, 0x08, 0xc5, 0x08, 0xc5, 0x08, 0xe5, 0x10, 0xe5, 0x10, 0xe5, 0x10, 0xe5, 0x10,
    0xe5, 0x10, 0xe5, 0x10, 0xe5, 0x08, 0xe5, 0x08, 0xe5, 0x08, 0xe5, 0x08, 0xe5, 0x08, 0xe5, 0x08, 0xe5, 0x08, 0xe5, 0x08, 0xe5, 0x10, 0xe5, 0x10,
    0xc5, 0x08, 0xc5, 0x08, 0xe5, 0x08, 0xe5, 0x08, 0xe5, 0x10, 0xe5, 0x10, 0xe5, 0x10, 0xe5, 0x10, 0xe5, 0x08, 0xe5, 0x08, 0xe5, 0x10, 0xe5, 0x10,
    0xe5, 0x08, 0xe5, 0x08, 0xc5, 0x10, 0xc5, 0x10, 0xe5, 0x10, 0xe5, 0x10, 0xe5, 0x08, 0xe5, 0x08, 0xe5, 0x10, 0xe5, 0x10, 0xe5, 0x08, 0xe5, 0x08,
    0xc5, 0x08, 0xc5, 0x08, 0xe5, 0x10, 0xe5, 0x10, 0xe5, 0x08, 0xe5, 0x08, 0xe5, 0x08, 0xe5, 0x08, 0xe5, 0x08, 0xe5, 0x08, 0xe5, 0x08, 0xe5, 0x08,
    0xe5, 0x08, 0xe5, 0x08, 0xe5, 0x08, 0xe5, 0x08, 0xe5, 0x10, 0xe5, 0x10, 0xe5, 0x10, 0xe5, 0x10, 0xe5, 0x10, 0xe5, 0x10, 0xe5, 0x10, 0xe5, 0x10,
    0xc5, 0x08, 0xc5, 0x08, 0xe5, 0x08, 0xe5, 0x08, 0xe5, 0x08, 0xe5, 0x08, 0xe5, 0x08, 0xe5, 0x08, 0xc5, 0x08, 0xc5, 0x08, 0xe5, 0x08, 0xe5, 0x08,
    0xe5, 0x10, 0xe5, 0x10, 0xe5, 0x08, 0xe5, 0x08, 0xe5, 0x10, 0xe5, 0x10, 0xe5, 0x10, 0xe5, 0x10, 0xc5, 0x08, 0xc5, 0x08, 0xe5, 0x08, 0xe5, 0x08,
    0xe5, 0x08, 0xe5, 0x08, 0xe5, 0x08, 0xe5, 0x08, 0xc5, 0x10, 0xc5, 0x10, 0xc5, 0x08, 0xc5, 0x08, 0xc5, 0x08, 0xc5, 0x08, 0xe5, 0x10, 0xe5, 0x10,
    0xc5, 0x10, 0xc5, 0x10, 0xe5, 0x10, 0xe5, 0x10, 0xe5, 0x08, 0xe5, 0x08, 0xe5, 0x10, 0xe5, 0x10, 0xe5, 0x08, 0xe5, 0x08, 0xe5, 0x08, 0xe5, 0x08,
    0xc5, 0x08, 0xc5, 0x08, 0xc5, 0x10, 0xc5, 0x10, 0xc5, 0x08, 0xc5, 0x08, 0xe5, 0x08, 0xe5, 0x08, 0xe5, 0x08, 0xe5, 0x08, 0xc5, 0x08, 0xc5, 0x08,
    0xe5, 0x08, 0xe5, 0x08, 0xc5, 0x08, 0xc5, 0x08, 0xe5, 0x10, 0xe5, 0x10, 0xe5, 0x10, 0xe5, 0x10, 0xc5, 0x08, 0xc5, 0x08, 0xc5, 0x08, 0xc5, 0x08,
    0xc5, 0x08, 0xc5, 0x08, 0xe5, 0x08, 0xe5, 0x08, 0xe5, 0x08, 0xe5, 0x08, 0xe5, 0x08, 0xe5, 0x08, 0xe5, 0x10, 0xe5, 0x10, 0xc5, 0x08, 0xc5, 0x08,
    0xc5, 0x08, 0xc5, 0x08, 0xe5, 0x08, 0xe5, 0x08, 0xc5, 0x08, 0xc5, 0x08, 0xe5, 0x10, 0xe5, 0x10, 0xe5, 0x08, 0xe5, 0x08, 0xe5, 0x08, 0xe5, 0x08,
    0xe5, 0x10, 0xe5, 0x10, 0xe5, 0x08, 0xe5, 0x08, 0xe5, 0x08, 0xe5, 0x08, 0xc5, 0x08, 0xc5, 0x08, 0xc5, 0x08, 0xc5, 0x08, 0xc5, 0x08, 0xc5, 0x08,
    0xc5, 0x08, 0xc5, 0x08, 0xe5, 0x08, 0xe5, 0x08, 0xe5, 0x08, 0xe5, 0x08, 0xc5, 0x08, 0xc5, 0x08, 0xe5, 0x08, 0xe5, 0x08, 0xe5, 0x10, 0xe5, 0x10,
    0xc5, 0x10, 0xc5, 0x10, 0xe5, 0x08, 0xe5, 0x08, 0xe5, 0x08, 0xe5, 0x08, 0xc5, 0x08, 0xc5, 0x08, 0xe5, 0x08, 0xe5, 0x08, 0xe5, 0x08, 0xe5, 0x08,
    0xc5, 0x08, 0xc5, 0x08, 0xc5, 0x08, 0xc5, 0x08, 0xe5, 0x08, 0xe5, 0x08, 0xc5, 0x08, 0xc5, 0x08, 0xe5, 0x10, 0xe5, 0x10, 0xe5, 0x10, 0xe5, 0x10,
    0xc5, 0x10, 0xc5, 0x10, 0xc5, 0x08, 0xc5, 0x08, 0xc5, 0x08, 0xc5, 0x08, 0xe5, 0x08, 0xe5, 0x08, 0xe5, 0x08, 0xe5, 0x08, 0xe5, 0x10, 0xe5, 0x10,
    0xe5, 0x08, 0xe5, 0x08, 0xe5, 0x10, 0xe5, 0x10, 0xe5, 0x08, 0xe5, 0x08, 0xc5, 0x08, 0xc5, 0x08, 0xe5, 0x10, 0xe5, 0x10, 0xe5, 0x08, 0xe5, 0x08,
    0xe5, 0x08, 0xe5, 0x08, 0xc5, 0x10, 0xc5, 0x10, 0xc5, 0x08, 0xc5, 0x08, 0xe5, 0x10, 0xe5, 0x10, 0xe5, 0x08, 0xe5, 0x08, 0xc5, 0x08, 0xc5, 0x08,
    0xc5, 0x08, 0xc5, 0x08, 0xe5, 0x10, 0xe5, 0x10, 0xe5, 0x08, 0xe5, 0x08, 0xe5, 0x08, 0xe5, 0x08, 0xc5, 0x08, 0xc5, 0x08, 0xe5, 0x08, 0xe5, 0x08,
    0xe5, 0x10, 0xe5, 0x10, 0xc5, 0x08, 0xc5, 0x08, 0xe5, 0x08, 0xe5, 0x08, 0xe5, 0x08, 0xe5, 0x08, 0xe5, 0x08, 0xe5, 0x08, 0xe5, 0x08, 0xe5, 0x08,
    0xc5, 0x08, 0xc5, 0x08, 0xe5, 0x10, 0xe5, 0x10, 0xe5, 0x10, 0xe5, 0x10, 0xe5, 0x10, 0xe5, 0x10, 0xe5, 0x10, 0xe5, 0x10, 0xe5, 0x08, 0xe5, 0x08,
    0xc5, 0x08, 0xc5, 0x08, 0xc5, 0x08, 0xc5, 0x08, 0xe5, 0x08, 0xe5, 0x08, 0xe5, 0x10, 0xe5, 0x10, 0xc5, 0x08, 0xc5, 0x08, 0xc5, 0x08, 0xc5, 0x08,
    0xc5, 0x08, 0xc5, 0x08, 0xc5, 0x08, 0xc5, 0x08, 0xe5, 0x08, 0xe5, 0x08, 0xe5, 0x10, 0xe5, 0x10, 0xc5, 0x10, 0xc5, 0x10, 0xe5, 0x08, 0xe5, 0x08,
    0xe5, 0x08, 0xe5, 0x08, 0xe5, 0x08, 0xe5, 0x08, 0xc5, 0x10, 0xc5, 0x10, 0xc5, 0x08, 0xc5, 0x08, 0xc5, 0x08, 0xc5, 0x08, 0xe5, 0x10, 0xe5, 0x10,
    0xc5, 0x10, 0xc5, 0x10, 0xe5, 0x10, 0xe5, 0x10, 0xe5, 0x08, 0xe5, 0x08, 0xe5, 0x10, 0xe5, 0x10, 0xe5, 0x08, 0xe5, 0x08, 0xe5, 0x08, 0xe5, 0x08,
    0xc5, 0x08, 0xc5, 0x08, 0xc5, 0x10, 0xc5, 0x10, 0xc5, 0x08, 0xc5, 0x08, 0xe5, 0x08, 0xe5, 0x08, 0xe5, 0x08, 0xe5, 0x08, 0xc5, 0x08, 0xc5, 0x08,
    0xe5, 0x08, 0xe5, 0x08, 0xc5, 0x08, 0xc5, 0x08, 0xe5, 0x10, 0xe5, 0x10, 0xe5, 0x10, 0xe5, 0x10, 0xc5, 0x08, 0xc5, 0x08, 0xc5, 0x08, 0xc5, 0x08,
    0xc5, 0x08, 0xc5, 0x08, 0xe5, 0x08, 0xe5, 0x08, 0xe5, 0x08, 0xe5, 0x08, 0xe5, 0x08, 0xe5, 0x08, 0xe5, 0x10, 0xe5, 0x10, 0xc5, 0x08, 0xc5, 0x08,
    0xc5, 0x08, 0xc5, 0x08, 0xe5, 0x08, 0xe5, 0x08, 0xc5, 0x08, 0xc5, 0x08, 0xe5, 0x10, 0xe5, 0x10, 0xe5, 0x08, 0xe5, 0x08, 0xe5, 0x08, 0xe5, 0x08,
    0xe5, 0x10, 0xe5, 0x10, 0xe5, 0x08, 0xe5, 0x08, 0xe5, 0x08, 0xe5, 0x08, 0xc5, 0x08, 0xc5, 0x08, 0xc5, 0x08, 0xc5, 0x08, 0xc5, 0x08, 0xc5, 0x08,
    0xc5, 0x08, 0xc5, 0x08, 0xe5, 0x08, 0xe5, 0x08, 0xe5, 0x08, 0xe5, 0x08, 0xc5, 0x08, 0xc5, 0x08, 0xe5, 0x08, 0xe5, 0x08, 0xe5, 0x10, 0xe5, 0x10,
    0xc5, 0x10, 0xc5, 0x10, 0xe5, 0x08, 0xe5, 0x08, 0xe5, 0x08, 0xe5, 0x08, 0xc5, 0x08, 0xc5, 0x08, 0xe5, 0x08, 0xe5, 0x08, 0xe5, 0x08, 0xe5, 0x08,
    0xc5, 0x08, 0xc5, 0x08, 0xc5, 0x08, 0xc5, 0x08, 0xe5, 0x08, 0xe5, 0x08, 0xc5, 0x08, 0xc5, 0x08, 0xe5, 0x10, 0xe5, 0x10, 0xe5, 0x10, 0xe5, 0x10,
    0xc5, 0x10, 0xc5, 0x10, 0xc5, 0x08, 0xc5, 0x08, 0xc5, 0x08, 0xc5, 0x08, 0xe5, 0x08, 0xe5, 0x08, 0xe5, 0x08, 0xe5, 0x08, 0xe5, 0x10, 0xe5, 0x10,
    0xe5, 0x08, 0xe5, 0x08, 0xe5, 0x10, 0xe5, 0x10, 0xe5, 0x08, 0xe5, 0x08, 0xc5, 0x08, 0xc5, 0x08, 0xe5, 0x10, 0xe5, 0x10, 0xe5, 0x08, 0xe5, 0x08,
    0xe5, 0x08, 0xe5, 0x08, 0xc5, 0x10, 0xc5, 0x10, 0xc5, 0x08, 0xc5, 0x08, 0xe5, 0x10, 0xe5, 0x10, 0xe5, 0x08, 0xe5, 0x08, 0xc5, 0x08, 0xc5, 0x08,
    0xc5, 0x08, 0xc5, 0x08, 0xe5, 0x10, 0xe5, 0x10, 0xe5, 0x08, 0xe5, 0x08, 0xe5, 0x08, 0xe5, 0x08, 0xc5, 0x08, 0xc5, 0x08, 0xe5, 0x08, 0xe5, 0x08,
    0xe5, 0x10, 0xe5, 0x10, 0xc5, 0x08, 0xc5, 0x08, 0xe5, 0x08, 0xe5, 0x08, 0xe5, 0x08, 0xe5, 0x08, 0xe5, 0x08, 0xe5, 0x08, 0xe5, 0x08, 0xe5, 0x08,
    0xc5, 0x08, 0xc5, 0x08, 0xe5, 0x10, 0xe5, 0x10, 0xe5, 0x10, 0xe5, 0x10, 0xe5, 0x10, 0xe5, 0x10, 0xe5, 0x10, 0xe5, 0x10, 0xe5, 0x08, 0xe5, 0x08,
    0xc5, 0x08, 0xc5, 0x08, 0xc5, 0x08, 0xc5, 0x08, 0xe5, 0x08, 0xe5, 0x08, 0xe5, 0x10, 0xe5, 0x10, 0xc5, 0x08, 0xc5, 0x08, 0xc5, 0x08, 0xc5, 0x08,
    0xc5, 0x08, 0xc5, 0x08, 0xc5, 0x08, 0xc5, 0x08, 0xe5, 0x08, 0xe5, 0x08, 0xe5, 0x10, 0xe5, 0x10, 0xc5, 0x10, 0xc5, 0x10, 0xe5, 0x08, 0xe5, 0x08,
    0xe5, 0x08, 0xe5, 0x08, 0xc5, 0x08, 0xc5, 0x08, 0xe5, 0x10, 0xe5, 0x10, 0xc5, 0x08, 0xc5, 0x08, 0xc5, 0x08, 0xc5, 0x08, 0xe5, 0x08, 0xe5, 0x08,
    0xc5, 0x08, 0xc5, 0x08, 0xe5, 0x08, 0xe5, 0x08, 0xe5, 0x08, 0xe5, 0x08, 0xc5, 0x08, 0xc5, 0x08, 0xe5, 0x08, 0xe5, 0x08, 0xc5, 0x08, 0xc5, 0x08,
    0xc5, 0x08, 0xc5, 0x08, 0xc5, 0x08, 0xc5, 0x08, 0xc5, 0x08, 0xc5, 0x08, 0xc5, 0x08, 0xc5, 0x08, 0xc5, 0x08, 0xc5, 0x08, 0xc5, 0x08, 0xc5, 0x08,
    0xe5, 0x08, 0xe5, 0x08, 0xe5, 0x10, 0xe5, 0x10, 0xe5, 0x08, 0xe5, 0x08, 0xc5, 0x08, 0xc5, 0x08, 0xc5, 0x08, 0xc5, 0x08, 0xc5, 0x08, 0xc5, 0x08,
    0xe5, 0x08, 0xe5, 0x08, 0xc5, 0x08, 0xc5, 0x08, 0xe5, 0x08, 0xe5, 0x08, 0xc5, 0x08, 0xc5, 0x08, 0xe5, 0x08, 0xe5, 0x08, 0xc5, 0x08, 0xc5, 0x08,
    0xc5, 0x08, 0xc5, 0x08, 0xe5, 0x08, 0xe5, 0x08, 0xe5, 0x08, 0xe5, 0x08, 0xe5, 0x08, 0xe5, 0x08, 0xc5, 0x08, 0xc5, 0x08, 0xe5, 0x08, 0xe5, 0x08,
    0xe5, 0x10, 0xe5, 0x10, 0xe5, 0x08, 0xe5, 0x08, 0xe5, 0x08, 0xe5, 0x08, 0xe5, 0x08, 0xe5, 0x08, 0xe5, 0x08, 0xe5, 0x08, 0xc5, 0x08, 0xc5, 0x08,
    0xe5, 0x08, 0xe5, 0x08, 0xe5, 0x08, 0xe5, 0x08, 0xc5, 0x08, 0xc5, 0x08, 0xe5, 0x08, 0xe5, 0x08, 0xc5, 0x10, 0xc5, 0x10, 0xc5, 0x08, 0xc5, 0x08,
    0xe5, 0x08, 0xe5, 0x08, 0xe5, 0x08, 0xe5, 0x08, 0xc5, 0x08, 0xc5, 0x08, 0xe5, 0x08, 0xe5, 0x08, 0xc5, 0x08, 0xc5, 0x08, 0xe5, 0x08, 0xe5, 0x08,
    0xc5, 0x08, 0xc5, 0x08, 0xe5, 0x08, 0xe5, 0x08, 0xe5, 0x08, 0xe5, 0x08, 0xc5, 0x08, 0xc5, 0x08, 0xe5, 0x10, 0xe5, 0x10, 0xe5, 0x08, 0xe5, 0x08,
    0xe5, 0x08, 0xe5, 0x08, 0xc5, 0x08, 0xc5, 0x08, 0xc5, 0x08, 0xc5, 0x08, 0xc5, 0x08, 0xc5, 0x08, 0xc5, 0x08, 0xc5, 0x08, 0xe5, 0x10, 0xe5, 0x10,
    0xc5, 0x08, 0xc5, 0x08, 0xe5, 0x08, 0xe5, 0x08, 0xe5, 0x08, 0xe5, 0x08, 0xc5, 0x08, 0xc5, 0x08, 0xe5, 0x08, 0xe5, 0x08, 0xe5, 0x08, 0xe5, 0x08,
    0xc5, 0x08, 0xc5, 0x08, 0xc5, 0x08, 0xc5, 0x08, 0xc5, 0x08, 0xc5, 0x08, 0xc5, 0x08, 0xc5, 0x08, 0xc5, 0x10, 0xc5, 0x10, 0xe5, 0x08, 0xe5, 0x08,
    0xe5, 0x08, 0xe5, 0x08, 0xe5, 0x08, 0xe5, 0x08, 0xe5, 0x08, 0xe5, 0x08, 0xe5, 0x10, 0xe5, 0x10, 0xc5, 0x10, 0xc5, 0x10, 0xe5, 0x10, 0xe5, 0x10,
    0xe5, 0x08, 0xe5, 0x08, 0xc5, 0x08, 0xc5, 0x08, 0xc5, 0x08, 0xc5, 0x08, 0xc5, 0x08, 0xc5, 0x08, 0xe5, 0x08, 0xe5, 0x08, 0xe5, 0x08, 0xe5, 0x08,
    0xc5, 0x08, 0xc5, 0x08, 0xc5, 0x08, 0xc5, 0x08, 0xe5, 0x08, 0xe5, 0x08, 0xc5, 0x08, 0xc5, 0x08, 0xe5, 0x08, 0xe5, 0x08, 0xc5, 0x08, 0xc5, 0x08,
    0xe5, 0x08, 0xe5, 0x08, 0xe5, 0x08, 0xe5, 0x08, 0xc5, 0x08, 0xc5, 0x08, 0xe5, 0x08, 0xe5, 0x08, 0xe5, 0x08, 0xe5, 0x08, 0xe5, 0x08, 0xe5, 0x08,
    0xe5, 0x08, 0xe5, 0x08, 0xe5, 0x08, 0xe5, 0x08, 0xe5, 0x08, 0xe5, 0x08, 0xe5, 0x08, 0xe5, 0x08, 0xc5, 0x08, 0xc5, 0x08, 0xc5, 0x08, 0xc5, 0x08,
    0xe5, 0x08, 0xe5, 0x08, 0xc5, 0x08, 0xc5, 0x08, 0xe5, 0x10, 0xe5, 0x10, 0xc5, 0x08, 0xc5, 0x08, 0xc5, 0x08, 0xc5, 0x08, 0xe5, 0x08, 0xe5, 0x08,
    0xc5, 0x08, 0xc5, 0x08, 0xe5, 0x08, 0xe5, 0x08, 0xe5, 0x08, 0xe5, 0x08, 0xc5, 0x08, 0xc5, 0x08, 0xe5, 0x08, 0xe5, 0x08, 0xc5, 0x08, 0xc5, 0x08,
    0xc5, 0x08, 0xc5, 0x08, 0xc5, 0x08, 0xc5, 0x08, 0xc5, 0x08, 0xc5, 0x08, 0xc5, 0x08, 0xc5, 0x08, 0xc5, 0x08, 0xc5, 0x08, 0xc5, 0x08, 0xc5, 0x08,
    0xe5, 0x08, 0xe5, 0x08, 0xe5, 0x10, 0xe5, 0x10, 0xe5, 0x08, 0xe5, 0x08, 0xc5, 0x08, 0xc5, 0x08, 0xc5, 0x08, 0xc5, 0x08, 0xc5, 0x08, 0xc5, 0x08,
    0xe5, 0x08, 0xe5, 0x08, 0xc5, 0x08, 0xc5, 0x08, 0xe5, 0x08, 0xe5, 0x08, 0xc5, 0x08, 0xc5, 0x08, 0xe5, 0x08, 0xe5, 0x08, 0xc5, 0x08, 0xc5, 0x08,
    0xc5, 0x08, 0xc5, 0x08, 0xe5, 0x08, 0xe5, 0x08, 0xe5, 0x08, 0xe5, 0x08, 0xe5, 0x08, 0xe5, 0x08, 0xc5, 0x08, 0xc5, 0x08, 0xe5, 0x08, 0xe5, 0x08,
    0xe5, 0x10, 0xe5, 0x10, 0xe5, 0x08, 0xe5, 0x08, 0xe5, 0x08, 0xe5, 0x08, 0xe5, 0x08, 0xe5, 0x08, 0xe5, 0x08, 0xe5, 0x08, 0xc5, 0x08, 0xc5, 0x08,
    0xe5, 0x08, 0xe5, 0x08, 0xe5, 0x08, 0xe5, 0x08, 0xc5, 0x08, 0xc5, 0x08, 0xe5, 0x08, 0xe5, 0x08, 0xc5, 0x10, 0xc5, 0x10, 0xc5, 0x08, 0xc5, 0x08,
    0xe5, 0x08, 0xe5, 0x08, 0xe5, 0x08, 0xe5, 0x08, 0xc5, 0x08, 0xc5, 0x08, 0xe5, 0x08, 0xe5, 0x08, 0xc5, 0x08, 0xc5, 0x08, 0xe5, 0x08, 0xe5, 0x08,
    0xc5, 0x08, 0xc5, 0x08, 0xe5, 0x08, 0xe5, 0x08, 0xe5, 0x08, 0xe5, 0x08, 0xc5, 0x08, 0xc5, 0x08, 0xe5, 0x10, 0xe5, 0x10, 0xe5, 0x08, 0xe5, 0x08,
    0xe5, 0x08, 0xe5, 0x08, 0xc5, 0x08, 0xc5, 0x08, 0xc5, 0x08, 0xc5, 0x08, 0xc5, 0x08, 0xc5, 0x08, 0xc5, 0x08, 0xc5, 0x08, 0xe5, 0x10, 0xe5, 0x10,
    0xc5, 0x08, 0xc5, 0x08, 0xe5, 0x08, 0xe5, 0x08, 0xe5, 0x08, 0xe5, 0x08, 0xc5, 0x08, 0xc5, 0x08, 0xe5, 0x08, 0xe5, 0x08, 0xe5, 0x08, 0xe5, 0x08,
    0xc5, 0x08, 0xc5, 0x08, 0xc5, 0x08, 0xc5, 0x08, 0xc5, 0x08, 0xc5, 0x08, 0xc5, 0x08, 0xc5, 0x08, 0xc5, 0x10, 0xc5, 0x10, 0xe5, 0x08, 0xe5, 0x08,
    0xe5, 0x08, 0xe5, 0x08, 0xe5, 0x08, 0xe5, 0x08, 0xe5, 0x08, 0xe5, 0x08, 0xe5, 0x10, 0xe5, 0x10, 0xc5, 0x10, 0xc5, 0x10, 0xe5, 0x10, 0xe5, 0x10,
    0xe5, 0x08, 0xe5, 0x08, 0xc5, 0x08, 0xc5, 0x08, 0xc5, 0x08, 0xc5, 0x08, 0xc5, 0x08, 0xc5, 0x08, 0xe5, 0x08, 0xe5, 0x08, 0xe5, 0x08, 0xe5, 0x08,
    0xc5, 0x08, 0xc5, 0x08, 0xc5, 0x08, 0xc5, 0x08, 0xe5, 0x08, 0xe5, 0x08, 0xc5, 0x08, 0xc5, 0x08, 0xe5, 0x08, 0xe5, 0x08, 0xc5, 0x08, 0xc5, 0x08,
    0xe5, 0x08, 0xe5, 0x08, 0xe5, 0x08, 0xe5, 0x08, 0xc5, 0x08, 0xc5, 0x08, 0xe5, 0x08, 0xe5, 0x08, 0xe5, 0x08, 0xe5, 0x08, 0xe5, 0x08, 0xe5, 0x08,
    0xe5, 0x08, 0xe5, 0x08, 0xe5, 0x08, 0xe5, 0x08, 0xe5, 0x08, 0xe5, 0x08, 0xe5, 0x08, 0xe5, 0x08, 0xc5, 0x08, 0xc5, 0x08, 0xc5, 0x08, 0xc5, 0x08,
    0xe5, 0x08, 0xe5, 0x08, 0xc5, 0x08, 0xc5, 0x08, 0xc5, 0x08, 0xc5, 0x08, 0xc5, 0x08, 0xc5, 0x08, 0xe5, 0x08, 0xe5, 0x08, 0xc5, 0x08, 0xc5, 0x08,
    0xc5, 0x08, 0xc5, 0x08, 0xe5, 0x08, 0xe5, 0x08, 0xe5, 0x08, 0xe5, 0x08, 0xe5, 0x08, 0xe5, 0x08, 0xc5, 0x08, 0xc5, 0x08, 0xc5, 0x08, 0xc5, 0x08,
    0xe5, 0x08, 0xe5, 0x08, 0xe5, 0x08, 0xe5, 0x08, 0xe5, 0x08, 0xe5, 0x08, 0xe5, 0x08, 0xe5, 0x08, 0xc5, 0x08, 0xc5, 0x08, 0xe5, 0x08, 0xe5, 0x08,
    0xe5, 0x08, 0xe5, 0x08, 0xe5, 0x08, 0xe5, 0x08, 0xc5, 0x08, 0xc5, 0x08, 0xc5, 0x08, 0xc5, 0x08, 0xe5, 0x08, 0xe5, 0x08, 0xe5, 0x08, 0xe5, 0x08,
    0xe5, 0x08, 0xe5, 0x08, 0xc5, 0x08, 0xc5, 0x08, 0xc5, 0x08, 0xc5, 0x08, 0xe5, 0x08, 0xe5, 0x08, 0xc5, 0x08, 0xc5, 0x08, 0xe5, 0x08, 0xe5, 0x08,
    0xe5, 0x10, 0xe5, 0x10, 0xe5, 0x08, 0xe5, 0x08, 0xe5, 0x08, 0xe5, 0x08, 0xc5, 0x08, 0xc5, 0x08, 0xc5, 0x08, 0xc5, 0x08, 0xe5, 0x08, 0xe5, 0x08,
    0xe5, 0x10, 0xe5, 0x10, 0xe5, 0x08, 0xe5, 0x08, 0xe5, 0x08, 0xe5, 0x08, 0xe5, 0x08, 0xe5, 0x08, 0xe5, 0x08, 0xe5, 0x08, 0xe5, 0x08, 0xe5, 0x08,
    0xc5, 0x08, 0xc5, 0x08, 0xe5, 0x08, 0xe5, 0x08, 0xc5, 0x10, 0xc5, 0x10, 0xc5, 0x10, 0xc5, 0x10, 0xc5, 0x08, 0xc5, 0x08, 0xe5, 0x08, 0xe5, 0x08,
    0xe5, 0x08, 0xe5, 0x08, 0xe5, 0x08, 0xe5, 0x08, 0xe5, 0x10, 0xe5, 0x10, 0xe5, 0x10, 0xe5, 0x10, 0xe5, 0x08, 0xe5, 0x08, 0xe5, 0x08, 0xe5, 0x08,
    0xe5, 0x10, 0xe5, 0x10, 0xc5, 0x08, 0xc5, 0x08, 0xe5, 0x10, 0xe5, 0x10, 0xe6, 0x10, 0xe6, 0x10, 0xe6, 0x10, 0xe6, 0x10, 0xe5, 0x10, 0xe5, 0x10,
    0xc5, 0x10, 0xc5, 0x10, 0xe5, 0x08, 0xe5, 0x08, 0xe5, 0x10, 0xe5, 0x10, 0xe5, 0x08, 0xe5, 0x08, 0xe5, 0x08, 0xe5, 0x08, 0xe5, 0x10, 0xe5, 0x10,
    0xe5, 0x10, 0xe5, 0x10, 0xe5, 0x10, 0xe5, 0x10, 0xe5, 0x10, 0xe5, 0x10, 0xe5, 0x10, 0xe5, 0x10, 0xc5, 0x08, 0xc5, 0x08, 0xc5, 0x10, 0xc5, 0x10,
    0xe5, 0x10, 0xe5, 0x10, 0xc5, 0x08, 0xc5, 0x08, 0xc5, 0x08, 0xc5, 0x08, 0xc5, 0x08, 0xc5, 0x08, 0xe5, 0x08, 0xe5, 0x08, 0xc5, 0x10, 0xc5, 0x10,
    0xe5, 0x10, 0xe5, 0x10, 0xc5, 0x08, 0xc5, 0x08, 0xe5, 0x08, 0xe5, 0x08, 0xe5, 0x08, 0xe5, 0x08, 0xe5, 0x10, 0xe5, 0x10, 0xe5, 0x08, 0xe5, 0x08,
    0xe5, 0x08, 0xe5, 0x08, 0xc5, 0x08, 0xc5, 0x08, 0xe5, 0x08, 0xe5, 0x08, 0xe5, 0x08, 0xe5, 0x08, 0xc5, 0x08, 0xc5, 0x08, 0xe5, 0x08, 0xe5, 0x08,
    0xe5, 0x10, 0xe5, 0x10, 0xe5, 0x08, 0xe5, 0x08, 0xc5, 0x08, 0xc5, 0x08, 0xe5, 0x08, 0xe5, 0x08, 0xc5, 0x08, 0xc5, 0x08, 0xc5, 0x08, 0xc5, 0x08,
    0xe5, 0x08, 0xe5, 0x08, 0xe5, 0x08, 0xe5, 0x08, 0xc5, 0x10, 0xc5, 0x10, 0xe5, 0x10, 0xe5, 0x10, 0xc5, 0x08, 0xc5, 0x08, 0xc5, 0x08, 0xc5, 0x08,
    0xe5, 0x08, 0xe5, 0x08, 0xe5, 0x10, 0xe5, 0x10, 0xe5, 0x10, 0xe5, 0x10, 0xe5, 0x08, 0xe5, 0x08, 0xc5, 0x08, 0xc5, 0x08, 0xc5, 0x08, 0xc5, 0x08,
    0xe5, 0x08, 0xe5, 0x08, 0xc5, 0x08, 0xc5, 0x08, 0xc5, 0x08, 0xc5, 0x08, 0xc5, 0x08, 0xc5, 0x08, 0xe5, 0x08, 0xe5, 0x08, 0xc5, 0x08, 0xc5, 0x08,
    0xc5, 0x08, 0xc5, 0x08, 0xe5, 0x08, 0xe5, 0x08, 0xe5, 0x08, 0xe5, 0x08, 0xe5, 0x08, 0xe5, 0x08, 0xc5, 0x08, 0xc5, 0x08, 0xc5, 0x08, 0xc5, 0x08,
    0xe5, 0x08, 0xe5, 0x08, 0xe5, 0x08, 0xe5, 0x08, 0xe5, 0x08, 0xe5, 0x08, 0xe5, 0x08, 0xe5, 0x08, 0xc5, 0x08, 0xc5, 0x08, 0xe5, 0x08, 0xe5, 0x08,
    0xe5, 0x08, 0xe5, 0x08, 0xe5, 0x08, 0xe5, 0x08, 0xc5, 0x08, 0xc5, 0x08, 0xc5, 0x08, 0xc5, 0x08, 0xe5, 0x08, 0xe5, 0x08, 0xe5, 0x08, 0xe5, 0x08,
    0xe5, 0x08, 0xe5, 0x08, 0xc5, 0x08, 0xc5, 0x08, 0xc5, 0x08, 0xc5, 0x08, 0xe5, 0x08, 0xe5, 0x08, 0xc5, 0x08, 0xc5, 0x08, 0xe5, 0x08, 0xe5, 0x08,
    0xe5, 0x10, 0xe5, 0x10, 0xe5, 0x08, 0xe5, 0x08, 0xe5, 0x08, 0xe5, 0x08, 0xc5, 0x08, 0xc5, 0x08, 0xc5, 0x08, 0xc5, 0x08, 0xe5, 0x08, 0xe5, 0x08,
    0xe5, 0x10, 0xe5, 0x10, 0xe5, 0x08, 0xe5, 0x08, 0xe5, 0x08, 0xe5, 0x08, 0xe5, 0x08, 0xe5, 0x08, 0xe5, 0x08, 0xe5, 0x08, 0xe5, 0x08, 0xe5, 0x08,
    0xc5, 0x08, 0xc5, 0x08, 0xe5, 0x08, 0xe5, 0x08, 0xc5, 0x10, 0xc5, 0x10, 0xc5, 0x10, 0xc5, 0x10, 0xc5, 0x08, 0xc5, 0x08, 0xe5, 0x08, 0xe5, 0x08,
    0xe5, 0x08, 0xe5, 0x08, 0xe5, 0x08, 0xe5, 0x08, 0xe5, 0x10, 0xe5, 0x10, 0xe5, 0x10, 0xe5, 0x10, 0xe5, 0x08, 0xe5, 0x08, 0xe5, 0x08, 0xe5, 0x08,
    0xe5, 0x10, 0xe5, 0x10, 0xc5, 0x08, 0xc5, 0x08, 0xe5, 0x10, 0xe5, 0x10, 0xe6, 0x10, 0xe6, 0x10, 0xe6, 0x10, 0xe6, 0x10, 0xe5, 0x10, 0xe5, 0x10,
    0xc5, 0x10, 0xc5, 0x10, 0xe5, 0x08, 0xe5, 0x08, 0xe5, 0x10, 0xe5, 0x10, 0xe5, 0x08, 0xe5, 0x08, 0xe5, 0x08, 0xe5, 0x08, 0xe5, 0x10, 0xe5, 0x10,
    0xe5, 0x10, 0xe5, 0x10, 0xe5, 0x10, 0xe5, 0x10, 0xe5, 0x10, 0xe5, 0x10, 0xe5, 0x10, 0xe5, 0x10, 0xc5, 0x08, 0xc5, 0x08, 0xc5, 0x10, 0xc5, 0x10,
    0xe5, 0x10, 0xe5, 0x10, 0xc5, 0x08, 0xc5, 0x08, 0xc5, 0x08, 0xc5, 0x08, 0xc5, 0x08, 0xc5, 0x08, 0xe5, 0x08, 0xe5, 0x08, 0xc5, 0x10, 0xc5, 0x10,
    0xe5, 0x10, 0xe5, 0x10, 0xc5, 0x08, 0xc5, 0x08, 0xe5, 0x08, 0xe5, 0x08, 0xe5, 0x08, 0xe5, 0x08, 0xe5, 0x10, 0xe5, 0x10, 0xe5, 0x08, 0xe5, 0x08,
    0xe5, 0x08, 0xe5, 0x08, 0xc5, 0x08, 0xc5, 0x08, 0xe5, 0x08, 0xe5, 0x08, 0xe5, 0x08, 0xe5, 0x08, 0xc5, 0x08, 0xc5, 0x08, 0xe5, 0x08, 0xe5, 0x08,
    0xe5, 0x10, 0xe5, 0x10, 0xe5, 0x08, 0xe5, 0x08, 0xc5, 0x08, 0xc5, 0x08, 0xe5, 0x08, 0xe5, 0x08, 0xc5, 0x08, 0xc5, 0x08, 0xc5, 0x08, 0xc5, 0x08,
    0xe5, 0x08, 0xe5, 0x08, 0xe5, 0x08, 0xe5, 0x08, 0xc5, 0x10, 0xc5, 0x10, 0xe5, 0x10, 0xe5, 0x10, 0xc5, 0x08, 0xc5, 0x08, 0xc5, 0x08, 0xc5, 0x08,
    0xe5, 0x08, 0xe5, 0x08, 0xe5, 0x10, 0xe5, 0x10, 0xe5, 0x10, 0xe5, 0x10, 0xe5, 0x08, 0xe5, 0x08, 0xc5, 0x08, 0xc5, 0x08, 0xc5, 0x08, 0xc5, 0x08,
    0xe5, 0x10, 0xe5, 0x10, 0xc5, 0x08, 0xc5, 0x08, 0xe5, 0x08, 0xe5, 0x08, 0xe5, 0x10, 0xe5, 0x10, 0xc5, 0x08, 0xc5, 0x08, 0xe5, 0x08, 0xe5, 0x08,
    0xe5, 0x08, 0xe5, 0x08, 0xe5, 0x08, 0xe5, 0x08, 0xc5, 0x08, 0xc5, 0x08, 0xe5, 0x10, 0xe5, 0x10, 0xe5, 0x08, 0xe5, 0x08, 0xe5, 0x08, 0xe5, 0x08,
    0xc5, 0x08, 0xc5, 0x08, 0xc5, 0x08, 0xc5, 0x08, 0xc5, 0x08, 0xc5, 0x08, 0xc5, 0x08, 0xc5, 0x08, 0xe5, 0x08, 0xe5, 0x08, 0xc5, 0x08, 0xc5, 0x08,
    0xc5, 0x08, 0xc5, 0x08, 0xc5, 0x08, 0xc5, 0x08, 0xe5, 0x10, 0xe5, 0x10, 0xc5, 0x08, 0xc5, 0x08, 0xe5, 0x08, 0xe5, 0x08, 0xe5, 0x08, 0xe5, 0x08,
    0xe5, 0x08, 0xe5, 0x08, 0xe5, 0x08, 0xe5, 0x08, 0xe5, 0x10, 0xe5, 0x10, 0xe5, 0x08, 0xe5, 0x08, 0xc5, 0x08, 0xc5, 0x08, 0xe5, 0x10, 0xe5, 0x10,
    0xe5, 0x08, 0xe5, 0x08, 0xe5, 0x08, 0xe5, 0x08, 0xe5, 0x08, 0xe5, 0x08, 0xe5, 0x08, 0xe5, 0x08, 0xe5, 0x08, 0xe5, 0x08, 0xc5, 0x08, 0xc5, 0x08,
    0xe5, 0x08, 0xe5, 0x08, 0xe5, 0x08, 0xe5, 0x08, 0xe5, 0x08, 0xe5, 0x08, 0xe5, 0x08, 0xe5, 0x08, 0xe5, 0x10, 0xe5, 0x10, 0xe5, 0x10, 0xe5, 0x10,
    0xc5, 0x08, 0xc5, 0x08, 0xc5, 0x08, 0xc5, 0x08, 0xc5, 0x08, 0xc5, 0x08, 0xe5, 0x10, 0xe5, 0x10, 0xc5, 0x08, 0xc5, 0x08, 0xe5, 0x10, 0xe5, 0x10,
    0x06, 0x11, 0x06, 0x11, 0x73, 0x84, 0x73, 0x84, 0x1c, 0xe7, 0x1c, 0xe7, 0xfc, 0xe6, 0xfc, 0xe6, 0x7d, 0xf7, 0x7d, 0xf7, 0x5d, 0xef, 0x5d, 0xef,
    0x5c, 0xef, 0x5c, 0xef, 0x7d, 0xef, 0x7d, 0xef, 0x7d, 0xf7, 0x7d, 0xf7, 0x5c, 0xef, 0x5c, 0xef, 0x7d, 0xf7, 0x7d, 0xf7, 0x7d, 0xef, 0x7d, 0xef,
    0x5c, 0xef, 0x5c, 0xef, 0x5d, 0xef, 0x5d, 0xef, 0x5d, 0xef, 0x5d, 0xef, 0x1c, 0xe7, 0x1c, 0xe7, 0x7d, 0xf7, 0x7d, 0xf7, 0x3c, 0xef, 0x3c, 0xef,
    0x7d, 0xef, 0x7d, 0xef, 0x39, 0xc6, 0x39, 0xc6, 0xb8, 0xb5, 0xb8, 0xb5, 0x94, 0x8c, 0x94, 0x8c, 0xd5, 0x94, 0xd5, 0x94, 0xb4, 0x8c, 0xb4, 0x8c,
    0xf5, 0x94, 0xf5, 0x94, 0xf6, 0x9c, 0xf6, 0x9c, 0x16, 0x9d, 0x16, 0x9d, 0xb1, 0x73, 0xb1, 0x73, 0xe6, 0x10, 0xe6, 0x10, 0xe5, 0x10, 0xe5, 0x10,
    0xe5, 0x10, 0xe5, 0x10, 0xe5, 0x10, 0xe5, 0x10, 0xc5, 0x10, 0xc5, 0x10, 0xe5, 0x10, 0xe5, 0x10, 0xe5, 0x08, 0xe5, 0x08, 0xe5, 0x08, 0xe5, 0x08,
    0xe5, 0x10, 0xe5, 0x10, 0xe5, 0x10, 0xe5, 0x10, 0xc5, 0x08, 0xc5, 0x08, 0xc5, 0x08, 0xc5, 0x08, 0xe5, 0x08, 0xe5, 0x08, 0xe5, 0x08, 0xe5, 0x08,
    0xe5, 0x10, 0xe5, 0x10, 0xe5, 0x08, 0xe5, 0x08, 0xc5, 0x08, 0xc5, 0x08, 0xe5, 0x08, 0xe5, 0x08, 0xc5, 0x08, 0xc5, 0x08, 0xe5, 0x10, 0xe5, 0x10,
    0xe5, 0x10, 0xe5, 0x10, 0xc5, 0x08, 0xc5, 0x08, 0xe5, 0x08, 0xe5, 0x08, 0xe5, 0x08, 0xe5, 0x08, 0xc5, 0x08, 0xc5, 0x08, 0xe5, 0x10, 0xe5, 0x10,
    0xe5, 0x08, 0xe5, 0x08, 0xe5, 0x10, 0xe5, 0x10, 0xc5, 0x08, 0xc5, 0x08, 0xe5, 0x10, 0xe5, 0x10, 0xc5, 0x08, 0xc5, 0x08, 0xc5, 0x08, 0xc5, 0x08,
    0xe5, 0x10, 0xe5, 0x10, 0xc5, 0x08, 0xc5, 0x08, 0xe5, 0x08, 0xe5, 0x08, 0xe5, 0x10, 0xe5, 0x10, 0xc5, 0x08, 0xc5, 0x08, 0xe5, 0x08, 0xe5, 0x08,
    0xe5, 0x08, 0xe5, 0x08, 0xe5, 0x08, 0xe5, 0x08, 0xc5, 0x08, 0xc5, 0x08, 0xe5, 0x10, 0xe5, 0x10, 0xe5, 0x08, 0xe5, 0x08, 0xe5, 0x08, 0xe5, 0x08,
    0xc5, 0x08, 0xc5, 0x08, 0xc5, 0x08, 0xc5, 0x08, 0xc5, 0x08, 0xc5, 0x08, 0xc5, 0x08, 0xc5, 0x08, 0xe5, 0x08, 0xe5, 0x08, 0xc5, 0x08, 0xc5, 0x08,
    0xc5, 0x08, 0xc5, 0x08, 0xc5, 0x08, 0xc5, 0x08, 0xe5, 0x10, 0xe5, 0x10, 0xc5, 0x08, 0xc5, 0x08, 0xe5, 0x08, 0xe5, 0x08, 0xe5, 0x08, 0xe5, 0x08,
    0xe5, 0x08, 0xe5, 0x08, 0xe5, 0x08, 0xe5, 0x08, 0xe5, 0x10, 0xe5, 0x10, 0xe5, 0x08, 0xe5, 0x08, 0xc5, 0x08, 0xc5, 0x08, 0xe5, 0x10, 0xe5, 0x10,
    0xe5, 0x08, 0xe5, 0x08, 0xe5, 0x08, 0xe5, 0x08, 0xe5, 0x08, 0xe5, 0x08, 0xe5, 0x08, 0xe5, 0x08, 0xe5, 0x08, 0xe5, 0x08, 0xc5, 0x08, 0xc5, 0x08,
    0xe5, 0x08, 0xe5, 0x08, 0xe5, 0x08, 0xe5, 0x08, 0xe5, 0x08, 0xe5, 0x08, 0xe5, 0x08, 0xe5, 0x08, 0xe5, 0x10, 0xe5, 0x10, 0xe5, 0x10, 0xe5, 0x10,
    0xc5, 0x08, 0xc5, 0x08, 0xc5, 0x08, 0xc5, 0x08, 0xc5, 0x08, 0xc5, 0x08, 0xe5, 0x10, 0xe5, 0x10, 0xc5, 0x08, 0xc5, 0x08, 0xe5, 0x10, 0xe5, 0x10,
    0x06, 0x11, 0x06, 0x11, 0x73, 0x84, 0x73, 0x84, 0x1c, 0xe7, 0x1c, 0xe7, 0xfc, 0xe6, 0xfc, 0xe6, 0x7d, 0xf7, 0x7d, 0xf7, 0x5d, 0xef, 0x5d, 0xef,
    0x5c, 0xef, 0x5c, 0xef, 0x7d, 0xef, 0x7d, 0xef, 0x7d, 0xf7, 0x7d, 0xf7, 0x5c, 0xef, 0x5c, 0xef, 0x7d, 0xf7, 0x7d, 0xf7, 0x7d, 0xef, 0x7d, 0xef,
    0x5c, 0xef, 0x5c, 0xef, 0x5d, 0xef, 0x5d, 0xef, 0x5d, 0xef, 0x5d, 0xef, 0x1c, 0xe7, 0x1c, 0xe7, 0x7d, 0xf7, 0x7d, 0xf7, 0x3c, 0xef, 0x3c, 0xef,
    0x7d, 0xef, 0x7d, 0xef, 0x39, 0xc6, 0x39, 0xc6, 0xb8, 0xb5, 0xb8, 0xb5, 0x94, 0x8c, 0x94, 0x8c, 0xd5, 0x94, 0xd5, 0x94, 0xb4, 0x8c, 0xb4, 0x8c,
    0xf5, 0x94, 0xf5, 0x94, 0xf6, 0x9c, 0xf6, 0x9c, 0x16, 0x9d, 0x16, 0x9d, 0xb1, 0x73, 0xb1, 0x73, 0xe6, 0x10, 0xe6, 0x10, 0xe5, 0x10, 0xe5, 0x10,
    0xe5, 0x10, 0xe5, 0x10, 0xe5, 0x10, 0xe5, 0x10, 0xc5, 0x10, 0xc5, 0x10, 0xe5, 0x10, 0xe5, 0x10, 0xe5, 0x08, 0xe5, 0x08, 0xe5, 0x08, 0xe5, 0x08,
    0xe5, 0x10, 0xe5, 0x10, 0xe5, 0x10, 0xe5, 0x10, 0xc5, 0x08, 0xc5, 0x08, 0xc5, 0x08, 0xc5, 0x08, 0xe5, 0x08, 0xe5, 0x08, 0xe5, 0x08, 0xe5, 0x08,
    0xe5, 0x10, 0xe5, 0x10, 0xe5, 0x08, 0xe5, 0x08, 0xc5, 0x08, 0xc5, 0x08, 0xe5, 0x08, 0xe5, 0x08, 0xc5, 0x08, 0xc5, 0x08, 0xe5, 0x10, 0xe5, 0x10,
    0xe5, 0x10, 0xe5, 0x10, 0xc5, 0x08, 0xc5, 0x08, 0xe5, 0x08, 0xe5, 0x08, 0xe5, 0x08, 0xe5, 0x08, 0xc5, 0x08, 0xc5, 0x08, 0xe5, 0x10, 0xe5, 0x10,
    0xe5, 0x08, 0xe5, 0x08, 0xe5, 0x10, 0xe5, 0x10, 0xc5, 0x08, 0xc5, 0x08, 0xe5, 0x10, 0xe5, 0x10, 0xc5, 0x08, 0xc5, 0x08, 0xc5, 0x08, 0xc5, 0x08,
    0xc5, 0x08, 0xc5, 0x08, 0xe5, 0x10, 0xe5, 0x10, 0xe5, 0x08, 0xe5, 0x08, 0xe5, 0x08, 0xe5, 0x08, 0xe5, 0x10, 0xe5, 0x10, 0xc5, 0x08, 0xc5, 0x08,
    0xe5, 0x08, 0xe5, 0x08, 0xe5, 0x10, 0xe5, 0x10, 0xe5, 0x10, 0xe5, 0x10, 0xe5, 0x08, 0xe5, 0x08, 0xe5, 0x08, 0xe5, 0x08, 0xe5, 0x08, 0xe5, 0x08,
    0xe5, 0x08, 0xe5, 0x08, 0xe5, 0x08, 0xe5, 0x08, 0xc5, 0x10, 0xc5, 0x10, 0xc5, 0x08, 0xc5, 0x08, 0xe5, 0x08, 0xe5, 0x08, 0xe5, 0x08, 0xe5, 0x08,
    0xe5, 0x10, 0xe5, 0x10, 0xc5, 0x10, 0xc5, 0x10, 0xe5, 0x10, 0xe5, 0x10, 0xe5, 0x08, 0xe5, 0x08, 0xe5, 0x08, 0xe5, 0x08, 0xe5, 0x08, 0xe5, 0x08,
    0xe5, 0x08, 0xe5, 0x08, 0xc5, 0x08, 0xc5, 0x08, 0xc5, 0x08, 0xc5, 0x08, 0xe5, 0x08, 0xe5, 0x08, 0xe5, 0x08, 0xe5, 0x08, 0xe5, 0x08, 0xe5, 0x08,
    0xe5, 0x08, 0xe5, 0x08, 0xe5, 0x10, 0xe5, 0x10, 0xe5, 0x10, 0xe5, 0x10, 0xe5, 0x08, 0xe5, 0x08, 0xe5, 0x08, 0xe5, 0x08, 0xe5, 0x08, 0xe5, 0x08,
    0xe5, 0x10, 0xe5, 0x10, 0xe5, 0x08, 0xe5, 0x08, 0xc5, 0x10, 0xc5, 0x10, 0xc5, 0x08, 0xc5, 0x08, 0xe5, 0x10, 0xe5, 0x10, 0xe6, 0x10, 0xe6, 0x10,
    0xb0, 0x6b, 0xb0, 0x6b, 0x73, 0x8c, 0x73, 0x8c, 0x5a, 0xce, 0x5a, 0xce, 0xbb, 0xde, 0xbb, 0xde, 0xdb, 0xde, 0xdb, 0xde, 0xbb, 0xd6, 0xbb, 0xd6,
    0x39, 0xc6, 0x39, 0xc6, 0xb8, 0xb5, 0xb8, 0xb5, 0x97, 0xad, 0x97, 0xad, 0x57, 0xa5, 0x57, 0xa5, 0x57, 0xa5, 0x57, 0xa5, 0x57, 0xa5, 0x57, 0xa5,
    0x57, 0xa5, 0x57, 0xa5, 0x57, 0xa5, 0x57, 0xa5, 0x57, 0xa5, 0x57, 0xa5, 0x57, 0xa5, 0x57, 0xa5, 0x77, 0xa5, 0x77, 0xa5, 0x57, 0xa5, 0x57, 0xa5,
    0x97, 0xad, 0x97, 0xad, 0x98, 0xad, 0x98, 0xad, 0x77, 0xa5, 0x77, 0xa5, 0x97, 0xad, 0x97, 0xad, 0x98, 0xad, 0x98, 0xad, 0x57, 0xa5, 0x57, 0xa5,
    0x3c, 0xe7, 0x3c, 0xe7, 0x9a, 0xd6, 0x9a, 0xd6, 0x19, 0xc6, 0x19, 0xc6, 0xb8, 0xb5, 0xb8, 0xb5, 0xb8, 0xb5, 0xb8, 0xb5, 0xb8, 0xb5, 0xb8, 0xb5,
    0xb8, 0xb5, 0xb8, 0xb5, 0x98, 0xb5, 0x98, 0xb5, 0xb8, 0xb5, 0xb8, 0xb5, 0xf9, 0xbd, 0xf9, 0xbd, 0x19, 0xc6, 0x19, 0xc6, 0x5a, 0xce, 0x5a, 0xce,
    0xbb, 0xd6, 0xbb, 0xd6, 0x19, 0xc6, 0x19, 0xc6, 0x5a, 0xce, 0x5a, 0xce, 0x97, 0xb5, 0x97, 0xb5, 0xb0, 0x73, 0xb0, 0x73, 0x0a, 0x32, 0x0a, 0x32,
    0xe6, 0x10, 0xe6, 0x10, 0xe5, 0x10, 0xe5, 0x10, 0xe5, 0x08, 0xe5, 0x08, 0xe5, 0x08, 0xe5, 0x08, 0xe5, 0x08, 0xe5, 0x08, 0xc5, 0x08, 0xc5, 0x08,
    0xe5, 0x08, 0xe5, 0x08, 0xc5, 0x08, 0xc5, 0x08, 0xe5, 0x10, 0xe5, 0x10, 0xe5, 0x08, 0xe5, 0x08, 0xc5, 0x08, 0xc5, 0x08, 0xe5, 0x10, 0xe5, 0x10,
    0xe5, 0x08, 0xe5, 0x08, 0xe5, 0x08, 0xe5, 0x08, 0xe5, 0x08, 0xe5, 0x08, 0xe5, 0x08, 0xe5, 0x08, 0xe5, 0x10, 0xe5, 0x10, 0xc5, 0x08, 0xc5, 0x08,
    0xe5, 0x08, 0xe5, 0x08, 0xe5, 0x08, 0xe5, 0x08, 0xe5, 0x08, 0xe5, 0x08, 0xc5, 0x10, 0xc5, 0x10, 0xc5, 0x08, 0xc5, 0x08, 0xc5, 0x08, 0xc5, 0x08,
    0xc5, 0x08, 0xc5, 0x08, 0xe5, 0x10, 0xe5, 0x10, 0xe5, 0x08, 0xe5, 0x08, 0xe5, 0x08, 0xe5, 0x08, 0xe5, 0x10, 0xe5, 0x10, 0xc5, 0x08, 0xc5, 0x08,
    0xe5, 0x08, 0xe5, 0x08, 0xe5, 0x10, 0xe5, 0x10, 0xe5, 0x10, 0xe5, 0x10, 0xe5, 0x08, 0xe5, 0x08, 0xe5, 0x08, 0xe5, 0x08, 0xe5, 0x08, 0xe5, 0x08,
    0xe5, 0x08, 0xe5, 0x08, 0xe5, 0x08, 0xe5, 0x08, 0xc5, 0x10, 0xc5, 0x10, 0xc5, 0x08, 0xc5, 0x08, 0xe5, 0x08, 0xe5, 0x08, 0xe5, 0x08, 0xe5, 0x08,
    0xe5, 0x10, 0xe5, 0x10, 0xc5, 0x10, 0xc5, 0x10, 0xe5, 0x10, 0xe5, 0x10, 0xe5, 0x08, 0xe5, 0x08, 0xe5, 0x08, 0xe5, 0x08, 0xe5, 0x08, 0xe5, 0x08,
    0xe5, 0x08, 0xe5, 0x08, 0xc5, 0x08, 0xc5, 0x08, 0xc5, 0x08, 0xc5, 0x08, 0xe5, 0x08, 0xe5, 0x08, 0xe5, 0x08, 0xe5, 0x08, 0xe5, 0x08, 0xe5, 0x08,
    0xe5, 0x08, 0xe5, 0x08, 0xe5, 0x10, 0xe5, 0x10, 0xe5, 0x10, 0xe5, 0x10, 0xe5, 0x08, 0xe5, 0x08, 0xe5, 0x08, 0xe5, 0x08, 0xe5, 0x08, 0xe5, 0x08,
    0xe5, 0x10, 0xe5, 0x10, 0xe5, 0x08, 0xe5, 0x08, 0xc5, 0x10, 0xc5, 0x10, 0xc5, 0x08, 0xc5, 0x08, 0xe5, 0x10, 0xe5, 0x10, 0xe6, 0x10, 0xe6, 0x10,
    0xb0, 0x6b, 0xb0, 0x6b, 0x73, 0x8c, 0x73, 0x8c, 0x5a, 0xce, 0x5a, 0xce, 0xbb, 0xde, 0xbb, 0xde, 0xdb, 0xde, 0xdb, 0xde, 0xbb, 0xd6, 0xbb, 0xd6,
    0x39, 0xc6, 0x39, 0xc6, 0xb8, 0xb5, 0xb8, 0xb5, 0x97, 0xad, 0x97, 0xad, 0x57, 0xa5, 0x57, 0xa5, 0x57, 0xa5, 0x57, 0xa5, 0x57, 0xa5, 0x57, 0xa5,
    0x57, 0xa5, 0x57, 0xa5, 0x57, 0xa5, 0x57, 0xa5, 0x57, 0xa5, 0x57, 0xa5, 0x57, 0xa5, 0x57, 0xa5, 0x77, 0xa5, 0x77, 0xa5, 0x57, 0xa5, 0x57, 0xa5,
    0x97, 0xad, 0x97, 0xad, 0x98, 0xad, 0x98, 0xad, 0x77, 0xa5, 0x77, 0xa5, 0x97, 0xad, 0x97, 0xad, 0x98, 0xad, 0x98, 0xad, 0x57, 0xa5, 0x57, 0xa5,
    0x3c, 0xe7, 0x3c, 0xe7, 0x9a, 0xd6, 0x9a, 0xd6, 0x19, 0xc6, 0x19, 0xc6, 0xb8, 0xb5, 0xb8, 0xb5, 0xb8, 0xb5, 0xb8, 0xb5, 0xb8, 0xb5, 0xb8, 0xb5,
    0xb8, 0xb5, 0xb8, 0xb5, 0x98, 0xb5, 0x98, 0xb5, 0xb8, 0xb5, 0xb8, 0xb5, 0xf9, 0xbd, 0xf9, 0xbd, 0x19, 0xc6, 0x19, 0xc6, 0x5a, 0xce, 0x5a, 0xce,
    0xbb, 0xd6, 0xbb, 0xd6, 0x19, 0xc6, 0x19, 0xc6, 0x5a, 0xce, 0x5a, 0xce, 0x97, 0xb5, 0x97, 0xb5, 0xb0, 0x73, 0xb0, 0x73, 0x0a, 0x32, 0x0a, 0x32,
    0xe6, 0x10, 0xe6, 0x10, 0xe5, 0x10, 0xe5, 0x10, 0xe5, 0x08, 0xe5, 0x08, 0xe5, 0x08, 0xe5, 0x08, 0xe5, 0x08, 0xe5, 0x08, 0xc5, 0x08, 0xc5, 0x08,
    0xe5, 0x08, 0xe5, 0x08, 0xc5, 0x08, 0xc5, 0x08, 0xe5, 0x10, 0xe5, 0x10, 0xe5, 0x08, 0xe5, 0x08, 0xc5, 0x08, 0xc5, 0x08, 0xe5, 0x10, 0xe5, 0x10,
    0xe5, 0x08, 0xe5, 0x08, 0xe5, 0x08, 0xe5, 0x08, 0xe5, 0x08, 0xe5, 0x08, 0xe5, 0x08, 0xe5, 0x08, 0xe5, 0x10, 0xe5, 0x10, 0xc5, 0x08, 0xc5, 0x08,
    0xe5, 0x08, 0xe5, 0x08, 0xe5, 0x08, 0xe5, 0x08, 0xe5, 0x08, 0xe5, 0x08, 0xc5, 0x10, 0xc5, 0x10, 0xc5, 0x08, 0xc5, 0x08, 0xc5, 0x08, 0xc5, 0x08,
    0xc5, 0x08, 0xc5, 0x08, 0xc5, 0x08, 0xc5, 0x08, 0xc5, 0x08, 0xc5, 0x08, 0xe5, 0x08, 0xe5, 0x08, 0xe5, 0x08, 0xe5, 0x08, 0xe5, 0x08, 0xe5, 0x08,
    0xe5, 0x08, 0xe5, 0x08, 0xe5, 0x10, 0xe5, 0x10, 0xc5, 0x10, 0xc5, 0x10, 0xe5, 0x10, 0xe5, 0x10, 0xe5, 0x10, 0xe5, 0x10, 0xe5, 0x08, 0xe5, 0x08,
    0xc5, 0x08, 0xc5, 0x08, 0xc5, 0x08, 0xc5, 0x08, 0xe5, 0x08, 0xe5, 0x08, 0xe5, 0x08, 0xe5, 0x08, 0xe5, 0x08, 0xe5, 0x08, 0xe5, 0x08, 0xe5, 0x08,
    0xe5, 0x10, 0xe5, 0x10, 0xe5, 0x08, 0xe5, 0x08, 0xe5, 0x08, 0xe5, 0x08, 0xe5, 0x08, 0xe5, 0x08, 0xe5, 0x08, 0xe5, 0x08, 0xe5, 0x10, 0xe5, 0x10,
    0xe5, 0x10, 0xe5, 0x10, 0xe5, 0x08, 0xe5, 0x08, 0xe5, 0x10, 0xe5, 0x10, 0xe5, 0x10, 0xe5, 0x10, 0xe5, 0x10, 0xe5, 0x10, 0xe5, 0x08, 0xe5, 0x08,
    0xe5, 0x08, 0xe5, 0x08, 0xe5, 0x08, 0xe5, 0x08, 0xc5, 0x10, 0xc5, 0x10, 0xe5, 0x10, 0xe5, 0x10, 0xe5, 0x08, 0xe5, 0x08, 0xc5, 0x08, 0xc5, 0x08,
    0xe5, 0x08, 0xe5, 0x08, 0xc5, 0x08, 0xc5, 0x08, 0xe5, 0x08, 0xe5, 0x08, 0xe5, 0x10, 0xe5, 0x10, 0xb1, 0x6b, 0xb1, 0x6b, 0x0e, 0x53, 0x0e, 0x53,
    0xea, 0x29, 0xea, 0x29, 0x27, 0x19, 0x27, 0x19, 0xa4, 0x08, 0xa4, 0x08, 0xa4, 0x08, 0xa4, 0x08, 0xa4, 0x08, 0xa4, 0x08, 0xa4, 0x08, 0xa4, 0x08,
    0xa4, 0x08, 0xa4, 0x08, 0xa4, 0x08, 0xa4, 0x08, 0xa4, 0x08, 0xa4, 0x08, 0x84, 0x08, 0x84, 0x08, 0x83, 0x08, 0x83, 0x08, 0x83, 0x08, 0x83, 0x08,
    0x84, 0x08, 0x84, 0x08, 0xa4, 0x08, 0xa4, 0x08, 0x27, 0x19, 0x27, 0x19, 0x0a, 0x32, 0x0a, 0x32, 0x2f, 0x5b, 0x2f, 0x5b, 0xb0, 0x6b, 0xb0, 0x6b,
    0x74, 0x84, 0x74, 0x84, 0x18, 0xc6, 0x18, 0xc6, 0xdb, 0xde, 0xdb, 0xde, 0x39, 0xc6, 0x39, 0xc6, 0x3c, 0xef, 0x3c, 0xef, 0xf9, 0xbd, 0xf9, 0xbd,
    0x57, 0xa5, 0x57, 0xa5, 0x4b, 0x3a, 0x4b, 0x3a, 0x83, 0x08, 0x83, 0x08, 0xc8, 0x31, 0xc8, 0x31, 0xa7, 0x29, 0xa7, 0x29, 0xa3, 0x08, 0xa3, 0x08,
    0x88, 0x29, 0x88, 0x29, 0x87, 0x29, 0x87, 0x29, 0xc4, 0x10, 0xc4, 0x10, 0x05, 0x19, 0x05, 0x19, 0x05, 0x19, 0x05, 0x19, 0x67, 0x21, 0x67, 0x21,
    0xe5, 0x10, 0xe5, 0x10, 0xc5, 0x10, 0xc5, 0x10, 0x53, 0x84, 0x53, 0x84, 0xb4, 0x8c, 0xb4, 0x8c, 0x57, 0xad, 0x57, 0xad, 0xd8, 0xb5, 0xd8, 0xb5,
    0xdb, 0xde, 0xdb, 0xde, 0x3c, 0xef, 0x3c, 0xef, 0x32, 0x7c, 0x32, 0x7c, 0x26, 0x19, 0x26, 0x19, 0xc5, 0x08, 0xc5, 0x08, 0xc5, 0x08, 0xc5, 0x08,
    0xc5, 0x08, 0xc5, 0x08, 0xe5, 0x08, 0xe5, 0x08, 0xe5, 0x08, 0xe5, 0x08, 0xe5, 0x08, 0xe5, 0x08, 0xe5, 0x10, 0xe5, 0x10, 0xe5, 0x08, 0xe5, 0x08,
    0xe6, 0x10, 0xe6, 0x10, 0xe5, 0x10, 0xe5, 0x10, 0xe5, 0x10, 0xe5, 0x10, 0xe5, 0x08, 0xe5, 0x08, 0xe5, 0x10, 0xe5, 0x10, 0xe6, 0x10, 0xe6, 0x10,
    0xe5, 0x10, 0xe5, 0x10, 0xe5, 0x08, 0xe5, 0x08, 0xe5, 0x08, 0xe5, 0x08, 0xc5, 0x08, 0xc5, 0x08, 0xe5, 0x08, 0xe5, 0x08, 0xe5, 0x10, 0xe5, 0x10,
    0xc5, 0x08, 0xc5, 0x08, 0xc5, 0x08, 0xc5, 0x08, 0xc5, 0x08, 0xc5, 0x08, 0xe5, 0x08, 0xe5, 0x08, 0xe5, 0x08, 0xe5, 0x08, 0xe5, 0x08, 0xe5, 0x08,
    0xe5, 0x08, 0xe5, 0x08, 0xe5, 0x10, 0xe5, 0x10, 0xc5, 0x10, 0xc5, 0x10, 0xe5, 0x10, 0xe5, 0x10, 0xe5, 0x10, 0xe5, 0x10, 0xe5, 0x08, 0xe5, 0x08,
    0xc5, 0x08, 0xc5, 0x08, 0xc5, 0x08, 0xc5, 0x08, 0xe5, 0x08, 0xe5, 0x08, 0xe5, 0x08, 0xe5, 0x08, 0xe5, 0x08, 0xe5, 0x08, 0xe5, 0x08, 0xe5, 0x08,
    0xe5, 0x10, 0xe5, 0x10, 0xe5, 0x08, 0xe5, 0x08, 0xe5, 0x08, 0xe5, 0x08, 0xe5, 0x08, 0xe5, 0x08, 0xe5, 0x08, 0xe5, 0x08, 0xe5, 0x10, 0xe5, 0x10,
    0xe5, 0x10, 0xe5, 0x10, 0xe5, 0x08, 0xe5, 0x08, 0xe5, 0x10, 0xe5, 0x10, 0xe5, 0x10, 0xe5, 0x10, 0xe5, 0x10, 0xe5, 0x10, 0xe5, 0x08, 0xe5, 0x08,
    0xe5, 0x08, 0xe5, 0x08, 0xe5, 0x08, 0xe5, 0x08, 0xc5, 0x10, 0xc5, 0x10, 0xe5, 0x10, 0xe5, 0x10, 0xe5, 0x08, 0xe5, 0x08, 0xc5, 0x08, 0xc5, 0x08,
    0xe5, 0x08, 0xe5, 0x08, 0xc5, 0x08, 0xc5, 0x08, 0xe5, 0x08, 0xe5, 0x08, 0xe5, 0x10, 0xe5, 0x10, 0xb1, 0x6b, 0xb1, 0x6b, 0x0e, 0x53, 0x0e, 0x53,
    0xea, 0x29, 0xea, 0x29, 0x27, 0x19, 0x27, 0x19, 0xa4, 0x08, 0xa4, 0x08, 0xa4, 0x08, 0xa4, 0x08, 0xa4, 0x08, 0xa4, 0x08, 0xa4, 0x08, 0xa4, 0x08,
    0xa4, 0x08, 0xa4, 0x08, 0xa4, 0x08, 0xa4, 0x08, 0xa4, 0x08, 0xa4, 0x08, 0x84, 0x08, 0x84, 0x08, 0x83, 0x08, 0x83, 0x08, 0x83, 0x08, 0x83, 0x08,
    0x84, 0x08, 0x84, 0x08, 0xa4, 0x08, 0xa4, 0x08, 0x27, 0x19, 0x27, 0x19, 0x0a, 0x32, 0x0a, 0x32, 0x2f, 0x5b, 0x2f, 0x5b, 0xb0, 0x6b, 0xb0, 0x6b,
    0x74, 0x84, 0x74, 0x84, 0x18, 0xc6, 0x18, 0xc6, 0xdb, 0xde, 0xdb, 0xde, 0x39, 0xc6, 0x39, 0xc6, 0x3c, 0xef, 0x3c, 0xef, 0xf9, 0xbd, 0xf9, 0xbd,
    0x57, 0xa5, 0x57, 0xa5, 0x4b, 0x3a, 0x4b, 0x3a, 0x83, 0x08, 0x83, 0x08, 0xc8, 0x31, 0xc8, 0x31, 0xa7, 0x29, 0xa7, 0x29, 0xa3, 0x08, 0xa3, 0x08,
    0x88, 0x29, 0x88, 0x29, 0x87, 0x29, 0x87, 0x29, 0xc4, 0x10, 0xc4, 0x10, 0x05, 0x19, 0x05, 0x19, 0x05, 0x19, 0x05, 0x19, 0x67, 0x21, 0x67, 0x21,
    0xe5, 0x10, 0xe5, 0x10, 0xc5, 0x10, 0xc5, 0x10, 0x53, 0x84, 0x53, 0x84, 0xb4, 0x8c, 0xb4, 0x8c, 0x57, 0xad, 0x57, 0xad, 0xd8, 0xb5, 0xd8, 0xb5,
    0xdb, 0xde, 0xdb, 0xde, 0x3c, 0xef, 0x3c, 0xef, 0x32, 0x7c, 0x32, 0x7c, 0x26, 0x19, 0x26, 0x19, 0xc5, 0x08, 0xc5, 0x08, 0xc5, 0x08, 0xc5, 0x08,
    0xc5, 0x08, 0xc5, 0x08, 0xe5, 0x08, 0xe5, 0x08, 0xe5, 0x08, 0xe5, 0x08, 0xe5, 0x08, 0xe5, 0x08, 0xe5, 0x10, 0xe5, 0x10, 0xe5, 0x08, 0xe5, 0x08,
    0xe6, 0x10, 0xe6, 0x10, 0xe5, 0x10, 0xe5, 0x10, 0xe5, 0x10, 0xe5, 0x10, 0xe5, 0x08, 0xe5, 0x08, 0xe5, 0x10, 0xe5, 0x10, 0xe6, 0x10, 0xe6, 0x10,
    0xe5, 0x10, 0xe5, 0x10, 0xe5, 0x08, 0xe5, 0x08, 0xe5, 0x08, 0xe5, 0x08, 0xc5, 0x08, 0xc5, 0x08, 0xe5, 0x08, 0xe5, 0x08, 0xe5, 0x10, 0xe5, 0x10,
    0xc5, 0x08, 0xc5, 0x08, 0xc5, 0x08, 0xc5, 0x08, 0xe5, 0x08, 0xe5, 0x08, 0xe5, 0x08, 0xe5, 0x08, 0xc5, 0x08, 0xc5, 0x08, 0xe5, 0x08, 0xe5, 0x08,
    0xe5, 0x08, 0xe5, 0x08, 0xe5, 0x10, 0xe5, 0x10, 0xc5, 0x10, 0xc5, 0x10, 0xe5, 0x08, 0xe5, 0x08, 0xe5, 0x10, 0xe5, 0x10, 0xc5, 0x08, 0xc5, 0x08,
    0xc5, 0x08, 0xc5, 0x08, 0xe5, 0x08, 0xe5, 0x08, 0xc5, 0x08, 0xc5, 0x08, 0xe5, 0x08, 0xe5, 0x08, 0xe5, 0x08, 0xe5, 0x08, 0xe5, 0x08, 0xe5, 0x08,
    0xe5, 0x10, 0xe5, 0x10, 0xe5, 0x08, 0xe5, 0x08, 0xe5, 0x08, 0xe5, 0x08, 0xe5, 0x10, 0xe5, 0x10, 0xe5, 0x10, 0xe5, 0x10, 0xe5, 0x10, 0xe5, 0x10,
    0xe5, 0x08, 0xe5, 0x08, 0xe5, 0x08, 0xe5, 0x08, 0xe5, 0x10, 0xe5, 0x10, 0xe5, 0x10, 0xe5, 0x10, 0xe5, 0x08, 0xe5, 0x08, 0xe5, 0x10, 0xe5, 0x10,
    0xe5, 0x08, 0xe5, 0x08, 0xe5, 0x08, 0xe5, 0x08, 0xe5, 0x08, 0xe5, 0x08, 0xe5, 0x10, 0xe5, 0x10, 0xe5, 0x08, 0xe5, 0x08, 0xc5, 0x08, 0xc5, 0x08,
    0xe5, 0x08, 0xe5, 0x08, 0xe5, 0x10, 0xe5, 0x10, 0x9b, 0xd6, 0x9b, 0xd6, 0x01, 0x00, 0x01, 0x00, 0x97, 0xa5, 0x97, 0xa5, 0x33, 0x74, 0x33, 0x74,
    0x53, 0x7c, 0x53, 0x7c, 0xea, 0x21, 0xea, 0x21, 0x89, 0x19, 0x89, 0x19, 0x68, 0x19, 0x68, 0x19, 0x68, 0x19, 0x68, 0x19, 0xe6, 0x10, 0xe6, 0x10,
    0xe6, 0x10, 0xe6, 0x10, 0xe5, 0x10, 0xe5, 0x10, 0xc5, 0x10, 0xc5, 0x10, 0xe5, 0x10, 0xe5, 0x10, 0x68, 0x19, 0x68, 0x19, 0x48, 0x11, 0x48, 0x11,
    0x48, 0x11, 0x48, 0x11, 0x48, 0x19, 0x48, 0x19, 0x48, 0x19, 0x48, 0x19, 0x68, 0x19, 0x68, 0x19, 0xca, 0x21, 0xca, 0x21, 0xea, 0x21, 0xea, 0x21,
    0x2c, 0x2a, 0x2c, 0x2a, 0x2b, 0x32, 0x2b, 0x32, 0xa4, 0x08, 0xa4, 0x08, 0x5c, 0xef, 0x5c, 0xef, 0x77, 0xad, 0x77, 0xad, 0x42, 0x00, 0x42, 0x00,
    0x66, 0x21, 0x66, 0x21, 0xc5, 0x08, 0xc5, 0x08, 0x68, 0x19, 0x68, 0x19, 0x68, 0x19, 0x68, 0x19, 0x89, 0x19, 0x89, 0x19, 0x47, 0x11, 0x47, 0x11,
    0xa8, 0x29, 0xa8, 0x29, 0xc9, 0x31, 0xc9, 0x31, 0xa9, 0x21, 0xa9, 0x21, 0xa9, 0x21, 0xa9, 0x21, 0xa9, 0x21, 0xa9, 0x21, 0xa9, 0x21, 0xa9, 0x21,
    0x89, 0x19, 0x89, 0x19, 0x89, 0x19, 0x89, 0x19, 0x27, 0x11, 0x27, 0x11, 0x27, 0x11, 0x27, 0x11, 0xa8, 0x29, 0xa8, 0x29, 0x83, 0x00, 0x83, 0x00,
    0x83, 0x08, 0x83, 0x08, 0xf9, 0xbd, 0xf9, 0xbd, 0x98, 0xad, 0x98, 0xad, 0x98, 0xb5, 0x98, 0xb5, 0x91, 0x6b, 0x91, 0x6b, 0xc5, 0x08, 0xc5, 0x08,
    0xe5, 0x08, 0xe5, 0x08, 0xe5, 0x10, 0xe5, 0x10, 0xc5, 0x08, 0xc5, 0x08, 0xe5, 0x08, 0xe5, 0x08, 0xc5, 0x08, 0xc5, 0x08, 0xe5, 0x10, 0xe5, 0x10,
    0xe5, 0x08, 0xe5, 0x08, 0xe5, 0x08, 0xe5, 0x08, 0xe5, 0x10, 0xe5, 0x10, 0xe5, 0x10, 0xe5, 0x10, 0xe5, 0x10, 0xe5, 0x10, 0xe5, 0x08, 0xe5, 0x08,
    0xe5, 0x08, 0xe5, 0x08, 0xe5, 0x10, 0xe5, 0x10, 0xc5, 0x08, 0xc5, 0x08, 0xc5, 0x08, 0xc5, 0x08, 0xc5, 0x08, 0xc5, 0x08, 0xe5, 0x10, 0xe5, 0x10,
    0xc5, 0x08, 0xc5, 0x08, 0xc5, 0x08, 0xc5, 0x08, 0xe5, 0x08, 0xe5, 0x08, 0xe5, 0x08, 0xe5, 0x08, 0xc5, 0x08, 0xc5, 0x08, 0xe5, 0x08, 0xe5, 0x08,
    0xe5, 0x08, 0xe5, 0x08, 0xe5, 0x10, 0xe5, 0x10, 0xc5, 0x10, 0xc5, 0x10, 0xe5, 0x08, 0xe5, 0x08, 0xe5, 0x10, 0xe5, 0x10, 0xc5, 0x08, 0xc5, 0x08,
    0xc5, 0x08, 0xc5, 0x08, 0xe5, 0x08, 0xe5, 0x08, 0xc5, 0x08, 0xc5, 0x08, 0xe5, 0x08, 0xe5, 0x08, 0xe5, 0x08, 0xe5, 0x08, 0xe5, 0x08, 0xe5, 0x08,
    0xe5, 0x10, 0xe5, 0x10, 0xe5, 0x08, 0xe5, 0x08, 0xe5, 0x08, 0xe5, 0x08, 0xe5, 0x10, 0xe5, 0x10, 0xe5, 0x10, 0xe5, 0x10, 0xe5, 0x10, 0xe5, 0x10,
    0xe5, 0x08, 0xe5, 0x08, 0xe5, 0x08, 0xe5, 0x08, 0xe5, 0x10, 0xe5, 0x10, 0xe5, 0x10, 0xe5, 0x10, 0xe5, 0x08, 0xe5, 0x08, 0xe5, 0x10, 0xe5, 0x10,
    0xe5, 0x08, 0xe5, 0x08, 0xe5, 0x08, 0xe5, 0x08, 0xe5, 0x08, 0xe5, 0x08, 0xe5, 0x10, 0xe5, 0x10, 0xe5, 0x08, 0xe5, 0x08, 0xc5, 0x08, 0xc5, 0x08,
    0xe5, 0x08, 0xe5, 0x08, 0xe5, 0x10, 0xe5, 0x10, 0x9b, 0xd6, 0x9b, 0xd6, 0x01, 0x00, 0x01, 0x00, 0x97, 0xa5, 0x97, 0xa5, 0x33, 0x74, 0x33, 0x74,
    0x53, 0x7c, 0x53, 0x7c, 0xea, 0x21, 0xea, 0x21, 0x89, 0x19, 0x89, 0x19, 0x68, 0x19, 0x68, 0x19, 0x68, 0x19, 0x68, 0x19, 0xe6, 0x10, 0xe6, 0x10,
    0xe6, 0x10, 0xe6, 0x10, 0xe5, 0x10, 0xe5, 0x10, 0xc5, 0x10, 0xc5, 0x10, 0xe5, 0x10, 0xe5, 0x10, 0x68, 0x19, 0x68, 0x19, 0x48, 0x11, 0x48, 0x11,
    0x48, 0x11, 0x48, 0x11, 0x48, 0x19, 0x48, 0x19, 0x48, 0x19, 0x48, 0x19, 0x68, 0x19, 0x68, 0x19, 0xca, 0x21, 0xca, 0x21, 0xea, 0x21, 0xea, 0x21,
    0x2c, 0x2a, 0x2c, 0x2a, 0x2b, 0x32, 0x2b, 0x32, 0xa4, 0x08, 0xa4, 0x08, 0x5c, 0xef, 0x5c, 0xef, 0x77, 0xad, 0x77, 0xad, 0x42, 0x00, 0x42, 0x00,
    0x66, 0x21, 0x66, 0x21, 0xc5, 0x08, 0xc5, 0x08, 0x68, 0x19, 0x68, 0x19, 0x68, 0x19, 0x68, 0x19, 0x89, 0x19, 0x89, 0x19, 0x47, 0x11, 0x47, 0x11,
    0xa8, 0x29, 0xa8, 0x29, 0xc9, 0x31, 0xc9, 0x31, 0xa9, 0x21, 0xa9, 0x21, 0xa9, 0x21, 0xa9, 0x21, 0xa9, 0x21, 0xa9, 0x21, 0xa9, 0x21, 0xa9, 0x21,
    0x89, 0x19, 0x89, 0x19, 0x89, 0x19, 0x89, 0x19, 0x27, 0x11, 0x27, 0x11, 0x27, 0x11, 0x27, 0x11, 0xa8, 0x29, 0xa8, 0x29, 0x83, 0x00, 0x83, 0x00,
    0x83, 0x08, 0x83, 0x08, 0xf9, 0xbd, 0xf9, 0xbd, 0x98, 0xad, 0x98, 0xad, 0x98, 0xb5, 0x98, 0xb5, 0x91, 0x6b, 0x91, 0x6b, 0xc5, 0x08, 0xc5, 0x08,
    0xe5, 0x08, 0xe5, 0x08, 0xe5, 0x10, 0xe5, 0x10, 0xc5, 0x08, 0xc5, 0x08, 0xe5, 0x08, 0xe5, 0x08, 0xc5, 0x08, 0xc5, 0x08, 0xe5, 0x10, 0xe5, 0x10,
    0xe5, 0x08, 0xe5, 0x08, 0xe5, 0x08, 0xe5, 0x08, 0xe5, 0x10, 0xe5, 0x10, 0xe5, 0x10, 0xe5, 0x10, 0xe5, 0x10, 0xe5, 0x10, 0xe5, 0x08, 0xe5, 0x08,
    0xe5, 0x08, 0xe5, 0x08, 0xe5, 0x10, 0xe5, 0x10, 0xc5, 0x08, 0xc5, 0x08, 0xc5, 0x08, 0xc5, 0x08, 0xc5, 0x08, 0xc5, 0x08, 0xe5, 0x10, 0xe5, 0x10,
    0xc5, 0x08, 0xc5, 0x08, 0xc5, 0x08, 0xc5, 0x08, 0xc5, 0x08, 0xc5, 0x08, 0xe5, 0x08, 0xe5, 0x08, 0xc5, 0x08, 0xc5, 0x08, 0xe5, 0x10, 0xe5, 0x10,
    0xe5, 0x08, 0xe5, 0x08, 0xe5, 0x10, 0xe5, 0x10, 0xe5, 0x08, 0xe5, 0x08, 0xe5, 0x08, 0xe5, 0x08, 0xe5, 0x08, 0xe5, 0x08, 0xc5, 0x08, 0xc5, 0x08,
    0xe5, 0x08, 0xe5, 0x08, 0xe5, 0x10, 0xe5, 0x10, 0xe5, 0x10, 0xe5, 0x10, 0xe5, 0x10, 0xe5, 0x10, 0xe5, 0x10, 0xe5, 0x10, 0xc5, 0x08, 0xc5, 0x08,
    0xe5, 0x08, 0xe5, 0x08, 0xe5, 0x10, 0xe5, 0x10, 0xe5, 0x08, 0xe5, 0x08, 0xe5, 0x08, 0xe5, 0x08, 0xe5, 0x10, 0xe5, 0x10, 0xe5, 0x08, 0xe5, 0x08,
    0xe5, 0x08, 0xe5, 0x08, 0xc5, 0x08, 0xc5, 0x08, 0xe5, 0x08, 0xe5, 0x08, 0xe5, 0x10, 0xe5, 0x10, 0xe5, 0x08, 0xe5, 0x08, 0xc5, 0x08, 0xc5, 0x08,
    0xc5, 0x08, 0xc5, 0x08, 0xc5, 0x08, 0xc5, 0x08, 0xc5, 0x08, 0xc5, 0x08, 0xe5, 0x10, 0xe5, 0x10, 0xe5, 0x08, 0xe5, 0x08, 0xe5, 0x10, 0xe5, 0x10,
    0xa8, 0x29, 0xa8, 0x29, 0x63, 0x00, 0x63, 0x00, 0xd8, 0xad, 0xd8, 0xad, 0xd5, 0x8c, 0xd5, 0x8c, 0xb5, 0x84, 0xb5, 0x84, 0xeb, 0x29, 0xeb, 0x29,
    0x6d, 0x32, 0x6d, 0x32, 0x6d, 0x32, 0x6d, 0x32, 0x6d, 0x32, 0x6d, 0x32, 0x8d, 0x32, 0x8d, 0x32, 0x27, 0x11, 0x27, 0x11, 0x47, 0x11, 0x47, 0x11,
    0xc4, 0x08, 0xc4, 0x08, 0xca, 0x21, 0xca, 0x21, 0x88, 0x19, 0x88, 0x19, 0x2b, 0x32, 0x2b, 0x32, 0x6d, 0x32, 0x6d, 0x32, 0x6d, 0x32, 0x6d, 0x32,
    0x6d, 0x32, 0x6d, 0x32, 0x6d, 0x32, 0x6d, 0x32, 0x6d, 0x32, 0x6d, 0x32, 0x8e, 0x3a, 0x8e, 0x3a, 0x27, 0x11, 0x27, 0x11, 0xeb, 0x29, 0xeb, 0x29,
    0xca, 0x21, 0xca, 0x21, 0xa4, 0x08, 0xa4, 0x08, 0x3c, 0xef, 0x3c, 0xef, 0x77, 0xad, 0x77, 0xad, 0x26, 0x21, 0x26, 0x21, 0xa4, 0x08, 0xa4, 0x08,
    0x68, 0x19, 0x68, 0x19, 0xca, 0x21, 0xca, 0x21, 0x6d, 0x32, 0x6d, 0x32, 0x6d, 0x32, 0x6d, 0x32, 0x6d, 0x32, 0x6d, 0x32, 0x68, 0x19, 0x68, 0x19,
    0x83, 0x08, 0x83, 0x08, 0x46, 0x19, 0x46, 0x19, 0x63, 0x00, 0x63, 0x00, 0x6d, 0x32, 0x6d, 0x32, 0x6d, 0x32, 0x6d, 0x32, 0x6d, 0x32, 0x6d, 0x32,
    0x6d, 0x32, 0x6d, 0x32, 0x6d, 0x32, 0x6d, 0x32, 0x6d, 0x32, 0x6d, 0x32, 0x68, 0x19, 0x68, 0x19, 0x06, 0x11, 0x06, 0x11, 0x67, 0x21, 0x67, 0x21,
    0x6d, 0x32, 0x6d, 0x32, 0x47, 0x19, 0x47, 0x19, 0x56, 0xad, 0x56, 0xad, 0x97, 0xad, 0x97, 0xad, 0x98, 0xad, 0x98, 0xad, 0xa4, 0x08, 0xa4, 0x08,
    0xe5, 0x10, 0xe5, 0x10, 0xc5, 0x08, 0xc5, 0x08, 0xe5, 0x10, 0xe5, 0x10, 0xe5, 0x10, 0xe5, 0x10, 0xe5, 0x08, 0xe5, 0x08, 0xe5, 0x10, 0xe5, 0x10,
    0xe5, 0x10, 0xe5, 0x10, 0xc5, 0x08, 0xc5, 0x08, 0xe5, 0x10, 0xe5, 0x10, 0xe5, 0x10, 0xe5, 0x10, 0xe5, 0x08, 0xe5, 0x08, 0xe5, 0x10, 0xe5, 0x10,
    0xe5, 0x08, 0xe5, 0x08, 0xe5, 0x10, 0xe5, 0x10, 0xe5, 0x10, 0xe5, 0x10, 0xe5, 0x08, 0xe5, 0x08, 0xc5, 0x08, 0xc5, 0x08, 0xc5, 0x08, 0xc5, 0x08,
    0xc5, 0x08, 0xc5, 0x08, 0xc5, 0x08, 0xc5, 0x08, 0xc5, 0x08, 0xc5, 0x08, 0xe5, 0x08, 0xe5, 0x08, 0xc5, 0x08, 0xc5, 0x08, 0xe5, 0x10, 0xe5, 0x10,
    0xe5, 0x08, 0xe5, 0x08, 0xe5, 0x10, 0xe5, 0x10, 0xe5, 0x08, 0xe5, 0x08, 0xe5, 0x08, 0xe5, 0x08, 0xe5, 0x08, 0xe5, 0x08, 0xc5, 0x08, 0xc5, 0x08,
    0xe5, 0x08, 0xe5, 0x08, 0xe5, 0x10, 0xe5, 0x10, 0xe5, 0x10, 0xe5, 0x10, 0xe5, 0x10, 0xe5, 0x10, 0xe5, 0x10, 0xe5, 0x10, 0xc5, 0x08, 0xc5, 0x08,
    0xe5, 0x08, 0xe5, 0x08, 0xe5, 0x10, 0xe5, 0x10, 0xe5, 0x08, 0xe5, 0x08, 0xe5, 0x08, 0xe5, 0x08, 0xe5, 0x10, 0xe5, 0x10, 0xe5, 0x08, 0xe5, 0x08,
    0xe5, 0x08, 0xe5, 0x08, 0xc5, 0x08, 0xc5, 0x08, 0xe5, 0x08, 0xe5, 0x08, 0xe5, 0x10, 0xe5, 0x10, 0xe5, 0x08, 0xe5, 0x08, 0xc5, 0x08, 0xc5, 0x08,
    0xc5, 0x08, 0xc5, 0x08, 0xc5, 0x08, 0xc5, 0x08, 0xc5, 0x08, 0xc5, 0x08, 0xe5, 0x10, 0xe5, 0x10, 0xe5, 0x08, 0xe5, 0x08, 0xe5, 0x10, 0xe5, 0x10,
    0xa8, 0x29, 0xa8, 0x29, 0x63, 0x00, 0x63, 0x00, 0xd8, 0xad, 0xd8, 0xad, 0xd5, 0x8c, 0xd5, 0x8c, 0xb5, 0x84, 0xb5, 0x84, 0xeb, 0x29, 0xeb, 0x29,
    0x6d, 0x32, 0x6d, 0x32, 0x6d, 0x32, 0x6d, 0x32, 0x6d, 0x32, 0x6d, 0x32, 0x8d, 0x32, 0x8d, 0x32, 0x27, 0x11, 0x27, 0x11, 0x47, 0x11, 0x47, 0x11,
    0xc4, 0x08, 0xc4, 0x08, 0xca, 0x21, 0xca, 0x21, 0x88, 0x19, 0x88, 0x19, 0x2b, 0x32, 0x2b, 0x32, 0x6d, 0x32, 0x6d, 0x32, 0x6d, 0x32, 0x6d, 0x32,
    0x6d, 0x32, 0x6d, 0x32, 0x6d, 0x32, 0x6d, 0x32, 0x6d, 0x32, 0x6d, 0x32, 0x8e, 0x3a, 0x8e, 0x3a, 0x27, 0x11, 0x27, 0x11, 0xeb, 0x29, 0xeb, 0x29,
    0xca, 0x21, 0xca, 0x21, 0xa4, 0x08, 0xa4, 0x08, 0x3c, 0xef, 0x3c, 0xef, 0x77, 0xad, 0x77, 0xad, 0x26, 0x21, 0x26, 0x21, 0xa4, 0x08, 0xa4, 0x08,
    0x68, 0x19, 0x68, 0x19, 0xca, 0x21, 0xca, 0x21, 0x6d, 0x32, 0x6d, 0x32, 0x6d, 0x32, 0x6d, 0x32, 0x6d, 0x32, 0x6d, 0x32, 0x68, 0x19, 0x68, 0x19,
    0x83, 0x08, 0x83, 0x08, 0x46, 0x19, 0x46, 0x19, 0x63, 0x00, 0x63, 0x00, 0x6d, 0x32, 0x6d, 0x32, 0x6d, 0x32, 0x6d, 0x32, 0x6d, 0x32, 0x6d, 0x32,
    0x6d, 0x32, 0x6d, 0x32, 0x6d, 0x32, 0x6d, 0x32, 0x6d, 0x32, 0x6d, 0x32, 0x68, 0x19, 0x68, 0x19, 0x06, 0x11, 0x06, 0x11, 0x67, 0x21, 0x67, 0x21,
    0x6d, 0x32, 0x6d, 0x32, 0x47, 0x19, 0x47, 0x19, 0x56, 0xad, 0x56, 0xad, 0x97, 0xad, 0x97, 0xad, 0x98, 0xad, 0x98, 0xad, 0xa4, 0x08, 0xa4, 0x08,
    0xe5, 0x10, 0xe5, 0x10, 0xc5, 0x08, 0xc5, 0x08, 0xe5, 0x10, 0xe5, 0x10, 0xe5, 0x10, 0xe5, 0x10, 0xe5, 0x08, 0xe5, 0x08, 0xe5, 0x10, 0xe5, 0x10,
    0xe5, 0x10, 0xe5, 0x10, 0xc5, 0x08, 0xc5, 0x08, 0xe5, 0x10, 0xe5, 0x10, 0xe5, 0x10, 0xe5, 0x10, 0xe5, 0x08, 0xe5, 0x08, 0xe5, 0x10, 0xe5, 0x10,
    0xe5, 0x08, 0xe5, 0x08, 0xe5, 0x10, 0xe5, 0x10, 0xe5, 0x10, 0xe5, 0x10, 0xe5, 0x08, 0xe5, 0x08, 0xc5, 0x08, 0xc5, 0x08, 0xc5, 0x08, 0xc5, 0x08,
    0xc5, 0x08, 0xc5, 0x08, 0xe5, 0x10, 0xe5, 0x10, 0xe5, 0x08, 0xe5, 0x08, 0xc5, 0x08, 0xc5, 0x08, 0xc5, 0x08, 0xc5, 0x08, 0xe5, 0x10, 0xe5, 0x10,
    0xc5, 0x08, 0xc5, 0x08, 0xc5, 0x10, 0xc5, 0x10, 0xc5, 0x08, 0xc5, 0x08, 0xc5, 0x08, 0xc5, 0x08, 0xe5, 0x10, 0xe5, 0x10, 0xc5, 0x08, 0xc5, 0x08,
    0xe5, 0x08, 0xe5, 0x08, 0xe5, 0x10, 0xe5, 0x10, 0xe5, 0x08, 0xe5, 0x08, 0xc5, 0x08, 0xc5, 0x08, 0xe5, 0x08, 0xe5, 0x08, 0xc5, 0x10, 0xc5, 0x10,
    0xe5, 0x08, 0xe5, 0x08, 0xe5, 0x08, 0xe5, 0x08, 0xe5, 0x08, 0xe5, 0x08, 0xe5, 0x08, 0xe5, 0x08, 0xe5, 0x08, 0xe5, 0x08, 0xe5, 0x08, 0xe5, 0x08,
    0xc5, 0x08, 0xc5, 0x08, 0xe5, 0x08, 0xe5, 0x08, 0xe5, 0x08, 0xe5, 0x08, 0xe5, 0x08, 0xe5, 0x08, 0xe5, 0x08, 0xe5, 0x08, 0xe5, 0x08, 0xe5, 0x08,
    0xc5, 0x08, 0xc5, 0x08, 0xc5, 0x08, 0xc5, 0x08, 0xc5, 0x08, 0xc5, 0x08, 0xe5, 0x10, 0xe5, 0x10, 0xe5, 0x10, 0xe5, 0x10, 0x9a, 0xd6, 0x9a, 0xd6,
    0x21, 0x00, 0x21, 0x00, 0x77, 0xa5, 0x77, 0xa5, 0xb5, 0x84, 0xb5, 0x84, 0x8d, 0x32, 0x8d, 0x32, 0x6d, 0x32, 0x6d, 0x32, 0x6d, 0x32, 0x6d, 0x32,
    0x8d, 0x32, 0x8d, 0x32, 0x6d, 0x32, 0x6d, 0x32, 0x8d, 0x32, 0x8d, 0x32, 0x8d, 0x3a, 0x8d, 0x3a, 0x27, 0x11, 0x27, 0x11, 0x89, 0x21, 0x89, 0x21,
    0xa9, 0x21, 0xa9, 0x21, 0xa9, 0x21, 0xa9, 0x21, 0x88, 0x19, 0x88, 0x19, 0x89, 0x21, 0x89, 0x21, 0x8d, 0x32, 0x8d, 0x32, 0x6d, 0x32, 0x6d, 0x32,
    0x6d, 0x32, 0x6d, 0x32, 0x6d, 0x32, 0x6d, 0x32, 0x6d, 0x32, 0x6d, 0x32, 0x6d, 0x32, 0x6d, 0x32, 0x27, 0x11, 0x27, 0x11, 0x6d, 0x32, 0x6d, 0x32,
    0x0b, 0x32, 0x0b, 0x32, 0x1c, 0xe7, 0x1c, 0xe7, 0xb8, 0xb5, 0xb8, 0xb5, 0x83, 0x08, 0x83, 0x08, 0xc5, 0x08, 0xc5, 0x08, 0x68, 0x19, 0x68, 0x19,
    0xeb, 0x29, 0xeb, 0x29, 0x8d, 0x32, 0x8d, 0x32, 0x8d, 0x32, 0x8d, 0x32, 0x6d, 0x32, 0x6d, 0x32, 0x6d, 0x32, 0x6d, 0x32, 0xce, 0x42, 0xce, 0x42,
    0x48, 0x19, 0x48, 0x19, 0xa8, 0x29, 0xa8, 0x29, 0xa8, 0x29, 0xa8, 0x29, 0x6d, 0x32, 0x6d, 0x32, 0x6d, 0x32, 0x6d, 0x32, 0x6d, 0x32, 0x6d, 0x32,
    0x6d, 0x32, 0x6d, 0x32, 0x6d, 0x32, 0x6d, 0x32, 0x6d, 0x32, 0x6d, 0x32, 0x6d, 0x32, 0x6d, 0x32, 0x48, 0x11, 0x48, 0x11, 0xc8, 0x31, 0xc8, 0x31,
    0x63, 0x08, 0x63, 0x08, 0x8d, 0x32, 0x8d, 0x32, 0x83, 0x00, 0x83, 0x00, 0xb8, 0xb5, 0xb8, 0xb5, 0x97, 0xad, 0x97, 0xad, 0x98, 0xad, 0x98, 0xad,
    0x83, 0x08, 0x83, 0x08, 0xe5, 0x10, 0xe5, 0x10, 0xe5, 0x10, 0xe5, 0x10, 0xc5, 0x08, 0xc5, 0x08, 0xe5, 0x10, 0xe5, 0x10, 0xe5, 0x10, 0xe5, 0x10,
    0xe5, 0x08, 0xe5, 0x08, 0xe5, 0x08, 0xe5, 0x08, 0xe5, 0x08, 0xe5, 0x08, 0xe5, 0x08, 0xe5, 0x08, 0xe6, 0x10, 0xe6, 0x10, 0xc5, 0x10, 0xc5, 0x10,
    0xe5, 0x08, 0xe5, 0x08, 0xe5, 0x08, 0xe5, 0x08, 0xe5, 0x10, 0xe5, 0x10, 0xe5, 0x10, 0xe5, 0x10, 0xe5, 0x10, 0xe5, 0x10, 0xc5, 0x10, 0xc5, 0x10,
    0xc5, 0x08, 0xc5, 0x08, 0xe5, 0x10, 0xe5, 0x10, 0xe5, 0x08, 0xe5, 0x08, 0xc5, 0x08, 0xc5, 0x08, 0xc5, 0x08, 0xc5, 0x08, 0xe5, 0x10, 0xe5, 0x10,
    0xc5, 0x08, 0xc5, 0x08, 0xc5, 0x10, 0xc5, 0x10, 0xc5, 0x08, 0xc5, 0x08, 0xc5, 0x08, 0xc5, 0x08, 0xe5, 0x10, 0xe5, 0x10, 0xc5, 0x08, 0xc5, 0x08,
    0xe5, 0x08, 0xe5, 0x08, 0xe5, 0x10, 0xe5, 0x10, 0xe5, 0x08, 0xe5, 0x08, 0xc5, 0x08, 0xc5, 0x08, 0xe5, 0x08, 0xe5, 0x08, 0xc5, 0x10, 0xc5, 0x10,
    0xe5, 0x08, 0xe5, 0x08, 0xe5, 0x08, 0xe5, 0x08, 0xe5, 0x08, 0xe5, 0x08, 0xe5, 0x08, 0xe5, 0x08, 0xe5, 0x08, 0xe5, 0x08, 0xe5, 0x08, 0xe5, 0x08,
    0xc5, 0x08, 0xc5, 0x08, 0xe5, 0x08, 0xe5, 0x08, 0xe5, 0x08, 0xe5, 0x08, 0xe5, 0x08, 0xe5, 0x08, 0xe5, 0x08, 0xe5, 0x08, 0xe5, 0x08, 0xe5, 0x08,
    0xc5, 0x08, 0xc5, 0x08, 0xc5, 0x08, 0xc5, 0x08, 0xc5, 0x08, 0xc5, 0x08, 0xe5, 0x10, 0xe5, 0x10, 0xe5, 0x10, 0xe5, 0x10, 0x9a, 0xd6, 0x9a, 0xd6,
    0x21, 0x00, 0x21, 0x00, 0x77, 0xa5, 0x77, 0xa5, 0xb5, 0x84, 0xb5, 0x84, 0x8d, 0x32, 0x8d, 0x32, 0x6d, 0x32, 0x6d, 0x32, 0x6d, 0x32, 0x6d, 0x32,
    0x8d, 0x32, 0x8d, 0x32, 0x6d, 0x32, 0x6d, 0x32, 0x8d, 0x32, 0x8d, 0x32, 0x8d, 0x3a, 0x8d, 0x3a, 0x27, 0x11, 0x27, 0x11, 0x89, 0x21, 0x89, 0x21,
    0xa9, 0x21, 0xa9, 0x21, 0xa9, 0x21, 0xa9, 0x21, 0x88, 0x19, 0x88, 0x19, 0x89, 0x21, 0x89, 0x21, 0x8d, 0x32, 0x8d, 0x32, 0x6d, 0x32, 0x6d, 0x32,
    0x6d, 0x32, 0x6d, 0x32, 0x6d, 0x32, 0x6d, 0x32, 0x6d, 0x32, 0x6d, 0x32, 0x6d, 0x32, 0x6d, 0x32, 0x27, 0x11, 0x27, 0x11, 0x6d, 0x32, 0x6d, 0x32,
    0x0b, 0x32, 0x0b, 0x32, 0x1c, 0xe7, 0x1c, 0xe7, 0xb8, 0xb5, 0xb8, 0xb5, 0x83, 0x08, 0x83, 0x08, 0xc5, 0x08, 0xc5, 0x08, 0x68, 0x19, 0x68, 0x19,
    0xeb, 0x29, 0xeb, 0x29, 0x8d, 0x32, 0x8d, 0x32, 0x8d, 0x32, 0x8d, 0x32, 0x6d, 0x32, 0x6d, 0x32, 0x6d, 0x32, 0x6d, 0x32, 0xce, 0x42, 0xce, 0x42,
    0x48, 0x19, 0x48, 0x19, 0xa8, 0x29, 0xa8, 0x29, 0xa8, 0x29, 0xa8, 0x29, 0x6d, 0x32, 0x6d, 0x32, 0x6d, 0x32, 0x6d, 0x32, 0x6d, 0x32, 0x6d, 0x32,
    0x6d, 0x32, 0x6d, 0x32, 0x6d, 0x32, 0x6d, 0x32, 0x6d, 0x32, 0x6d, 0x32, 0x6d, 0x32, 0x6d, 0x32, 0x48, 0x11, 0x48, 0x11, 0xc8, 0x31, 0xc8, 0x31,
    0x63, 0x08, 0x63, 0x08, 0x8d, 0x32, 0x8d, 0x32, 0x83, 0x00, 0x83, 0x00, 0xb8, 0xb5, 0xb8, 0xb5, 0x97, 0xad, 0x97, 0xad, 0x98, 0xad, 0x98, 0xad,
    0x83, 0x08, 0x83, 0x08, 0xe5, 0x10, 0xe5, 0x10, 0xe5, 0x10, 0xe5, 0x10, 0xc5, 0x08, 0xc5, 0x08, 0xe5, 0x10, 0xe5, 0x10, 0xe5, 0x10, 0xe5, 0x10,
    0xe5, 0x08, 0xe5, 0x08, 0xe5, 0x08, 0xe5, 0x08, 0xe5, 0x08, 0xe5, 0x08, 0xe5, 0x08, 0xe5, 0x08, 0xe6, 0x10, 0xe6, 0x10, 0xc5, 0x10, 0xc5, 0x10,
    0xe5, 0x08, 0xe5, 0x08, 0xe5, 0x08, 0xe5, 0x08, 0xe5, 0x10, 0xe5, 0x10, 0xe5, 0x10, 0xe5, 0x10, 0xe5, 0x10, 0xe5, 0x10, 0xc5, 0x10, 0xc5, 0x10,
    0xe5, 0x08, 0xe5, 0x08, 0xe5, 0x10, 0xe5, 0x10, 0xe5, 0x08, 0xe5, 0x08, 0xe5, 0x08, 0xe5, 0x08, 0xe5, 0x08, 0xe5, 0x08, 0xe5, 0x08, 0xe5, 0x08,
    0xc5, 0x08, 0xc5, 0x08, 0xe5, 0x08, 0xe5, 0x08, 0xe5, 0x08, 0xe5, 0x08, 0xe5, 0x08, 0xe5, 0x08, 0xe5, 0x10, 0xe5, 0x10, 0xc5, 0x08, 0xc5, 0x08,
    0xc5, 0x08, 0xc5, 0x08, 0xe5, 0x10, 0xe5, 0x10, 0xe5, 0x08, 0xe5, 0x08, 0xe5, 0x08, 0xe5, 0x08, 0xc5, 0x08, 0xc5, 0x08, 0xc5, 0x08, 0xc5, 0x08,
    0xe5, 0x08, 0xe5, 0x08, 0xc5, 0x08, 0xc5, 0x08, 0xc5, 0x08, 0xc5, 0x08, 0xe5, 0x08, 0xe5, 0x08, 0xc5, 0x08, 0xc5, 0x08, 0xe5, 0x08, 0xe5, 0x08,
    0xe5, 0x10, 0xe5, 0x10, 0xe5, 0x10, 0xe5, 0x10, 0xc5, 0x08, 0xc5, 0x08, 0xe5, 0x08, 0xe5, 0x08, 0xe5, 0x08, 0xe5, 0x08, 0xe5, 0x08, 0xe5, 0x08,
    0xe5, 0x08, 0xe5, 0x08, 0xe5, 0x10, 0xe5, 0x10, 0xe5, 0x08, 0xe5, 0x08, 0xc5, 0x08, 0xc5, 0x08, 0x63, 0x00, 0x63, 0x00, 0x57, 0x9d, 0x57, 0x9d,
    0x36, 0x9d, 0x36, 0x9d, 0xf5, 0x8c, 0xf5, 0x8c, 0x6d, 0x32, 0x6d, 0x32, 0x8d, 0x32, 0x8d, 0x32, 0x8d, 0x32, 0x8d, 0x32, 0x6d, 0x32, 0x6d, 0x32,
    0x6d, 0x32, 0x6d, 0x32, 0x6d, 0x32, 0x6d, 0x32, 0x8d, 0x32, 0x8d, 0x32, 0x06, 0x11, 0x06, 0x11, 0xe6, 0x10, 0xe6, 0x10, 0x27, 0x11, 0x27, 0x11,
    0x06, 0x11, 0x06, 0x11, 0x8d, 0x32, 0x8d, 0x32, 0x8d, 0x32, 0x8d, 0x32, 0x6d, 0x32, 0x6d, 0x32, 0x8d, 0x32, 0x8d, 0x32, 0x8d, 0x32, 0x8d, 0x32,
    0x6d, 0x32, 0x6d, 0x32, 0x6d, 0x32, 0x6d, 0x32, 0x6d, 0x32, 0x6d, 0x32, 0x27, 0x11, 0x27, 0x11, 0x27, 0x11, 0x27, 0x11, 0x8e, 0x3a, 0x8e, 0x3a,
    0x00, 0x00, 0x00, 0x00, 0x3c, 0xe7, 0x3c, 0xe7, 0xb8, 0xb5, 0xb8, 0xb5, 0x83, 0x08, 0x83, 0x08, 0x88, 0x19, 0x88, 0x19, 0x68, 0x19, 0x68, 0x19,
    0x0b, 0x2a, 0x0b, 0x2a, 0x8d, 0x32, 0x8d, 0x32, 0x8d, 0x32, 0x8d, 0x32, 0x6d, 0x32, 0x6d, 0x32, 0x6d, 0x32, 0x6d, 0x32, 0xef, 0x42, 0xef, 0x42,
    0x0c, 0x2a, 0x0c, 0x2a, 0xc8, 0x31, 0xc8, 0x31, 0x87, 0x29, 0x87, 0x29, 0x8d, 0x32, 0x8d, 0x32, 0x6d, 0x32, 0x6d, 0x32, 0x6d, 0x32, 0x6d, 0x32,
    0x6d, 0x32, 0x6d, 0x32, 0x6d, 0x32, 0x6d, 0x32, 0x6d, 0x32, 0x6d, 0x32, 0x8d, 0x32, 0x8d, 0x32, 0x47, 0x19, 0x47, 0x19, 0x47, 0x11, 0x47, 0x11,
    0x46, 0x21, 0x46, 0x21, 0x8d, 0x32, 0x8d, 0x32, 0x48, 0x19, 0x48, 0x19, 0x47, 0x19, 0x47, 0x19, 0x97, 0xad, 0x97, 0xad, 0x97, 0xad, 0x97, 0xad,
    0x98, 0xad, 0x98, 0xad, 0xe5, 0x10, 0xe5, 0x10, 0xe5, 0x10, 0xe5, 0x10, 0xe5, 0x08, 0xe5, 0x08, 0xe5, 0x08, 0xe5, 0x08, 0xe5, 0x10, 0xe5, 0x10,
    0xe5, 0x10, 0xe5, 0x10, 0xe5, 0x10, 0xe5, 0x10, 0xe5, 0x08, 0xe5, 0x08, 0xe5, 0x08, 0xe5, 0x08, 0xe5, 0x08, 0xe5, 0x08, 0xe5, 0x08, 0xe5, 0x08,
    0xe5, 0x10, 0xe5, 0x10, 0xe5, 0x08, 0xe5, 0x08, 0xe5, 0x08, 0xe5, 0x08, 0xc5, 0x10, 0xc5, 0x10, 0xe5, 0x08, 0xe5, 0x08, 0xe5, 0x10, 0xe5, 0x10,
    0xe5, 0x08, 0xe5, 0x08, 0xe5, 0x10, 0xe5, 0x10, 0xe5, 0x08, 0xe5, 0x08, 0xe5, 0x08, 0xe5, 0x08, 0xe5, 0x08, 0xe5, 0x08, 0xe5, 0x08, 0xe5, 0x08,
    0xc5, 0x08, 0xc5, 0x08, 0xe5, 0x08, 0xe5, 0x08, 0xe5, 0x08, 0xe5, 0x08, 0xe5, 0x08, 0xe5, 0x08, 0xe5, 0x10, 0xe5, 0x10, 0xc5, 0x08, 0xc5, 0x08,
    0xc5, 0x08, 0xc5, 0x08, 0xe5, 0x10, 0xe5, 0x10, 0xe5, 0x08, 0xe5, 0x08, 0xe5, 0x08, 0xe5, 0x08, 0xc5, 0x08, 0xc5, 0x08, 0xc5, 0x08, 0xc5, 0x08,
    0xe5, 0x08, 0xe5, 0x08, 0xc5, 0x08, 0xc5, 0x08, 0xc5, 0x08, 0xc5, 0x08, 0xe5, 0x08, 0xe5, 0x08, 0xc5, 0x08, 0xc5, 0x08, 0xe5, 0x08, 0xe5, 0x08,
    0xe5, 0x10, 0xe5, 0x10, 0xe5, 0x10, 0xe5, 0x10, 0xc5, 0x08, 0xc5, 0x08, 0xe5, 0x08, 0xe5, 0x08, 0xe5, 0x08, 0xe5, 0x08, 0xe5, 0x08, 0xe5, 0x08,
    0xe5, 0x08, 0xe5, 0x08, 0xe5, 0x10, 0xe5, 0x10, 0xe5, 0x08, 0xe5, 0x08, 0xc5, 0x08, 0xc5, 0x08, 0x63, 0x00, 0x63, 0x00, 0x57, 0x9d, 0x57, 0x9d,
    0x36, 0x9d, 0x36, 0x9d, 0xf5, 0x8c, 0xf5, 0x8c, 0x6d, 0x32, 0x6d, 0x32, 0x8d, 0x32, 0x8d, 0x32, 0x8d, 0x32, 0x8d, 0x32, 0x6d, 0x32, 0x6d, 0x32,
    0x6d, 0x32, 0x6d, 0x32, 0x6d, 0x32, 0x6d, 0x32, 0x8d, 0x32, 0x8d, 0x32, 0x06, 0x11, 0x06, 0x11, 0xe6, 0x10, 0xe6, 0x10, 0x27, 0x11, 0x27, 0x11,
    0x06, 0x11, 0x06, 0x11, 0x8d, 0x32, 0x8d, 0x32, 0x8d, 0x32, 0x8d, 0x32, 0x6d, 0x32, 0x6d, 0x32, 0x8d, 0x32, 0x8d, 0x32, 0x8d, 0x32, 0x8d, 0x32,
    0x6d, 0x32, 0x6d, 0x32, 0x6d, 0x32, 0x6d, 0x32, 0x6d, 0x32, 0x6d, 0x32, 0x27, 0x11, 0x27, 0x11, 0x27, 0x11, 0x27, 0x11, 0x8e, 0x3a, 0x8e, 0x3a,
    0x00, 0x00, 0x00, 0x00, 0x3c, 0xe7, 0x3c, 0xe7, 0xb8, 0xb5, 0xb8, 0xb5, 0x83, 0x08, 0x83, 0x08, 0x88, 0x19, 0x88, 0x19, 0x68, 0x19, 0x68, 0x19,
    0x0b, 0x2a, 0x0b, 0x2a, 0x8d, 0x32, 0x8d, 0x32, 0x8d, 0x32, 0x8d, 0x32, 0x6d, 0x32, 0x6d, 0x32, 0x6d, 0x32, 0x6d, 0x32, 0xef, 0x42, 0xef, 0x42,
    0x0c, 0x2a, 0x0c, 0x2a, 0xc8, 0x31, 0xc8, 0x31, 0x87, 0x29, 0x87, 0x29, 0x8d, 0x32, 0x8d, 0x32, 0x6d, 0x32, 0x6d, 0x32, 0x6d, 0x32, 0x6d, 0x32,
    0x6d, 0x32, 0x6d, 0x32, 0x6d, 0x32, 0x6d, 0x32, 0x6d, 0x32, 0x6d, 0x32, 0x8d, 0x32, 0x8d, 0x32, 0x47, 0x19, 0x47, 0x19, 0x47, 0x11, 0x47, 0x11,
    0x46, 0x21, 0x46, 0x21, 0x8d, 0x32, 0x8d, 0x32, 0x48, 0x19, 0x48, 0x19, 0x47, 0x19, 0x47, 0x19, 0x97, 0xad, 0x97, 0xad, 0x97, 0xad, 0x97, 0xad,
    0x98, 0xad, 0x98, 0xad, 0xe5, 0x10, 0xe5, 0x10, 0xe5, 0x10, 0xe5, 0x10, 0xe5, 0x08, 0xe5, 0x08, 0xe5, 0x08, 0xe5, 0x08, 0xe5, 0x10, 0xe5, 0x10,
    0xe5, 0x10, 0xe5, 0x10, 0xe5, 0x10, 0xe5, 0x10, 0xe5, 0x08, 0xe5, 0x08, 0xe5, 0x08, 0xe5, 0x08, 0xe5, 0x08, 0xe5, 0x08, 0xe5, 0x08, 0xe5, 0x08,
    0xe5, 0x10, 0xe5, 0x10, 0xe5, 0x08, 0xe5, 0x08, 0xe5, 0x08, 0xe5, 0x08, 0xc5, 0x10, 0xc5, 0x10, 0xe5, 0x08, 0xe5, 0x08, 0xe5, 0x10, 0xe5, 0x10,
    0xc5, 0x08, 0xc5, 0x08, 0xc5, 0x08, 0xc5, 0x08, 0xe5, 0x08, 0xe5, 0x08, 0xc5, 0x08, 0xc5, 0x08, 0xe5, 0x08, 0xe5, 0x08, 0xe5, 0x08, 0xe5, 0x08,
    0xe5, 0x08, 0xe5, 0x08, 0xc5, 0x08, 0xc5, 0x08, 0xc5, 0x10, 0xc5, 0x10, 0xe5, 0x08, 0xe5, 0x08, 0xe5, 0x10, 0xe5, 0x10, 0xe5, 0x08, 0xe5, 0x08,
    0xc5, 0x08, 0xc5, 0x08, 0xe5, 0x10, 0xe5, 0x10, 0xe5, 0x08, 0xe5, 0x08, 0xc5, 0x08, 0xc5, 0x08, 0xe5, 0x08, 0xe5, 0x08, 0xe5, 0x08, 0xe5, 0x08,
    0xc5, 0x08, 0xc5, 0x08, 0xe5, 0x08, 0xe5, 0x08, 0xc5, 0x08, 0xc5, 0x08, 0xc5, 0x08, 0xc5, 0x08, 0xe5, 0x08, 0xe5, 0x08, 0xe5, 0x08, 0xe5, 0x08,
    0xe5, 0x08, 0xe5, 0x08, 0xe5, 0x08, 0xe5, 0x08, 0xe5, 0x08, 0xe5, 0x08, 0xc5, 0x08, 0xc5, 0x08, 0xc5, 0x08, 0xc5, 0x08, 0xe5, 0x10, 0xe5, 0x10,
    0xc5, 0x08, 0xc5, 0x08, 0xe5, 0x08, 0xe5, 0x08, 0x9b, 0xd6, 0x9b, 0xd6, 0x00, 0x00, 0x00, 0x00, 0x94, 0x84, 0x94, 0x84, 0x94, 0x84, 0x94, 0x84,
    0x6d, 0x32, 0x6d, 0x32, 0x6d, 0x32, 0x6d, 0x32, 0x6d, 0x32, 0x6d, 0x32, 0x8d, 0x32, 0x8d, 0x32, 0x8d, 0x32, 0x8d, 0x32, 0x8d, 0x32, 0x8d, 0x32,
    0x8d, 0x32, 0x8d, 0x32, 0x8d, 0x32, 0x8d, 0x32, 0x8d, 0x32, 0x8d, 0x32, 0x88, 0x19, 0x88, 0x19, 0xa9, 0x21, 0xa9, 0x21, 0x27, 0x11, 0x27, 0x11,
    0x27, 0x11, 0x27, 0x11, 0x6d, 0x32, 0x6d, 0x32, 0x6d, 0x32, 0x6d, 0x32, 0x07, 0x11, 0x07, 0x11, 0x07, 0x11, 0x07, 0x11, 0x06, 0x11, 0x06, 0x11,
    0x06, 0x11, 0x06, 0x11, 0x6d, 0x32, 0x6d, 0x32, 0x6d, 0x32, 0x6d, 0x32, 0x27, 0x11, 0x27, 0x11, 0x27, 0x11, 0x27, 0x11, 0x83, 0x08, 0x83, 0x08,
    0x3c, 0xef, 0x3c, 0xef, 0x97, 0xad, 0x97, 0xad, 0x87, 0x29, 0x87, 0x29, 0x68, 0x19, 0x68, 0x19, 0x89, 0x19, 0x89, 0x19, 0x47, 0x11, 0x47, 0x11,
    0x47, 0x11, 0x47, 0x11, 0x47, 0x11, 0x47, 0x11, 0x47, 0x11, 0x47, 0x11, 0x8e, 0x32, 0x8e, 0x32, 0x6d, 0x32, 0x6d, 0x32, 0x6d, 0x32, 0x6d, 0x32,
    0x68, 0x19, 0x68, 0x19, 0x26, 0x19, 0x26, 0x19, 0x26, 0x19, 0x26, 0x19, 0xa4, 0x08, 0xa4, 0x08, 0x6d, 0x32, 0x6d, 0x32, 0x6d, 0x32, 0x6d, 0x32,
    0x6d, 0x32, 0x6d, 0x32, 0x8d, 0x3a, 0x8d, 0x3a, 0x8d, 0x3a, 0x8d, 0x3a, 0x8d, 0x3a, 0x8d, 0x3a, 0x8d, 0x32, 0x8d, 0x32, 0xa9, 0x21, 0xa9, 0x21,
    0x83, 0x08, 0x83, 0x08, 0x22, 0x00, 0x22, 0x00, 0xae, 0x3a, 0xae, 0x3a, 0x69, 0x19, 0x69, 0x19, 0x22, 0x00, 0x22, 0x00, 0xb8, 0xb5, 0xb8, 0xb5,
    0x98, 0xad, 0x98, 0xad, 0x7a, 0xce, 0x7a, 0xce, 0xe5, 0x10, 0xe5, 0x10, 0xc5, 0x08, 0xc5, 0x08, 0xe5, 0x10, 0xe5, 0x10, 0xe5, 0x08, 0xe5, 0x08,
    0xe5, 0x10, 0xe5, 0x10, 0xe5, 0x08, 0xe5, 0x08, 0xe5, 0x08, 0xe5, 0x08, 0xe5, 0x10, 0xe5, 0x10, 0xe5, 0x10, 0xe5, 0x10, 0xe6, 0x10, 0xe6, 0x10,
    0xe5, 0x08, 0xe5, 0x08, 0xe5, 0x08, 0xe5, 0x08, 0xe5, 0x10, 0xe5, 0x10, 0xe5, 0x10, 0xe5, 0x10, 0xe5, 0x10, 0xe5, 0x10, 0xc5, 0x08, 0xc5, 0x08,
    0xc5, 0x08, 0xc5, 0x08, 0xc5, 0x08, 0xc5, 0x08, 0xe5, 0x08, 0xe5, 0x08, 0xc5, 0x08, 0xc5, 0x08, 0xe5, 0x08, 0xe5, 0x08, 0xe5, 0x08, 0xe5, 0x08,
    0xe5, 0x08, 0xe5, 0x08, 0xc5, 0x08, 0xc5, 0x08, 0xc5, 0x10, 0xc5, 0x10, 0xe5, 0x08, 0xe5, 0x08, 0xe5, 0x10, 0xe5, 0x10, 0xe5, 0x08, 0xe5, 0x08,
    0xc5, 0x08, 0xc5, 0x08, 0xe5, 0x10, 0xe5, 0x10, 0xe5, 0x08, 0xe5, 0x08, 0xc5, 0x08, 0xc5, 0x08, 0xe5, 0x08, 0xe5, 0x08, 0xe5, 0x08, 0xe5, 0x08,
    0xc5, 0x08, 0xc5, 0x08, 0xe5, 0x08, 0xe5, 0x08, 0xc5, 0x08, 0xc5, 0x08, 0xc5, 0x08, 0xc5, 0x08, 0xe5, 0x08, 0xe5, 0x08, 0xe5, 0x08, 0xe5, 0x08,
    0xe5, 0x08, 0xe5, 0x08, 0xe5, 0x08, 0xe5, 0x08, 0xe5, 0x08, 0xe5, 0x08, 0xc5, 0x08, 0xc5, 0x08, 0xc5, 0x08, 0xc5, 0x08, 0xe5, 0x10, 0xe5, 0x10,
    0xc5, 0x08, 0xc5, 0x08, 0xe5, 0x08, 0xe5, 0x08, 0x9b, 0xd6, 0x9b, 0xd6, 0x00, 0x00, 0x00, 0x00, 0x94, 0x84, 0x94, 0x84, 0x94, 0x84, 0x94, 0x84,
    0x6d, 0x32, 0x6d, 0x32, 0x6d, 0x32, 0x6d, 0x32, 0x6d, 0x32, 0x6d, 0x32, 0x8d, 0x32, 0x8d, 0x32, 0x8d, 0x32, 0x8d, 0x32, 0x8d, 0x32, 0x8d, 0x32,
    0x8d, 0x32, 0x8d, 0x32, 0x8d, 0x32, 0x8d, 0x32, 0x8d, 0x32, 0x8d, 0x32, 0x88, 0x19, 0x88, 0x19, 0xa9, 0x21, 0xa9, 0x21, 0x27, 0x11, 0x27, 0x11,
    0x27, 0x11, 0x27, 0x11, 0x6d, 0x32, 0x6d, 0x32, 0x6d, 0x32, 0x6d, 0x32, 0x07, 0x11, 0x07, 0x11, 0x07, 0x11, 0x07, 0x11, 0x06, 0x11, 0x06, 0x11,
    0x06, 0x11, 0x06, 0x11, 0x6d, 0x32, 0x6d, 0x32, 0x6d, 0x32, 0x6d, 0x32, 0x27, 0x11, 0x27, 0x11, 0x27, 0x11, 0x27, 0x11, 0x83, 0x08, 0x83, 0x08,
    0x3c, 0xef, 0x3c, 0xef, 0x97, 0xad, 0x97, 0xad, 0x87, 0x29, 0x87, 0x29, 0x68, 0x19, 0x68, 0x19, 0x89, 0x19, 0x89, 0x19, 0x47, 0x11, 0x47, 0x11,
    0x47, 0x11, 0x47, 0x11, 0x47, 0x11, 0x47, 0x11, 0x47, 0x11, 0x47, 0x11, 0x8e, 0x32, 0x8e, 0x32, 0x6d, 0x32, 0x6d, 0x32, 0x6d, 0x32, 0x6d, 0x32,
    0x68, 0x19, 0x68, 0x19, 0x26, 0x19, 0x26, 0x19, 0x26, 0x19, 0x26, 0x19, 0xa4, 0x08, 0xa4, 0x08, 0x6d, 0x32, 0x6d, 0x32, 0x6d, 0x32, 0x6d, 0x32,
    0x6d, 0x32, 0x6d, 0x32, 0x8d, 0x3a, 0x8d, 0x3a, 0x8d, 0x3a, 0x8d, 0x3a, 0x8d, 0x3a, 0x8d, 0x3a, 0x8d, 0x32, 0x8d, 0x32, 0xa9, 0x21, 0xa9, 0x21,
    0x83, 0x08, 0x83, 0x08, 0x22, 0x00, 0x22, 0x00, 0xae, 0x3a, 0xae, 0x3a, 0x69, 0x19, 0x69, 0x19, 0x22, 0x00, 0x22, 0x00, 0xb8, 0xb5, 0xb8, 0xb5,
    0x98, 0xad, 0x98, 0xad, 0x7a, 0xce, 0x7a, 0xce, 0xe5, 0x10, 0xe5, 0x10, 0xc5, 0x08, 0xc5, 0x08, 0xe5, 0x10, 0xe5, 0x10, 0xe5, 0x08, 0xe5, 0x08,
    0xe5, 0x10, 0xe5, 0x10, 0xe5, 0x08, 0xe5, 0x08, 0xe5, 0x08, 0xe5, 0x08, 0xe5, 0x10, 0xe5, 0x10, 0xe5, 0x10, 0xe5, 0x10, 0xe6, 0x10, 0xe6, 0x10,
    0xe5, 0x08, 0xe5, 0x08, 0xe5, 0x08, 0xe5, 0x08, 0xe5, 0x10, 0xe5, 0x10, 0xe5, 0x10, 0xe5, 0x10, 0xe5, 0x10, 0xe5, 0x10, 0xc5, 0x08, 0xc5, 0x08,
    0xe5, 0x08, 0xe5, 0x08, 0xe5, 0x08, 0xe5, 0x08, 0xc5, 0x08, 0xc5, 0x08, 0xe5, 0x10, 0xe5, 0x10, 0xe5, 0x08, 0xe5, 0x08, 0xe5, 0x08, 0xe5, 0x08,
    0xe5, 0x10, 0xe5, 0x10, 0xe5, 0x10, 0xe5, 0x10, 0xe5, 0x10, 0xe5, 0x10, 0xe5, 0x08, 0xe5, 0x08, 0xe5, 0x10, 0xe5, 0x10, 0xe5, 0x08, 0xe5, 0x08,
    0xe5, 0x10, 0xe5, 0x10, 0xe5, 0x08, 0xe5, 0x08, 0xe5, 0x08, 0xe5, 0x08, 0xe5, 0x08, 0xe5, 0x08, 0xc5, 0x08, 0xc5, 0x08, 0xe5, 0x08, 0xe5, 0x08,
    0xc5, 0x08, 0xc5, 0x08, 0xe5, 0x08, 0xe5, 0x08, 0xe5, 0x10, 0xe5, 0x10, 0xe5, 0x10, 0xe5, 0x10, 0xe5, 0x08, 0xe5, 0x08, 0xe5, 0x08, 0xe5, 0x08,
    0xc5, 0x08, 0xc5, 0x08, 0xe5, 0x08, 0xe5, 0x08, 0xc5, 0x08, 0xc5, 0x08, 0xc5, 0x08, 0xc5, 0x08, 0xe5, 0x08, 0xe5, 0x08, 0xc5, 0x10, 0xc5, 0x10,
    0x23, 0x00, 0x23, 0x00, 0x88, 0x21, 0x88, 0x21, 0x16, 0x95, 0x16, 0x95, 0xd5, 0x8c, 0xd5, 0x8c, 0x74, 0x7c, 0x74, 0x7c, 0x8d, 0x32, 0x8d, 0x32,
    0x6d, 0x32, 0x6d, 0x32, 0x8d, 0x32, 0x8d, 0x32, 0x8d, 0x32, 0x8d, 0x32, 0x8d, 0x32, 0x8d, 0x32, 0x8d, 0x32, 0x8d, 0x32, 0x8d, 0x32, 0x8d, 0x32,
    0x6d, 0x32, 0x6d, 0x32, 0x8d, 0x32, 0x8d, 0x32, 0x06, 0x11, 0x06, 0x11, 0x06, 0x11, 0x06, 0x11, 0x27, 0x11, 0x27, 0x11, 0x06, 0x11, 0x06, 0x11,
    0x8d, 0x32, 0x8d, 0x32, 0x8d, 0x32, 0x8d, 0x32, 0x27, 0x11, 0x27, 0x11, 0x07, 0x11, 0x07, 0x11, 0x07, 0x11, 0x07, 0x11, 0x06, 0x11, 0x06, 0x11,
    0x06, 0x11, 0x06, 0x11, 0x06, 0x11, 0x06, 0x11, 0x8d, 0x32, 0x8d, 0x32, 0x06, 0x11, 0x06, 0x11, 0x27, 0x11, 0x27, 0x11, 0x9a, 0xd6, 0x9a, 0xd6,
    0x97, 0xad, 0x97, 0xad, 0xab, 0x4a, 0xab, 0x4a, 0xca, 0x21, 0xca, 0x21, 0x68, 0x19, 0x68, 0x19, 0x68, 0x19, 0x68, 0x19, 0x47, 0x11, 0x47, 0x11,
    0x47, 0x19, 0x47, 0x19, 0x47, 0x11, 0x47, 0x11, 0x47, 0x11, 0x47, 0x11, 0x47, 0x19, 0x47, 0x19, 0x6d, 0x32, 0x6d, 0x32, 0x6d, 0x32, 0x6d, 0x32,
    0x89, 0x19, 0x89, 0x19, 0xa4, 0x08, 0xa4, 0x08, 0xa8, 0x29, 0xa8, 0x29, 0xa8, 0x31, 0xa8, 0x31, 0x6d, 0x32, 0x6d, 0x32, 0x8d, 0x32, 0x8d, 0x32,
    0x48, 0x19, 0x48, 0x19, 0x47, 0x19, 0x47, 0x19, 0x48, 0x19, 0x48, 0x19, 0x47, 0x11, 0x47, 0x11, 0xce, 0x3a, 0xce, 0x3a, 0x27, 0x11, 0x27, 0x11,
    0x48, 0x19, 0x48, 0x19, 0x87, 0x29, 0x87, 0x29, 0xae, 0x3a, 0xae, 0x3a, 0x8d, 0x32, 0x8d, 0x32, 0xa4, 0x08, 0xa4, 0x08, 0xb8, 0xb5, 0xb8, 0xb5,
    0xb8, 0xb5, 0xb8, 0xb5, 0xb8, 0xb5, 0xb8, 0xb5, 0x43, 0x00, 0x43, 0x00, 0xc5, 0x08, 0xc5, 0x08, 0xe5, 0x08, 0xe5, 0x08, 0xe5, 0x10, 0xe5, 0x10,
    0xe5, 0x10, 0xe5, 0x10, 0xe5, 0x08, 0xe5, 0x08, 0xe5, 0x10, 0xe5, 0x10, 0xe5, 0x10, 0xe5, 0x10, 0xe5, 0x08, 0xe5, 0x08, 0xe5, 0x10, 0xe5, 0x10,
    0xe5, 0x08, 0xe5, 0x08, 0xe5, 0x08, 0xe5, 0x08, 0xe6, 0x08, 0xe6, 0x08, 0xe5, 0x10, 0xe5, 0x10, 0xe5, 0x08, 0xe5, 0x08, 0xc5, 0x08, 0xc5, 0x08,
    0xe5, 0x08, 0xe5, 0x08, 0xe5, 0x08, 0xe5, 0x08, 0xc5, 0x08, 0xc5, 0x08, 0xe5, 0x10, 0xe5, 0x10, 0xe5, 0x08, 0xe5, 0x08, 0xe5, 0x08, 0xe5, 0x08,
    0xe5, 0x10, 0xe5, 0x10, 0xe5, 0x10, 0xe5, 0x10, 0xe5, 0x10, 0xe5, 0x10, 0xe5, 0x08, 0xe5, 0x08, 0xe5, 0x10, 0xe5, 0x10, 0xe5, 0x08, 0xe5, 0x08,
    0xe5, 0x10, 0xe5, 0x10, 0xe5, 0x08, 0xe5, 0x08, 0xe5, 0x08, 0xe5, 0x08, 0xe5, 0x08, 0xe5, 0x08, 0xc5, 0x08, 0xc5, 0x08, 0xe5, 0x08, 0xe5, 0x08,
    0xc5, 0x08, 0xc5, 0x08, 0xe5, 0x08, 0xe5, 0x08, 0xe5, 0x10, 0xe5, 0x10, 0xe5, 0x10, 0xe5, 0x10, 0xe5, 0x08, 0xe5, 0x08, 0xe5, 0x08, 0xe5, 0x08,
    0xc5, 0x08, 0xc5, 0x08, 0xe5, 0x08, 0xe5, 0x08, 0xc5, 0x08, 0xc5, 0x08, 0xc5, 0x08, 0xc5, 0x08, 0xe5, 0x08, 0xe5, 0x08, 0xc5, 0x10, 0xc5, 0x10,
    0x23, 0x00, 0x23, 0x00, 0x88, 0x21, 0x88, 0x21, 0x16, 0x95, 0x16, 0x95, 0xd5, 0x8c, 0xd5, 0x8c, 0x74, 0x7c, 0x74, 0x7c, 0x8d, 0x32, 0x8d, 0x32,
    0x6d, 0x32, 0x6d, 0x32, 0x8d, 0x32, 0x8d, 0x32, 0x8d, 0x32, 0x8d, 0x32, 0x8d, 0x32, 0x8d, 0x32, 0x8d, 0x32, 0x8d, 0x32, 0x8d, 0x32, 0x8d, 0x32,
    0x6d, 0x32, 0x6d, 0x32, 0x8d, 0x32, 0x8d, 0x32, 0x06, 0x11, 0x06, 0x11, 0x06, 0x11, 0x06, 0x11, 0x27, 0x11, 0x27, 0x11, 0x06, 0x11, 0x06, 0x11,
    0x8d, 0x32, 0x8d, 0x32, 0x8d, 0x32, 0x8d, 0x32, 0x27, 0x11, 0x27, 0x11, 0x07, 0x11, 0x07, 0x11, 0x07, 0x11, 0x07, 0x11, 0x06, 0x11, 0x06, 0x11,
    0x06, 0x11, 0x06, 0x11, 0x06, 0x11, 0x06, 0x11, 0x8d, 0x32, 0x8d, 0x32, 0x06, 0x11, 0x06, 0x11, 0x27, 0x11, 0x27, 0x11, 0x9a, 0xd6, 0x9a, 0xd6,
    0x97, 0xad, 0x97, 0xad, 0xab, 0x4a, 0xab, 0x4a, 0xca, 0x21, 0xca, 0x21, 0x68, 0x19, 0x68, 0x19, 0x68, 0x19, 0x68, 0x19, 0x47, 0x11, 0x47, 0x11,
    0x47, 0x19, 0x47, 0x19, 0x47, 0x11, 0x47, 0x11, 0x47, 0x11, 0x47, 0x11, 0x47, 0x19, 0x47, 0x19, 0x6d, 0x32, 0x6d, 0x32, 0x6d, 0x32, 0x6d, 0x32,
    0x89, 0x19, 0x89, 0x19, 0xa4, 0x08, 0xa4, 0x08, 0xa8, 0x29, 0xa8, 0x29, 0xa8, 0x31, 0xa8, 0x31, 0x6d, 0x32, 0x6d, 0x32, 0x8d, 0x32, 0x8d, 0x32,
    0x48, 0x19, 0x48, 0x19, 0x47, 0x19, 0x47, 0x19, 0x48, 0x19, 0x48, 0x19, 0x47, 0x11, 0x47, 0x11, 0xce, 0x3a, 0xce, 0x3a, 0x27, 0x11, 0x27, 0x11,
    0x48, 0x19, 0x48, 0x19, 0x87, 0x29, 0x87, 0x29, 0xae, 0x3a, 0xae, 0x3a, 0x8d, 0x32, 0x8d, 0x32, 0xa4, 0x08, 0xa4, 0x08, 0xb8, 0xb5, 0xb8, 0xb5,
    0xb8, 0xb5, 0xb8, 0xb5, 0xb8, 0xb5, 0xb8, 0xb5, 0x43, 0x00, 0x43, 0x00, 0xc5, 0x08, 0xc5, 0x08, 0xe5, 0x08, 0xe5, 0x08, 0xe5, 0x10, 0xe5, 0x10,
    0xe5, 0x10, 0xe5, 0x10, 0xe5, 0x08, 0xe5, 0x08, 0xe5, 0x10, 0xe5, 0x10, 0xe5, 0x10, 0xe5, 0x10, 0xe5, 0x08, 0xe5, 0x08, 0xe5, 0x10, 0xe5, 0x10,
    0xe5, 0x08, 0xe5, 0x08, 0xe5, 0x08, 0xe5, 0x08, 0xe6, 0x08, 0xe6, 0x08, 0xe5, 0x10, 0xe5, 0x10, 0xe5, 0x08, 0xe5, 0x08, 0xc5, 0x08, 0xc5, 0x08,
    0xc5, 0x08, 0xc5, 0x08, 0xc5, 0x08, 0xc5, 0x08, 0xe5, 0x08, 0xe5, 0x08, 0xc5, 0x08, 0xc5, 0x08, 0xe5, 0x08, 0xe5, 0x08, 0xc5, 0x08, 0xc5, 0x08,
    0xc5, 0x10, 0xc5, 0x10, 0xe5, 0x10, 0xe5, 0x10, 0xc5, 0x08, 0xc5, 0x08, 0xe5, 0x08, 0xe5, 0x08, 0xc5, 0x08, 0xc5, 0x08, 0xe5, 0x08, 0xe5, 0x08,
    0xe5, 0x08, 0xe5, 0x08, 0xc5, 0x08, 0xc5, 0x08, 0xe5, 0x08, 0xe5, 0x08, 0xc5, 0x08, 0xc5, 0x08, 0xc5, 0x08, 0xc5, 0x08, 0xe5, 0x08, 0xe5, 0x08,
    0xe5, 0x08, 0xe5, 0x08, 0xe5, 0x08, 0xe5, 0x08, 0xe5, 0x08, 0xe5, 0x08, 0xe5, 0x08, 0xe5, 0x08, 0xc5, 0x08, 0xc5, 0x08, 0xc5, 0x08, 0xc5, 0x08,
    0xe5, 0x10, 0xe5, 0x10, 0xc5, 0x08, 0xc5, 0x08, 0xc5, 0x10, 0xc5, 0x10, 0xe5, 0x08, 0xe5, 0x08, 0xe5, 0x08, 0xe5, 0x08, 0x84, 0x00, 0x84, 0x00,
    0x42, 0x00, 0x42, 0x00, 0xb5, 0x84, 0xb5, 0x84, 0x33, 0x74, 0x33, 0x74, 0xd2, 0x63, 0xd2, 0x63, 0x8d, 0x32, 0x8d, 0x32, 0x8d, 0x32, 0x8d, 0x32,
    0x8d, 0x32, 0x8d, 0x32, 0x8d, 0x32, 0x8d, 0x32, 0x8d, 0x32, 0x8d, 0x32, 0x8d, 0x32, 0x8d, 0x32, 0x8d, 0x32, 0x8d, 0x32, 0x6d, 0x32, 0x6d, 0x32,
    0x6d, 0x32, 0x6d, 0x32, 0x8d, 0x3a, 0x8d, 0x3a, 0x68, 0x19, 0x68, 0x19, 0xa9, 0x21, 0xa9, 0x21, 0x27, 0x11, 0x27, 0x11, 0x06, 0x11, 0x06, 0x11,
    0x6d, 0x32, 0x6d, 0x32, 0x8d, 0x32, 0x8d, 0x32, 0x07, 0x11, 0x07, 0x11, 0x06, 0x11, 0x06, 0x11, 0x27, 0x11, 0x27, 0x11, 0x06, 0x11, 0x06, 0x11,
    0x06, 0x11, 0x06, 0x11, 0x06, 0x11, 0x06, 0x11, 0xae, 0x3a, 0xae, 0x3a, 0x06, 0x11, 0x06, 0x11, 0x42, 0x00, 0x42, 0x00, 0x5d, 0xef, 0x5d, 0xef,
    0x98, 0xad, 0x98, 0xad, 0x87, 0x29, 0x87, 0x29, 0x89, 0x19, 0x89, 0x19, 0x48, 0x19, 0x48, 0x19, 0x47, 0x11, 0x47, 0x11, 0x47, 0x19, 0x47, 0x19,
    0x47, 0x11, 0x47, 0x11, 0x47, 0x11, 0x47, 0x11, 0x47, 0x11, 0x47, 0x11, 0x47, 0x19, 0x47, 0x19, 0x6d, 0x32, 0x6d, 0x32, 0x6d, 0x32, 0x6d, 0x32,
    0xa9, 0x21, 0xa9, 0x21, 0x68, 0x19, 0x68, 0x19, 0xc8, 0x31, 0xc8, 0x31, 0xa8, 0x29, 0xa8, 0x29, 0x8d, 0x32, 0x8d, 0x32, 0xca, 0x21, 0xca, 0x21,
    0x48, 0x19, 0x48, 0x19, 0x48, 0x19, 0x48, 0x19, 0x48, 0x19, 0x48, 0x19, 0x47, 0x19, 0x47, 0x19, 0x47, 0x19, 0x47, 0x19, 0xae, 0x3a, 0xae, 0x3a,
    0x48, 0x19, 0x48, 0x19, 0x67, 0x29, 0x67, 0x29, 0x87, 0x21, 0x87, 0x21, 0x8d, 0x32, 0x8d, 0x32, 0xa9, 0x21, 0xa9, 0x21, 0x67, 0x21, 0x67, 0x21,
    0x98, 0xad, 0x98, 0xad, 0x98, 0xb5, 0x98, 0xb5, 0xb8, 0xb5, 0xb8, 0xb5, 0xc4, 0x08, 0xc4, 0x08, 0xc5, 0x08, 0xc5, 0x08, 0xe5, 0x10, 0xe5, 0x10,
    0xc5, 0x08, 0xc5, 0x08, 0xe5, 0x10, 0xe5, 0x10, 0xc5, 0x08, 0xc5, 0x08, 0xc5, 0x10, 0xc5, 0x10, 0xe6, 0x08, 0xe6, 0x08, 0xe5, 0x10, 0xe5, 0x10,
    0xe6, 0x10, 0xe6, 0x10, 0xc5, 0x10, 0xc5, 0x10, 0xe5, 0x10, 0xe5, 0x10, 0xe5, 0x10, 0xe5, 0x10, 0xe5, 0x08, 0xe5, 0x08, 0xe5, 0x10, 0xe5, 0x10,
    0xc5, 0x08, 0xc5, 0x08, 0xc5, 0x08, 0xc5, 0x08, 0xe5, 0x08, 0xe5, 0x08, 0xc5, 0x08, 0xc5, 0x08, 0xe5, 0x08, 0xe5, 0x08, 0xc5, 0x08, 0xc5, 0x08,
    0xc5, 0x10, 0xc5, 0x10, 0xe5, 0x10, 0xe5, 0x10, 0xc5, 0x08, 0xc5, 0x08, 0xe5, 0x08, 0xe5, 0x08, 0xc5, 0x08, 0xc5, 0x08, 0xe5, 0x08, 0xe5, 0x08,
    0xe5, 0x08, 0xe5, 0x08, 0xc5, 0x08, 0xc5, 0x08, 0xe5, 0x08, 0xe5, 0x08, 0xc5, 0x08, 0xc5, 0x08, 0xc5, 0x08, 0xc5, 0x08, 0xe5, 0x08, 0xe5, 0x08,
    0xe5, 0x08, 0xe5, 0x08, 0xe5, 0x08, 0xe5, 0x08, 0xe5, 0x08, 0xe5, 0x08, 0xe5, 0x08, 0xe5, 0x08, 0xc5, 0x08, 0xc5, 0x08, 0xc5, 0x08, 0xc5, 0x08,
    0xe5, 0x10, 0xe5, 0x10, 0xc5, 0x08, 0xc5, 0x08, 0xc5, 0x10, 0xc5, 0x10, 0xe5, 0x08, 0xe5, 0x08, 0xe5, 0x08, 0xe5, 0x08, 0x84, 0x00, 0x84, 0x00,
    0x42, 0x00, 0x42, 0x00, 0xb5, 0x84, 0xb5, 0x84, 0x33, 0x74, 0x33, 0x74, 0xd2, 0x63, 0xd2, 0x63, 0x8d, 0x32, 0x8d, 0x32, 0x8d, 0x32, 0x8d, 0x32,
    0x8d, 0x32, 0x8d, 0x32, 0x8d, 0x32, 0x8d, 0x32, 0x8d, 0x32, 0x8d, 0x32, 0x8d, 0x32, 0x8d, 0x32, 0x8d, 0x32, 0x8d, 0x32, 0x6d, 0x32, 0x6d, 0x32,
    0x6d, 0x32, 0x6d, 0x32, 0x8d, 0x3a, 0x8d, 0x3a, 0x68, 0x19, 0x68, 0x19, 0xa9, 0x21, 0xa9, 0x21, 0x27, 0x11, 0x27, 0x11, 0x06, 0x11, 0x06, 0x11,
    0x6d, 0x32, 0x6d, 0x32, 0x8d, 0x32, 0x8d, 0x32, 0x07, 0x11, 0x07, 0x11, 0x06, 0x11, 0x06, 0x11, 0x27, 0x11, 0x27, 0x11, 0x06, 0x11, 0x06, 0x11,
    0x06, 0x11, 0x06, 0x11, 0x06, 0x11, 0x06, 0x11, 0xae, 0x3a, 0xae, 0x3a, 0x06, 0x11, 0x06, 0x11, 0x42, 0x00, 0x42, 0x00, 0x5d, 0xef, 0x5d, 0xef,
    0x98, 0xad, 0x98, 0xad, 0x87, 0x29, 0x87, 0x29, 0x89, 0x19, 0x89, 0x19, 0x48, 0x19, 0x48, 0x19, 0x47, 0x11, 0x47, 0x11, 0x47, 0x19, 0x47, 0x19,
    0x47, 0x11, 0x47, 0x11, 0x47, 0x11, 0x47, 0x11, 0x47, 0x11, 0x47, 0x11, 0x47, 0x19, 0x47, 0x19, 0x6d, 0x32, 0x6d, 0x32, 0x6d, 0x32, 0x6d, 0x32,
    0xa9, 0x21, 0xa9, 0x21, 0x68, 0x19, 0x68, 0x19, 0xc8, 0x31, 0xc8, 0x31, 0xa8, 0x29, 0xa8, 0x29, 0x8d, 0x32, 0x8d, 0x32, 0xca, 0x21, 0xca, 0x21,
    0x48, 0x19, 0x48, 0x19, 0x48, 0x19, 0x48, 0x19, 0x48, 0x19, 0x48, 0x19, 0x47, 0x19, 0x47, 0x19, 0x47, 0x19, 0x47, 0x19, 0xae, 0x3a, 0xae, 0x3a,
    0x48, 0x19, 0x48, 0x19, 0x67, 0x29, 0x67, 0x29, 0x87, 0x21, 0x87, 0x21, 0x8d, 0x32, 0x8d, 0x32, 0xa9, 0x21, 0xa9, 0x21, 0x67, 0x21, 0x67, 0x21,
    0x98, 0xad, 0x98, 0xad, 0x98, 0xb5, 0x98, 0xb5, 0xb8, 0xb5, 0xb8, 0xb5, 0xc4, 0x08, 0xc4, 0x08, 0xc5, 0x08, 0xc5, 0x08, 0xe5, 0x10, 0xe5, 0x10,
    0xc5, 0x08, 0xc5, 0x08, 0xe5, 0x10, 0xe5, 0x10, 0xc5, 0x08, 0xc5, 0x08, 0xc5, 0x10, 0xc5, 0x10, 0xe6, 0x08, 0xe6, 0x08, 0xe5, 0x10, 0xe5, 0x10,
    0xe6, 0x10, 0xe6, 0x10, 0xc5, 0x10, 0xc5, 0x10, 0xe5, 0x10, 0xe5, 0x10, 0xe5, 0x10, 0xe5, 0x10, 0xe5, 0x08, 0xe5, 0x08, 0xe5, 0x10, 0xe5, 0x10,
    0xe5, 0x08, 0xe5, 0x08, 0xc5, 0x08, 0xc5, 0x08, 0xe5, 0x08, 0xe5, 0x08, 0xc5, 0x08, 0xc5, 0x08, 0xe5, 0x10, 0xe5, 0x10, 0xe5, 0x10, 0xe5, 0x10,
    0xe5, 0x10, 0xe5, 0x10, 0xe5, 0x08, 0xe5, 0x08, 0xc5, 0x08, 0xc5, 0x08, 0xe5, 0x08, 0xe5, 0x08, 0xe5, 0x08, 0xe5, 0x08, 0xe5, 0x10, 0xe5, 0x10,
    0xc5, 0x08, 0xc5, 0x08, 0xe5, 0x08, 0xe5, 0x08, 0xc5, 0x10, 0xc5, 0x10, 0xe5, 0x08, 0xe5, 0x08, 0xc5, 0x08, 0xc5, 0x08, 0xe5, 0x08, 0xe5, 0x08,
    0xe5, 0x10, 0xe5, 0x10, 0xe5, 0x08, 0xe5, 0x08, 0xe5, 0x10, 0xe5, 0x10, 0xe5, 0x08, 0xe5, 0x08, 0xc5, 0x08, 0xc5, 0x08, 0xc5, 0x08, 0xc5, 0x08,
    0xc5, 0x08, 0xc5, 0x08, 0xe5, 0x10, 0xe5, 0x10, 0x06, 0x11, 0x06, 0x11, 0x39, 0xc6, 0x39, 0xc6, 0x7d, 0xef, 0x7d, 0xef, 0xa4, 0x08, 0xa4, 0x08,
    0x74, 0x7c, 0x74, 0x7c, 0x13, 0x6c, 0x13, 0x6c, 0x6d, 0x32, 0x6d, 0x32, 0x8d, 0x32, 0x8d, 0x32, 0x6d, 0x32, 0x6d, 0x32, 0x8d, 0x32, 0x8d, 0x32,
    0x8d, 0x32, 0x8d, 0x32, 0x8d, 0x32, 0x8d, 0x32, 0x8d, 0x32, 0x8d, 0x32, 0x8d, 0x32, 0x8d, 0x32, 0x8d, 0x32, 0x8d, 0x32, 0x8d, 0x32, 0x8d, 0x32,
    0x8d, 0x3a, 0x8d, 0x3a, 0x27, 0x11, 0x27, 0x11, 0x27, 0x11, 0x27, 0x11, 0x07, 0x11, 0x07, 0x11, 0x07, 0x11, 0x07, 0x11, 0x27, 0x11, 0x27, 0x11,
    0x6d, 0x32, 0x6d, 0x32, 0x6d, 0x32, 0x6d, 0x32, 0x26, 0x11, 0x26, 0x11, 0x26, 0x11, 0x26, 0x11, 0x26, 0x11, 0x26, 0x11, 0x06, 0x11, 0x06, 0x11,
    0x07, 0x11, 0x07, 0x11, 0x06, 0x11, 0x06, 0x11, 0x27, 0x11, 0x27, 0x11, 0xa4, 0x08, 0xa4, 0x08, 0x1c, 0xe7, 0x1c, 0xe7, 0x77, 0xad, 0x77, 0xad,
    0xc4, 0x10, 0xc4, 0x10, 0x42, 0x00, 0x42, 0x00, 0x68, 0x19, 0x68, 0x19, 0x48, 0x19, 0x48, 0x19, 0x48, 0x19, 0x48, 0x19, 0x27, 0x11, 0x27, 0x11,
    0x06, 0x11, 0x06, 0x11, 0x26, 0x11, 0x26, 0x11, 0x06, 0x11, 0x06, 0x11, 0x06, 0x11, 0x06, 0x11, 0x06, 0x11, 0x06, 0x11, 0x07, 0x11, 0x07, 0x11,
    0xa9, 0x21, 0xa9, 0x21, 0xe5, 0x08, 0xe5, 0x08, 0x88, 0x29, 0x88, 0x29, 0xa8, 0x31, 0xa8, 0x31, 0xe5, 0x10, 0xe5, 0x10, 0x47, 0x11, 0x47, 0x11,
    0x06, 0x11, 0x06, 0x11, 0x06, 0x11, 0x06, 0x11, 0x06, 0x11, 0x06, 0x11, 0x06, 0x11, 0x06, 0x11, 0x27, 0x11, 0x27, 0x11, 0x48, 0x19, 0x48, 0x19,
    0x06, 0x11, 0x06, 0x11, 0xa3, 0x08, 0xa3, 0x08, 0x88, 0x29, 0x88, 0x29, 0xae, 0x3a, 0xae, 0x3a, 0x8d, 0x32, 0x8d, 0x32, 0xe6, 0x10, 0xe6, 0x10,
    0x5a, 0xc6, 0x5a, 0xc6, 0xb8, 0xb5, 0xb8, 0xb5, 0xb8, 0xb5, 0xb8, 0xb5, 0x98, 0xad, 0x98, 0xad, 0xe5, 0x08, 0xe5, 0x08, 0xc5, 0x08, 0xc5, 0x08,
    0xc5, 0x10, 0xc5, 0x10, 0xc5, 0x10, 0xc5, 0x10, 0xe5, 0x10, 0xe5, 0x10, 0xe5, 0x10, 0xe5, 0x10, 0xe5, 0x10, 0xe5, 0x10, 0xe6, 0x10, 0xe6, 0x10,
    0xe5, 0x08, 0xe5, 0x08, 0xe6, 0x10, 0xe6, 0x10, 0xe6, 0x10, 0xe6, 0x10, 0xe5, 0x10, 0xe5, 0x10, 0xe5, 0x08, 0xe5, 0x08, 0xc5, 0x08, 0xc5, 0x08,
    0xe5, 0x08, 0xe5, 0x08, 0xc5, 0x08, 0xc5, 0x08, 0xe5, 0x08, 0xe5, 0x08, 0xc5, 0x08, 0xc5, 0x08, 0xe5, 0x10, 0xe5, 0x10, 0xe5, 0x10, 0xe5, 0x10,
    0xe5, 0x10, 0xe5, 0x10, 0xe5, 0x08, 0xe5, 0x08, 0xc5, 0x08, 0xc5, 0x08, 0xe5, 0x08, 0xe5, 0x08, 0xe5, 0x08, 0xe5, 0x08, 0xe5, 0x10, 0xe5, 0x10,
    0xc5, 0x08, 0xc5, 0x08, 0xe5, 0x08, 0xe5, 0x08, 0xc5, 0x10, 0xc5, 0x10, 0xe5, 0x08, 0xe5, 0x08, 0xc5, 0x08, 0xc5, 0x08, 0xe5, 0x08, 0xe5, 0x08,
    0xe5, 0x10, 0xe5, 0x10, 0xe5, 0x08, 0xe5, 0x08, 0xe5, 0x10, 0xe5, 0x10, 0xe5, 0x08, 0xe5, 0x08, 0xc5, 0x08, 0xc5, 0x08, 0xc5, 0x08, 0xc5, 0x08,
    0xc5, 0x08, 0xc5, 0x08, 0xe5, 0x10, 0xe5, 0x10, 0x06, 0x11, 0x06, 0x11, 0x39, 0xc6, 0x39, 0xc6, 0x7d, 0xef, 0x7d, 0xef, 0xa4, 0x08, 0xa4, 0x08,
    0x74, 0x7c, 0x74, 0x7c, 0x13, 0x6c, 0x13, 0x6c, 0x6d, 0x32, 0x6d, 0x32, 0x8d, 0x32, 0x8d, 0x32, 0x6d, 0x32, 0x6d, 0x32, 0x8d, 0x32, 0x8d, 0x32,
    0x8d, 0x32, 0x8d, 0x32, 0x8d, 0x32, 0x8d, 0x32, 0x8d, 0x32, 0x8d, 0x32, 0x8d, 0x32, 0x8d, 0x32, 0x8d, 0x32, 0x8d, 0x32, 0x8d, 0x32, 0x8d, 0x32,
    0x8d, 0x3a, 0x8d, 0x3a, 0x27, 0x11, 0x27, 0x11, 0x27, 0x11, 0x27, 0x11, 0x07, 0x11, 0x07, 0x11, 0x07, 0x11, 0x07, 0x11, 0x27, 0x11, 0x27, 0x11,
    0x6d, 0x32, 0x6d, 0x32, 0x6d, 0x32, 0x6d, 0x32, 0x26, 0x11, 0x26, 0x11, 0x26, 0x11, 0x26, 0x11, 0x26, 0x11, 0x26, 0x11, 0x06, 0x11, 0x06, 0x11,
    0x07, 0x11, 0x07, 0x11, 0x06, 0x11, 0x06, 0x11, 0x27, 0x11, 0x27, 0x11, 0xa4, 0x08, 0xa4, 0x08, 0x1c, 0xe7, 0x1c, 0xe7, 0x77, 0xad, 0x77, 0xad,
    0xc4, 0x10, 0xc4, 0x10, 0x42, 0x00, 0x42, 0x00, 0x68, 0x19, 0x68, 0x19, 0x48, 0x19, 0x48, 0x19, 0x48, 0x19, 0x48, 0x19, 0x27, 0x11, 0x27, 0x11,
    0x06, 0x11, 0x06, 0x11, 0x26, 0x11, 0x26, 0x11, 0x06, 0x11, 0x06, 0x11, 0x06, 0x11, 0x06, 0x11, 0x06, 0x11, 0x06, 0x11, 0x07, 0x11, 0x07, 0x11,
    0xa9, 0x21, 0xa9, 0x21, 0xe5, 0x08, 0xe5, 0x08, 0x88, 0x29, 0x88, 0x29, 0xa8, 0x31, 0xa8, 0x31, 0xe5, 0x10, 0xe5, 0x10, 0x47, 0x11, 0x47, 0x11,
    0x06, 0x11, 0x06, 0x11, 0x06, 0x11, 0x06, 0x11, 0x06, 0x11, 0x06, 0x11, 0x06, 0x11, 0x06, 0x11, 0x27, 0x11, 0x27, 0x11, 0x48, 0x19, 0x48, 0x19,
    0x06, 0x11, 0x06, 0x11, 0xa3, 0x08, 0xa3, 0x08, 0x88, 0x29, 0x88, 0x29, 0xae, 0x3a, 0xae, 0x3a, 0x8d, 0x32, 0x8d, 0x32, 0xe6, 0x10, 0xe6, 0x10,
    0x5a, 0xc6, 0x5a, 0xc6, 0xb8, 0xb5, 0xb8, 0xb5, 0xb8, 0xb5, 0xb8, 0xb5, 0x98, 0xad, 0x98, 0xad, 0xe5, 0x08, 0xe5, 0x08, 0xc5, 0x08, 0xc5, 0x08,
    0xc5, 0x10, 0xc5, 0x10, 0xc5, 0x10, 0xc5, 0x10, 0xe5, 0x10, 0xe5, 0x10, 0xe5, 0x10, 0xe5, 0x10, 0xe5, 0x10, 0xe5, 0x10, 0xe6, 0x10, 0xe6, 0x10,
    0xe5, 0x08, 0xe5, 0x08, 0xe6, 0x10, 0xe6, 0x10, 0xe6, 0x10, 0xe6, 0x10, 0xe5, 0x10, 0xe5, 0x10, 0xe5, 0x08, 0xe5, 0x08, 0xc5, 0x08, 0xc5, 0x08,
    0xe5, 0x08, 0xe5, 0x08, 0xc5, 0x08, 0xc5, 0x08, 0xe5, 0x10, 0xe5, 0x10, 0xc5, 0x08, 0xc5, 0x08, 0xe5, 0x10, 0xe5, 0x10, 0xe5, 0x08, 0xe5, 0x08,
    0xc5, 0x08, 0xc5, 0x08, 0xc5, 0x08, 0xc5, 0x08, 0xe5, 0x08, 0xe5, 0x08, 0xe5, 0x08, 0xe5, 0x08, 0xe5, 0x08, 0xe5, 0x08, 0xe5, 0x08, 0xe5, 0x08,
    0xe5, 0x10, 0xe5, 0x10, 0xe5, 0x10, 0xe5, 0x10, 0xe5, 0x08, 0xe5, 0x08, 0xc5, 0x08, 0xc5, 0x08, 0xe5, 0x08, 0xe5, 0x08, 0xc5, 0x08, 0xc5, 0x08,
    0xe5, 0x08, 0xe5, 0x08, 0xe5, 0x08, 0xe5, 0x08, 0xe5, 0x08, 0xe5, 0x08, 0xe5, 0x10, 0xe5, 0x10, 0xc5, 0x08, 0xc5, 0x08, 0xc5, 0x08, 0xc5, 0x08,
    0xc5, 0x08, 0xc5, 0x08, 0x4f, 0x63, 0x4f, 0x63, 0x9a, 0xd6, 0x9a, 0xd6, 0x27, 0x19, 0x27, 0x19, 0x42, 0x00, 0x42, 0x00, 0x54, 0x74, 0x54, 0x74,
    0x12, 0x6c, 0x12, 0x6c, 0x91, 0x5b, 0x91, 0x5b, 0x8d, 0x32, 0x8d, 0x32, 0x8d, 0x32, 0x8d, 0x32, 0x8d, 0x32, 0x8d, 0x32, 0x6d, 0x32, 0x6d, 0x32,
    0x8d, 0x32, 0x8d, 0x32, 0x6d, 0x32, 0x6d, 0x32, 0x6d, 0x32, 0x6d, 0x32, 0xca, 0x21, 0xca, 0x21, 0xca, 0x21, 0xca, 0x21, 0xa9, 0x21, 0xa9, 0x21,
    0x68, 0x19, 0x68, 0x19, 0x26, 0x11, 0x26, 0x11, 0xaa, 0x21, 0xaa, 0x21, 0x27, 0x11, 0x27, 0x11, 0x07, 0x11, 0x07, 0x11, 0x6d, 0x32, 0x6d, 0x32,
    0x6d, 0x32, 0x6d, 0x32, 0x27, 0x11, 0x27, 0x11, 0x07, 0x11, 0x07, 0x11, 0x06, 0x11, 0x06, 0x11, 0x27, 0x11, 0x27, 0x11, 0x27, 0x11, 0x27, 0x11,
    0x27, 0x11, 0x27, 0x11, 0x89, 0x19, 0x89, 0x19, 0x27, 0x11, 0x27, 0x11, 0xb0, 0x6b, 0xb0, 0x6b, 0x19, 0xbe, 0x19, 0xbe, 0x98, 0xad, 0x98, 0xad,
    0xe9, 0x31, 0xe9, 0x31, 0xc8, 0x31, 0xc8, 0x31, 0x27, 0x11, 0x27, 0x11, 0xb8, 0xad, 0xb8, 0xad, 0x36, 0x9d, 0x36, 0x9d, 0x57, 0xa5, 0x57, 0xa5,
    0x47, 0x19, 0x47, 0x19, 0x06, 0x11, 0x06, 0x11, 0x27, 0x11, 0x27, 0x11, 0x06, 0x11, 0x06, 0x11, 0x06, 0x11, 0x06, 0x11, 0x06, 0x11, 0x06, 0x11,
    0xa9, 0x21, 0xa9, 0x21, 0xa9, 0x21, 0xa9, 0x21, 0xa8, 0x29, 0xa8, 0x29, 0x47, 0x21, 0x47, 0x21, 0xa8, 0x29, 0xa8, 0x29, 0x06, 0x11, 0x06, 0x11,
    0x06, 0x11, 0x06, 0x11, 0x06, 0x11, 0x06, 0x11, 0x06, 0x11, 0x06, 0x11, 0x07, 0x11, 0x07, 0x11, 0x06, 0x11, 0x06, 0x11, 0x27, 0x11, 0x27, 0x11,
    0x88, 0x19, 0x88, 0x19, 0x06, 0x11, 0x06, 0x11, 0x87, 0x29, 0x87, 0x29, 0x67, 0x21, 0x67, 0x21, 0x88, 0x19, 0x88, 0x19, 0x06, 0x11, 0x06, 0x11,
    0x01, 0x00, 0x01, 0x00, 0xb8, 0xb5, 0xb8, 0xb5, 0xb8, 0xb5, 0xb8, 0xb5, 0x98, 0xb5, 0x98, 0xb5, 0x62, 0x00, 0x62, 0x00, 0xc5, 0x10, 0xc5, 0x10,
    0xc5, 0x08, 0xc5, 0x08, 0xe5, 0x08, 0xe5, 0x08, 0xe5, 0x10, 0xe5, 0x10, 0xe5, 0x08, 0xe5, 0x08, 0xe5, 0x10, 0xe5, 0x10, 0xe5, 0x10, 0xe5, 0x10,
    0xe5, 0x08, 0xe5, 0x08, 0xe5, 0x10, 0xe5, 0x10, 0xe5, 0x10, 0xe5, 0x10, 0xe5, 0x10, 0xe5, 0x10, 0xe5, 0x08, 0xe5, 0x08, 0xe5, 0x08, 0xe5, 0x08,
    0xe5, 0x08, 0xe5, 0x08, 0xc5, 0x08, 0xc5, 0x08, 0xe5, 0x10, 0xe5, 0x10, 0xc5, 0x08, 0xc5, 0x08, 0xe5, 0x10, 0xe5, 0x10, 0xe5, 0x08, 0xe5, 0x08,
    0xc5, 0x08, 0xc5, 0x08, 0xc5, 0x08, 0xc5, 0x08, 0xe5, 0x08, 0xe5, 0x08, 0xe5, 0x08, 0xe5, 0x08, 0xe5, 0x08, 0xe5, 0x08, 0xe5, 0x08, 0xe5, 0x08,
    0xe5, 0x10, 0xe5, 0x10, 0xe5, 0x10, 0xe5, 0x10, 0xe5, 0x08, 0xe5, 0x08, 0xc5, 0x08, 0xc5, 0x08, 0xe5, 0x08, 0xe5, 0x08, 0xc5, 0x08, 0xc5, 0x08,
    0xe5, 0x08, 0xe5, 0x08, 0xe5, 0x08, 0xe5, 0x08, 0xe5, 0x08, 0xe5, 0x08, 0xe5, 0x10, 0xe5, 0x10, 0xc5, 0x08, 0xc5, 0x08, 0xc5, 0x08, 0xc5, 0x08,
    0xc5, 0x08, 0xc5, 0x08, 0x4f, 0x63, 0x4f, 0x63, 0x9a, 0xd6, 0x9a, 0xd6, 0x27, 0x19, 0x27, 0x19, 0x42, 0x00, 0x42, 0x00, 0x54, 0x74, 0x54, 0x74,
    0x12, 0x6c, 0x12, 0x6c, 0x91, 0x5b, 0x91, 0x5b, 0x8d, 0x32, 0x8d, 0x32, 0x8d, 0x32, 0x8d, 0x32, 0x8d, 0x32, 0x8d, 0x32, 0x6d, 0x32, 0x6d, 0x32,
    0x8d, 0x32, 0x8d, 0x32, 0x6d, 0x32, 0x6d, 0x32, 0x6d, 0x32, 0x6d, 0x32, 0xca, 0x21, 0xca, 0x21, 0xca, 0x21, 0xca, 0x21, 0xa9, 0x21, 0xa9, 0x21,
    0x68, 0x19, 0x68, 0x19, 0x26, 0x11, 0x26, 0x11, 0xaa, 0x21, 0xaa, 0x21, 0x27, 0x11, 0x27, 0x11, 0x07, 0x11, 0x07, 0x11, 0x6d, 0x32, 0x6d, 0x32,
    0x6d, 0x32, 0x6d, 0x32, 0x27, 0x11, 0x27, 0x11, 0x07, 0x11, 0x07, 0x11, 0x06, 0x11, 0x06, 0x11, 0x27, 0x11, 0x27, 0x11, 0x27, 0x11, 0x27, 0x11,
    0x27, 0x11, 0x27, 0x11, 0x89, 0x19, 0x89, 0x19, 0x27, 0x11, 0x27, 0x11, 0xb0, 0x6b, 0xb0, 0x6b, 0x19, 0xbe, 0x19, 0xbe, 0x98, 0xad, 0x98, 0xad,
    0xe9, 0x31, 0xe9, 0x31, 0xc8, 0x31, 0xc8, 0x31, 0x27, 0x11, 0x27, 0x11, 0xb8, 0xad, 0xb8, 0xad, 0x36, 0x9d, 0x36, 0x9d, 0x57, 0xa5, 0x57, 0xa5,
    0x47, 0x19, 0x47, 0x19, 0x06, 0x11, 0x06, 0x11, 0x27, 0x11, 0x27, 0x11, 0x06, 0x11, 0x06, 0x11, 0x06, 0x11, 0x06, 0x11, 0x06, 0x11, 0x06, 0x11,
    0xa9, 0x21, 0xa9, 0x21, 0xa9, 0x21, 0xa9, 0x21, 0xa8, 0x29, 0xa8, 0x29, 0x47, 0x21, 0x47, 0x21, 0xa8, 0x29, 0xa8, 0x29, 0x06, 0x11, 0x06, 0x11,
    0x06, 0x11, 0x06, 0x11, 0x06, 0x11, 0x06, 0x11, 0x06, 0x11, 0x06, 0x11, 0x07, 0x11, 0x07, 0x11, 0x06, 0x11, 0x06, 0x11, 0x27, 0x11, 0x27, 0x11,
    0x88, 0x19, 0x88, 0x19, 0x06, 0x11, 0x06, 0x11, 0x87, 0x29, 0x87, 0x29, 0x67, 0x21, 0x67, 0x21, 0x88, 0x19, 0x88, 0x19, 0x06, 0x11, 0x06, 0x11,
    0x01, 0x00, 0x01, 0x00, 0xb8, 0xb5, 0xb8, 0xb5, 0xb8, 0xb5, 0xb8, 0xb5, 0x98, 0xb5, 0x98, 0xb5, 0x62, 0x00, 0x62, 0x00, 0xc5, 0x10, 0xc5, 0x10,
    0xc5, 0x08, 0xc5, 0x08, 0xe5, 0x08, 0xe5, 0x08, 0xe5, 0x10, 0xe5, 0x10, 0xe5, 0x08, 0xe5, 0x08, 0xe5, 0x10, 0xe5, 0x10, 0xe5, 0x10, 0xe5, 0x10,
    0xe5, 0x08, 0xe5, 0x08, 0xe5, 0x10, 0xe5, 0x10, 0xe5, 0x10, 0xe5, 0x10, 0xe5, 0x10, 0xe5, 0x10, 0xe5, 0x08, 0xe5, 0x08, 0xe5, 0x08, 0xe5, 0x08,
    0xc5, 0x08, 0xc5, 0x08, 0xc5, 0x08, 0xc5, 0x08, 0xe5, 0x10, 0xe5, 0x10, 0xc5, 0x08, 0xc5, 0x08, 0xe5, 0x10, 0xe5, 0x10, 0xe5, 0x08, 0xe5, 0x08,
    0xe5, 0x08, 0xe5, 0x08, 0xe5, 0x10, 0xe5, 0x10, 0xe5, 0x08, 0xe5, 0x08, 0xe5, 0x10, 0xe5, 0x10, 0xe5, 0x08, 0xe5, 0x08, 0xe5, 0x08, 0xe5, 0x08,
    0xc5, 0x08, 0xc5, 0x08, 0xe5, 0x10, 0xe5, 0x10, 0xc5, 0x08, 0xc5, 0x08, 0xe5, 0x10, 0xe5, 0x10, 0xe5, 0x08, 0xe5, 0x08, 0xe5, 0x08, 0xe5, 0x08,
    0xe5, 0x08, 0xe5, 0x08, 0xc5, 0x10, 0xc5, 0x10, 0xc5, 0x08, 0xc5, 0x08, 0xc5, 0x08, 0xc5, 0x08, 0xc5, 0x08, 0xc5, 0x08, 0xc5, 0x08, 0xc5, 0x08,
    0xc5, 0x08, 0xc5, 0x08, 0xa4, 0x08, 0xa4, 0x08, 0xa8, 0x21, 0xa8, 0x21, 0xca, 0x21, 0xca, 0x21, 0xa9, 0x21, 0xa9, 0x21, 0x05, 0x11, 0x05, 0x11,
    0x68, 0x19, 0x68, 0x19, 0xcf, 0x3a, 0xcf, 0x3a, 0x2c, 0x2a, 0x2c, 0x2a, 0x89, 0x19, 0x89, 0x19, 0x89, 0x21, 0x89, 0x21, 0x89, 0x21, 0x89, 0x21,
    0xa9, 0x21, 0xa9, 0x21, 0xa9, 0x21, 0xa9, 0x21, 0xa9, 0x21, 0xa9, 0x21, 0xca, 0x21, 0xca, 0x21, 0xaa, 0x21, 0xaa, 0x21, 0xca, 0x21, 0xca, 0x21,
    0x68, 0x19, 0x68, 0x19, 0xca, 0x21, 0xca, 0x21, 0x27, 0x11, 0x27, 0x11, 0x26, 0x11, 0x26, 0x11, 0x27, 0x11, 0x27, 0x11, 0x27, 0x11, 0x27, 0x11,
    0x27, 0x11, 0x27, 0x11, 0x27, 0x11, 0x27, 0x11, 0xa9, 0x21, 0xa9, 0x21, 0xca, 0x21, 0xca, 0x21, 0xca, 0x21, 0xca, 0x21, 0xa9, 0x21, 0xa9, 0x21,
    0x88, 0x19, 0x88, 0x19, 0x27, 0x11, 0x27, 0x11, 0xa4, 0x08, 0xa4, 0x08, 0x3c, 0xe7, 0x3c, 0xe7, 0xb8, 0xb5, 0xb8, 0xb5, 0xa8, 0x31, 0xa8, 0x31,
    0x87, 0x29, 0x87, 0x29, 0x26, 0x19, 0x26, 0x19, 0x9a, 0xd6, 0x9a, 0xd6, 0x1c, 0xe7, 0x1c, 0xe7, 0x1c, 0xe7, 0x1c, 0xe7, 0x3c, 0xef, 0x3c, 0xef,
    0x3c, 0xef, 0x3c, 0xef, 0xfb, 0xde, 0xfb, 0xde, 0x06, 0x11, 0x06, 0x11, 0x06, 0x11, 0x06, 0x11, 0x06, 0x11, 0x06, 0x11, 0x06, 0x11, 0x06, 0x11,
    0xa9, 0x21, 0xa9, 0x21, 0x89, 0x21, 0x89, 0x21, 0x67, 0x21, 0x67, 0x21, 0x46, 0x21, 0x46, 0x21, 0x88, 0x29, 0x88, 0x29, 0x06, 0x11, 0x06, 0x11,
    0x26, 0x11, 0x26, 0x11, 0x07, 0x11, 0x07, 0x11, 0x06, 0x11, 0x06, 0x11, 0x07, 0x11, 0x07, 0x11, 0x27, 0x11, 0x27, 0x11, 0x27, 0x11, 0x27, 0x11,
    0x27, 0x11, 0x27, 0x11, 0x06, 0x11, 0x06, 0x11, 0x06, 0x11, 0x06, 0x11, 0x67, 0x21, 0x67, 0x21, 0x67, 0x29, 0x67, 0x29, 0x26, 0x19, 0x26, 0x19,
    0x5d, 0xef, 0x5d, 0xef, 0xb8, 0xb5, 0xb8, 0xb5, 0xb8, 0xb5, 0xb8, 0xb5, 0xb8, 0xb5, 0xb8, 0xb5, 0xb8, 0xb5, 0xb8, 0xb5, 0xa5, 0x08, 0xa5, 0x08,
    0xc5, 0x08, 0xc5, 0x08, 0xe5, 0x08, 0xe5, 0x08, 0xe5, 0x08, 0xe5, 0x08, 0xe5, 0x08, 0xe5, 0x08, 0xc5, 0x08, 0xc5, 0x08, 0xe5, 0x08, 0xe5, 0x08,
    0xe5, 0x10, 0xe5, 0x10, 0xe5, 0x08, 0xe5, 0x08, 0xe6, 0x10, 0xe6, 0x10, 0xe5, 0x08, 0xe5, 0x08, 0xe5, 0x08, 0xe5, 0x08, 0xe5, 0x08, 0xe5, 0x08,
    0xc5, 0x08, 0xc5, 0x08, 0xc5, 0x08, 0xc5, 0x08, 0xe5, 0x10, 0xe5, 0x10, 0xc5, 0x08, 0xc5, 0x08, 0xe5, 0x10, 0xe5, 0x10, 0xe5, 0x08, 0xe5, 0x08,
    0xe5, 0x08, 0xe5, 0x08, 0xe5, 0x10, 0xe5, 0x10, 0xe5, 0x08, 0xe5, 0x08, 0xe5, 0x10, 0xe5, 0x10, 0xe5, 0x08, 0xe5, 0x08, 0xe5, 0x08, 0xe5, 0x08,
    0xc5, 0x08, 0xc5, 0x08, 0xe5, 0x10, 0xe5, 0x10, 0xc5, 0x08, 0xc5, 0x08, 0xe5, 0x10, 0xe5, 0x10, 0xe5, 0x08, 0xe5, 0x08, 0xe5, 0x08, 0xe5, 0x08,
    0xe5, 0x08, 0xe5, 0x08, 0xc5, 0x10, 0xc5, 0x10, 0xc5, 0x08, 0xc5, 0x08, 0xc5, 0x08, 0xc5, 0x08, 0xc5, 0x08, 0xc5, 0x08, 0xc5, 0x08, 0xc5, 0x08,
    0xc5, 0x08, 0xc5, 0x08, 0xa4, 0x08, 0xa4, 0x08, 0xa8, 0x21, 0xa8, 0x21, 0xca, 0x21, 0xca, 0x21, 0xa9, 0x21, 0xa9, 0x21, 0x05, 0x11, 0x05, 0x11,
    0x68, 0x19, 0x68, 0x19, 0xcf, 0x3a, 0xcf, 0x3a, 0x2c, 0x2a, 0x2c, 0x2a, 0x89, 0x19, 0x89, 0x19, 0x89, 0x21, 0x89, 0x21, 0x89, 0x21, 0x89, 0x21,
    0xa9, 0x21, 0xa9, 0x21, 0xa9, 0x21, 0xa9, 0x21, 0xa9, 0x21, 0xa9, 0x21, 0xca, 0x21, 0xca, 0x21, 0xaa, 0x21, 0xaa, 0x21, 0xca, 0x21, 0xca, 0x21,
    0x68, 0x19, 0x68, 0x19, 0xca, 0x21, 0xca, 0x21, 0x27, 0x11, 0x27, 0x11, 0x26, 0x11, 0x26, 0x11, 0x27, 0x11, 0x27, 0x11, 0x27, 0x11, 0x27, 0x11,
    0x27, 0x11, 0x27, 0x11, 0x27, 0x11, 0x27, 0x11, 0xa9, 0x21, 0xa9, 0x21, 0xca, 0x21, 0xca, 0x21, 0xca, 0x21, 0xca, 0x21, 0xa9, 0x21, 0xa9, 0x21,
    0x88, 0x19, 0x88, 0x19, 0x27, 0x11, 0x27, 0x11, 0xa4, 0x08, 0xa4, 0x08, 0x3c, 0xe7, 0x3c, 0xe7, 0xb8, 0xb5, 0xb8, 0xb5, 0xa8, 0x31, 0xa8, 0x31,
    0x87, 0x29, 0x87, 0x29, 0x26, 0x19, 0x26, 0x19, 0x9a, 0xd6, 0x9a, 0xd6, 0x1c, 0xe7, 0x1c, 0xe7, 0x1c, 0xe7, 0x1c, 0xe7, 0x3c, 0xef, 0x3c, 0xef,
    0x3c, 0xef, 0x3c, 0xef, 0xfb, 0xde, 0xfb, 0xde, 0x06, 0x11, 0x06, 0x11, 0x06, 0x11, 0x06, 0x11, 0x06, 0x11, 0x06, 0x11, 0x06, 0x11, 0x06, 0x11,
    0xa9, 0x21, 0xa9, 0x21, 0x89, 0x21, 0x89, 0x21, 0x67, 0x21, 0x67, 0x21, 0x46, 0x21, 0x46, 0x21, 0x88, 0x29, 0x88, 0x29, 0x06, 0x11, 0x06, 0x11,
    0x26, 0x11, 0x26, 0x11, 0x07, 0x11, 0x07, 0x11, 0x06, 0x11, 0x06, 0x11, 0x07, 0x11, 0x07, 0x11, 0x27, 0x11, 0x27, 0x11, 0x27, 0x11, 0x27, 0x11,
    0x27, 0x11, 0x27, 0x11, 0x06, 0x11, 0x06, 0x11, 0x06, 0x11, 0x06, 0x11, 0x67, 0x21, 0x67, 0x21, 0x67, 0x29, 0x67, 0x29, 0x26, 0x19, 0x26, 0x19,
    0x5d, 0xef, 0x5d, 0xef, 0xb8, 0xb5, 0xb8, 0xb5, 0xb8, 0xb5, 0xb8, 0xb5, 0xb8, 0xb5, 0xb8, 0xb5, 0xb8, 0xb5, 0xb8, 0xb5, 0xa5, 0x08, 0xa5, 0x08,
    0xc5, 0x08, 0xc5, 0x08, 0xe5, 0x08, 0xe5, 0x08, 0xe5, 0x08, 0xe5, 0x08, 0xe5, 0x08, 0xe5, 0x08, 0xc5, 0x08, 0xc5, 0x08, 0xe5, 0x08, 0xe5, 0x08,
    0xe5, 0x10, 0xe5, 0x10, 0xe5, 0x08, 0xe5, 0x08, 0xe6, 0x10, 0xe6, 0x10, 0xe5, 0x08, 0xe5, 0x08, 0xe5, 0x08, 0xe5, 0x08, 0xe5, 0x08, 0xe5, 0x08,
    0xe5, 0x08, 0xe5, 0x08, 0xe5, 0x08, 0xe5, 0x08, 0xe5, 0x08, 0xe5, 0x08, 0xc5, 0x10, 0xc5, 0x10, 0xe5, 0x10, 0xe5, 0x10, 0xe5, 0x08, 0xe5, 0x08,
    0xe5, 0x08, 0xe5, 0x08, 0xe5, 0x10, 0xe5, 0x10, 0xc5, 0x10, 0xc5, 0x10, 0xe5, 0x08, 0xe5, 0x08, 0xe5, 0x08, 0xe5, 0x08, 0xe5, 0x08, 0xe5, 0x08,
    0xc5, 0x10, 0xc5, 0x10, 0xe5, 0x08, 0xe5, 0x08, 0xe5, 0x10, 0xe5, 0x10, 0xe5, 0x08, 0xe5, 0x08, 0xe5, 0x08, 0xe5, 0x08, 0xe5, 0x08, 0xe5, 0x08,
    0xc5, 0x08, 0xc5, 0x08, 0xc5, 0x08, 0xc5, 0x08, 0xe5, 0x08, 0xe5, 0x08, 0xc5, 0x08, 0xc5, 0x08, 0xe5, 0x10, 0xe5, 0x10, 0x06, 0x11, 0x06, 0x11,
    0xdb, 0xde, 0xdb, 0xde, 0x19, 0xbe, 0x19, 0xbe, 0x7a, 0xd6, 0x7a, 0xd6, 0x39, 0xc6, 0x39, 0xc6, 0x77, 0xad, 0x77, 0xad, 0x36, 0xa5, 0x36, 0xa5,
    0x74, 0x84, 0x74, 0x84, 0x53, 0x84, 0x53, 0x84, 0xb1, 0x6b, 0xb1, 0x6b, 0x83, 0x08, 0x83, 0x08, 0x83, 0x08, 0x83, 0x08, 0x83, 0x08, 0x83, 0x08,
    0x83, 0x08, 0x83, 0x08, 0x83, 0x08, 0x83, 0x08, 0x83, 0x08, 0x83, 0x08, 0x83, 0x08, 0x83, 0x08, 0x62, 0x08, 0x62, 0x08, 0xa3, 0x08, 0xa3, 0x08,
    0x83, 0x08, 0x83, 0x08, 0x83, 0x08, 0x83, 0x08, 0x63, 0x08, 0x63, 0x08, 0xc5, 0x10, 0xc5, 0x10, 0xc4, 0x10, 0xc4, 0x10, 0x06, 0x11, 0x06, 0x11,
    0xe6, 0x10, 0xe6, 0x10, 0xe6, 0x10, 0xe6, 0x10, 0x83, 0x08, 0x83, 0x08, 0xe6, 0x10, 0xe6, 0x10, 0xe5, 0x10, 0xe5, 0x10, 0x06, 0x11, 0x06, 0x11,
    0xe5, 0x10, 0xe5, 0x10, 0xa4, 0x08, 0xa4, 0x08, 0xf2, 0x73, 0xf2, 0x73, 0xb8, 0xb5, 0xb8, 0xb5, 0x98, 0xad, 0x98, 0xad, 0x46, 0x21, 0x46, 0x21,
    0x46, 0x21, 0x46, 0x21, 0x62, 0x00, 0x62, 0x00, 0x97, 0xad, 0x97, 0xad, 0x36, 0xa5, 0x36, 0xa5, 0x16, 0x9d, 0x16, 0x9d, 0x15, 0x9d, 0x15, 0x9d,
    0xf5, 0x9c, 0xf5, 0x9c, 0x73, 0x84, 0x73, 0x84, 0x01, 0x00, 0x01, 0x00, 0x27, 0x11, 0x27, 0x11, 0x06, 0x11, 0x06, 0x11, 0x06, 0x11, 0x06, 0x11,
    0xa9, 0x21, 0xa9, 0x21, 0x27, 0x11, 0x27, 0x11, 0x05, 0x19, 0x05, 0x19, 0xc8, 0x31, 0xc8, 0x31, 0x88, 0x29, 0x88, 0x29, 0x83, 0x08, 0x83, 0x08,
    0xa4, 0x08, 0xa4, 0x08, 0xc8, 0x31, 0xc8, 0x31, 0xa8, 0x29, 0xa8, 0x29, 0xa4, 0x08, 0xa4, 0x08, 0x4f, 0x5b, 0x4f, 0x5b, 0xf9, 0xbd, 0xf9, 0xbd,
    0x1c, 0xe7, 0x1c, 0xe7, 0xfb, 0xe6, 0xfb, 0xe6, 0x1c, 0xef, 0x1c, 0xef, 0x3c, 0xef, 0x3c, 0xef, 0x4c, 0x3a, 0x4c, 0x3a, 0x77, 0xa5, 0x77, 0xa5,
    0x77, 0xad, 0x77, 0xad, 0x77, 0xad, 0x77, 0xad, 0x98, 0xad, 0x98, 0xad, 0xb8, 0xb5, 0xb8, 0xb5, 0xb8, 0xb5, 0xb8, 0xb5, 0x65, 0xa9, 0x65, 0xa9,
    0xe5, 0x10, 0xe5, 0x10, 0xe5, 0x10, 0xe5, 0x10, 0xe5, 0x08, 0xe5, 0x08, 0xe5, 0x10, 0xe5, 0x10, 0xe5, 0x10, 0xe5, 0x10, 0xe5, 0x10, 0xe5, 0x10,
    0xe5, 0x08, 0xe5, 0x08, 0xe5, 0x08, 0xe5, 0x08, 0xe5, 0x10, 0xe5, 0x10, 0xe5, 0x10, 0xe5, 0x10, 0xe5, 0x08, 0xe5, 0x08, 0xc5, 0x08, 0xc5, 0x08,
    0xe5, 0x08, 0xe5, 0x08, 0xe5, 0x08, 0xe5, 0x08, 0xe5, 0x08, 0xe5, 0x08, 0xc5, 0x10, 0xc5, 0x10, 0xe5, 0x10, 0xe5, 0x10, 0xe5, 0x08, 0xe5, 0x08,
    0xe5, 0x08, 0xe5, 0x08, 0xe5, 0x10, 0xe5, 0x10, 0xc5, 0x10, 0xc5, 0x10, 0xe5, 0x08, 0xe5, 0x08, 0xe5, 0x08, 0xe5, 0x08, 0xe5, 0x08, 0xe5, 0x08,
    0xc5, 0x10, 0xc5, 0x10, 0xe5, 0x08, 0xe5, 0x08, 0xe5, 0x10, 0xe5, 0x10, 0xe5, 0x08, 0xe5, 0x08, 0xe5, 0x08, 0xe5, 0x08, 0xe5, 0x08, 0xe5, 0x08,
    0xc5, 0x08, 0xc5, 0x08, 0xc5, 0x08, 0xc5, 0x08, 0xe5, 0x08, 0xe5, 0x08, 0xc5, 0x08, 0xc5, 0x08, 0xe5, 0x10, 0xe5, 0x10, 0x06, 0x11, 0x06, 0x11,
    0xdb, 0xde, 0xdb, 0xde, 0x19, 0xbe, 0x19, 0xbe, 0x7a, 0xd6, 0x7a, 0xd6, 0x39, 0xc6, 0x39, 0xc6, 0x77, 0xad, 0x77, 0xad, 0x36, 0xa5, 0x36, 0xa5,
    0x74, 0x84, 0x74, 0x84, 0x53, 0x84, 0x53, 0x84, 0xb1, 0x6b, 0xb1, 0x6b, 0x83, 0x08, 0x83, 0x08, 0x83, 0x08, 0x83, 0x08, 0x83, 0x08, 0x83, 0x08,
    0x83, 0x08, 0x83, 0x08, 0x83, 0x08, 0x83, 0x08, 0x83, 0x08, 0x83, 0x08, 0x83, 0x08, 0x83, 0x08, 0x62, 0x08, 0x62, 0x08, 0xa3, 0x08, 0xa3, 0x08,
    0x83, 0x08, 0x83, 0x08, 0x83, 0x08, 0x83, 0x08, 0x63, 0x08, 0x63, 0x08, 0xc5, 0x10, 0xc5, 0x10, 0xc4, 0x10, 0xc4, 0x10, 0x06, 0x11, 0x06, 0x11,
    0xe6, 0x10, 0xe6, 0x10, 0xe6, 0x10, 0xe6, 0x10, 0x83, 0x08, 0x83, 0x08, 0xe6, 0x10, 0xe6, 0x10, 0xe5, 0x10, 0xe5, 0x10, 0x06, 0x11, 0x06, 0x11,
    0xe5, 0x10, 0xe5, 0x10, 0xa4, 0x08, 0xa4, 0x08, 0xf2, 0x73, 0xf2, 0x73, 0xb8, 0xb5, 0xb8, 0xb5, 0x98, 0xad, 0x98, 0xad, 0x46, 0x21, 0x46, 0x21,
    0x46, 0x21, 0x46, 0x21, 0x62, 0x00, 0x62, 0x00, 0x97, 0xad, 0x97, 0xad, 0x36, 0xa5, 0x36, 0xa5, 0x16, 0x9d, 0x16, 0x9d, 0x15, 0x9d, 0x15, 0x9d,
    0xf5, 0x9c, 0xf5, 0x9c, 0x73, 0x84, 0x73, 0x84, 0x01, 0x00, 0x01, 0x00, 0x27, 0x11, 0x27, 0x11, 0x06, 0x11, 0x06, 0x11, 0x06, 0x11, 0x06, 0x11,
    0xa9, 0x21, 0xa9, 0x21, 0x27, 0x11, 0x27, 0x11, 0x05, 0x19, 0x05, 0x19, 0xc8, 0x31, 0xc8, 0x31, 0x88, 0x29, 0x88, 0x29, 0x83, 0x08, 0x83, 0x08,
    0xa4, 0x08, 0xa4, 0x08, 0xc8, 0x31, 0xc8, 0x31, 0xa8, 0x29, 0xa8, 0x29, 0xa4, 0x08, 0xa4, 0x08, 0x4f, 0x5b, 0x4f, 0x5b, 0xf9, 0xbd, 0xf9, 0xbd,
    0x1c, 0xe7, 0x1c, 0xe7, 0xfb, 0xe6, 0xfb, 0xe6, 0x1c, 0xef, 0x1c, 0xef, 0x3c, 0xef, 0x3c, 0xef, 0x4c, 0x3a, 0x4c, 0x3a, 0x77, 0xa5, 0x77, 0xa5,
    0x77, 0xad, 0x77, 0xad, 0x77, 0xad, 0x77, 0xad, 0x98, 0xad, 0x98, 0xad, 0xb8, 0xb5, 0xb8, 0xb5, 0xb8, 0xb5, 0xb8, 0xb5, 0x65, 0xa9, 0x65, 0xa9,
    0xe5, 0x10, 0xe5, 0x10, 0xe5, 0x10, 0xe5, 0x10, 0xe5, 0x08, 0xe5, 0x08, 0xe5, 0x10, 0xe5, 0x10, 0xe5, 0x10, 0xe5, 0x10, 0xe5, 0x10, 0xe5, 0x10,
    0xe5, 0x08, 0xe5, 0x08, 0xe5, 0x08, 0xe5, 0x08, 0xe5, 0x10, 0xe5, 0x10, 0xe5, 0x10, 0xe5, 0x10, 0xe5, 0x08, 0xe5, 0x08, 0xc5, 0x08, 0xc5, 0x08,
    0xc5, 0x08, 0xc5, 0x08, 0xc5, 0x08, 0xc5, 0x08, 0xc5, 0x08, 0xc5, 0x08, 0xc5, 0x08, 0xc5, 0x08, 0xe5, 0x08, 0xe5, 0x08, 0xe5, 0x10, 0xe5, 0x10,
    0xe5, 0x10, 0xe5, 0x10, 0xe5, 0x08, 0xe5, 0x08, 0xc5, 0x08, 0xc5, 0x08, 0xe5, 0x08, 0xe5, 0x08, 0xc5, 0x08, 0xc5, 0x08, 0xc5, 0x08, 0xc5, 0x08,
    0xc5, 0x08, 0xc5, 0x08, 0xc5, 0x08, 0xc5, 0x08, 0xc5, 0x08, 0xc5, 0x08, 0xc5, 0x08, 0xc5, 0x08, 0xe5, 0x10, 0xe5, 0x10, 0xe5, 0x08, 0xe5, 0x08,
    0xc5, 0x08, 0xc5, 0x08, 0xe5, 0x10, 0xe5, 0x10, 0xbb, 0xd6, 0xbb, 0xd6, 0x15, 0x9d, 0x15, 0x9d, 0x97, 0xad, 0x97, 0xad, 0x98, 0xb5, 0x98, 0xb5,
    0x1c, 0xe7, 0x1c, 0xe7, 0xfb, 0xe6, 0xfb, 0xe6, 0xfb, 0xe6, 0xfb, 0xe6, 0xfb, 0xe6, 0xfb, 0xe6, 0xfb, 0xe6, 0xfb, 0xe6, 0xfb, 0xe6, 0xfb, 0xe6,
    0xfb, 0xe6, 0xfb, 0xe6, 0xfb, 0xe6, 0xfb, 0xe6, 0xfb, 0xe6, 0xfb, 0xe6, 0x39, 0xc6, 0x39, 0xc6, 0x19, 0xc6, 0x19, 0xc6, 0x19, 0xc6, 0x19, 0xc6,
    0x19, 0xc6, 0x19, 0xc6, 0x98, 0xad, 0x98, 0xad, 0xb8, 0xb5, 0xb8, 0xb5, 0xb8, 0xb5, 0xb8, 0xb5, 0x98, 0xad, 0x98, 0xad, 0x98, 0xad, 0x98, 0xad,
    0x98, 0xad, 0x98, 0xad, 0x97, 0xad, 0x97, 0xad, 0x97, 0xad, 0x97, 0xad, 0x77, 0xad, 0x77, 0xad, 0x57, 0xa5, 0x57, 0xa5, 0x57, 0xa5, 0x57, 0xa5,
    0x57, 0xa5, 0x57, 0xa5, 0x77, 0xad, 0x77, 0xad, 0x36, 0xa5, 0x36, 0xa5, 0x36, 0xa5, 0x36, 0xa5, 0x16, 0x9d, 0x16, 0x9d, 0x59, 0xce, 0x59, 0xce,
    0xd8, 0xb5, 0xd8, 0xb5, 0x3c, 0xef, 0x3c, 0xef, 0xb8, 0xb5, 0xb8, 0xb5, 0xd8, 0xb5, 0xd8, 0xb5, 0x46, 0x21, 0x46, 0x21, 0x88, 0x29, 0x88, 0x29,
    0x06, 0x11, 0x06, 0x11, 0xe5, 0x10, 0xe5, 0x10, 0xa3, 0x08, 0xa3, 0x08, 0x83, 0x08, 0x83, 0x08, 0x68, 0x21, 0x68, 0x21, 0x2b, 0x3a, 0x2b, 0x3a,
    0xa9, 0x29, 0xa9, 0x29, 0x48, 0x19, 0x48, 0x19, 0xa4, 0x08, 0xa4, 0x08, 0xe5, 0x10, 0xe5, 0x10, 0x83, 0x08, 0x83, 0x08, 0xe9, 0x31, 0xe9, 0x31,
    0x06, 0x19, 0x06, 0x19, 0xad, 0x4a, 0xad, 0x4a, 0x57, 0xad, 0x57, 0xad, 0x18, 0xc6, 0x18, 0xc6, 0x5c, 0xef, 0x5c, 0xef, 0xfb, 0xe6, 0xfb, 0xe6,
    0x3c, 0xef, 0x3c, 0xef, 0x5d, 0xef, 0x5d, 0xef, 0x5a, 0xce, 0x5a, 0xce, 0x77, 0xad, 0x77, 0xad, 0x77, 0xad, 0x77, 0xad, 0x57, 0xa5, 0x57, 0xa5,
    0x77, 0xad, 0x77, 0xad, 0x57, 0xa5, 0x57, 0xa5, 0x77, 0xad, 0x77, 0xad, 0xb8, 0xb5, 0xb8, 0xb5, 0xb8, 0xb5, 0xb8, 0xb5, 0x98, 0xad, 0x98, 0xad,
    0xb8, 0xb5, 0xb8, 0xb5, 0xb8, 0xb5, 0xb8, 0xb5, 0xb8, 0xb5, 0xb8, 0xb5, 0xb8, 0xb5, 0xb8, 0xb5, 0xb8, 0xb5, 0xb8, 0xb5, 0xe4, 0x40, 0xe4, 0x40,
    0xc4, 0x40, 0xc4, 0x40, 0xe5, 0x10, 0xe5, 0x10, 0xc5, 0x08, 0xc5, 0x08, 0xe5, 0x10, 0xe5, 0x10, 0xe5, 0x08, 0xe5, 0x08, 0xc5, 0x08, 0xc5, 0x08,
    0xe5, 0x08, 0xe5, 0x08, 0xe5, 0x10, 0xe5, 0x10, 0xe5, 0x10, 0xe5, 0x10, 0xe5, 0x10, 0xe5, 0x10, 0xe5, 0x10, 0xe5, 0x10, 0xe5, 0x08, 0xe5, 0x08,
    0xc5, 0x08, 0xc5, 0x08, 0xc5, 0x08, 0xc5, 0x08, 0xc5, 0x08, 0xc5, 0x08, 0xc5, 0x08, 0xc5, 0x08, 0xe5, 0x08, 0xe5, 0x08, 0xe5, 0x10, 0xe5, 0x10,
    0xe5, 0x10, 0xe5, 0x10, 0xe5, 0x08, 0xe5, 0x08, 0xc5, 0x08, 0xc5, 0x08, 0xe5, 0x08, 0xe5, 0x08, 0xc5, 0x08, 0xc5, 0x08, 0xc5, 0x08, 0xc5, 0x08,
    0xc5, 0x08, 0xc5, 0x08, 0xc5, 0x08, 0xc5, 0x08, 0xc5, 0x08, 0xc5, 0x08, 0xc5, 0x08, 0xc5, 0x08, 0xe5, 0x10, 0xe5, 0x10, 0xe5, 0x08, 0xe5, 0x08,
    0xc5, 0x08, 0xc5, 0x08, 0xe5, 0x10, 0xe5, 0x10, 0xbb, 0xd6, 0xbb, 0xd6, 0x15, 0x9d, 0x15, 0x9d, 0x97, 0xad, 0x97, 0xad, 0x98, 0xb5, 0x98, 0xb5,
    0x1c, 0xe7, 0x1c, 0xe7, 0xfb, 0xe6, 0xfb, 0xe6, 0xfb, 0xe6, 0xfb, 0xe6, 0xfb, 0xe6, 0xfb, 0xe6, 0xfb, 0xe6, 0xfb, 0xe6, 0xfb, 0xe6, 0xfb, 0xe6,
    0xfb, 0xe6, 0xfb, 0xe6, 0xfb, 0xe6, 0xfb, 0xe6, 0xfb, 0xe6, 0xfb, 0xe6, 0x39, 0xc6, 0x39, 0xc6, 0x19, 0xc6, 0x19, 0xc6, 0x19, 0xc6, 0x19, 0xc6,
    0x19, 0xc6, 0x19, 0xc6, 0x98, 0xad, 0x98, 0xad, 0xb8, 0xb5, 0xb8, 0xb5, 0xb8, 0xb5, 0xb8, 0xb5, 0x98, 0xad, 0x98, 0xad, 0x98, 0xad, 0x98, 0xad,
    0x98, 0xad, 0x98, 0xad, 0x97, 0xad, 0x97, 0xad, 0x97, 0xad, 0x97, 0xad, 0x77, 0xad, 0x77, 0xad, 0x57, 0xa5, 0x57, 0xa5, 0x57, 0xa5, 0x57, 0xa5,
    0x57, 0xa5, 0x57, 0xa5, 0x77, 0xad, 0x77, 0xad, 0x36, 0xa5, 0x36, 0xa5, 0x36, 0xa5, 0x36, 0xa5, 0x16, 0x9d, 0x16, 0x9d, 0x59, 0xce, 0x59, 0xce,
    0xd8, 0xb5, 0xd8, 0xb5, 0x3c, 0xef, 0x3c, 0xef, 0xb8, 0xb5, 0xb8, 0xb5, 0xd8, 0xb5, 0xd8, 0xb5, 0x46, 0x21, 0x46, 0x21, 0x88, 0x29, 0x88, 0x29,
    0x06, 0x11, 0x06, 0x11, 0xe5, 0x10, 0xe5, 0x10, 0xa3, 0x08, 0xa3, 0x08, 0x83, 0x08, 0x83, 0x08, 0x68, 0x21, 0x68, 0x21, 0x2b, 0x3a, 0x2b, 0x3a,
    0xa9, 0x29, 0xa9, 0x29, 0x48, 0x19, 0x48, 0x19, 0xa4, 0x08, 0xa4, 0x08, 0xe5, 0x10, 0xe5, 0x10, 0x83, 0x08, 0x83, 0x08, 0xe9, 0x31, 0xe9, 0x31,
    0x06, 0x19, 0x06, 0x19, 0xad, 0x4a, 0xad, 0x4a, 0x57, 0xad, 0x57, 0xad, 0x18, 0xc6, 0x18, 0xc6, 0x5c, 0xef, 0x5c, 0xef, 0xfb, 0xe6, 0xfb, 0xe6,
    0x3c, 0xef, 0x3c, 0xef, 0x5d, 0xef, 0x5d, 0xef, 0x5a, 0xce, 0x5a, 0xce, 0x77, 0xad, 0x77, 0xad, 0x77, 0xad, 0x77, 0xad, 0x57, 0xa5, 0x57, 0xa5,
    0x77, 0xad, 0x77, 0xad, 0x57, 0xa5, 0x57, 0xa5, 0x77, 0xad, 0x77, 0xad, 0xb8, 0xb5, 0xb8, 0xb5, 0xb8, 0xb5, 0xb8, 0xb5, 0x98, 0xad, 0x98, 0xad,
    0xb8, 0xb5, 0xb8, 0xb5, 0xb8, 0xb5, 0xb8, 0xb5, 0xb8, 0xb5, 0xb8, 0xb5, 0xb8, 0xb5, 0xb8, 0xb5, 0xb8, 0xb5, 0xb8, 0xb5, 0xe4, 0x40, 0xe4, 0x40,
    0xc4, 0x40, 0xc4, 0x40, 0xe5, 0x10, 0xe5, 0x10, 0xc5, 0x08, 0xc5, 0x08, 0xe5, 0x10, 0xe5, 0x10, 0xe5, 0x08, 0xe5, 0x08, 0xc5, 0x08, 0xc5, 0x08,
    0xe5, 0x08, 0xe5, 0x08, 0xe5, 0x10, 0xe5, 0x10, 0xe5, 0x10, 0xe5, 0x10, 0xe5, 0x10, 0xe5, 0x10, 0xe5, 0x10, 0xe5, 0x10, 0xe5, 0x08, 0xe5, 0x08,
    0xe5, 0x08, 0xe5, 0x08, 0xc5, 0x08, 0xc5, 0x08, 0xc5, 0x08, 0xc5, 0x08, 0xe5, 0x10, 0xe5, 0x10, 0xe5, 0x10, 0xe5, 0x10, 0xe5, 0x08, 0xe5, 0x08,
    0xc5, 0x08, 0xc5, 0x08, 0xe5, 0x08, 0xe5, 0x08, 0xe5, 0x08, 0xe5, 0x08, 0xe5, 0x10, 0xe5, 0x10, 0xe5, 0x10, 0xe5, 0x10, 0xc5, 0x10, 0xc5, 0x10,
    0xc5, 0x08, 0xc5, 0x08, 0xc5, 0x10, 0xc5, 0x10, 0xc5, 0x08, 0xc5, 0x08, 0xc5, 0x08, 0xc5, 0x08, 0xc5, 0x08, 0xc5, 0x08, 0x9a, 0xde, 0x9a, 0xde,
    0x19, 0xbe, 0x19, 0xbe, 0xb4, 0x94, 0xb4, 0x94, 0x3a, 0xc6, 0x3a, 0xc6, 0x1c, 0xe7, 0x1c, 0xe7, 0x1c, 0xe7, 0x1c, 0xe7, 0x1b, 0xe7, 0x1b, 0xe7,
    0x1c, 0xe7, 0x1c, 0xe7, 0x1c, 0xe7, 0x1c, 0xe7, 0x1c, 0xe7, 0x1c, 0xe7, 0x19, 0xbe, 0x19, 0xbe, 0x39, 0xc6, 0x39, 0xc6, 0x39, 0xc6, 0x39, 0xc6,
    0xd8, 0xb5, 0xd8, 0xb5, 0x36, 0xa5, 0x36, 0xa5, 0x57, 0xa5, 0x57, 0xa5, 0x57, 0xa5, 0x57, 0xa5, 0x56, 0xa5, 0x56, 0xa5, 0x36, 0xa5, 0x36, 0xa5,
    0x37, 0xa5, 0x37, 0xa5, 0x57, 0xa5, 0x57, 0xa5, 0x36, 0xa5, 0x36, 0xa5, 0x36, 0xa5, 0x36, 0xa5, 0x36, 0xa5, 0x36, 0xa5, 0x36, 0xa5, 0x36, 0xa5,
    0x36, 0xa5, 0x36, 0xa5, 0x36, 0xa5, 0x36, 0xa5, 0x56, 0xa5, 0x56, 0xa5, 0x97, 0xb5, 0x97, 0xb5, 0xd8, 0xb5, 0xd8, 0xb5, 0x36, 0xa5, 0x36, 0xa5,
    0x36, 0x9d, 0x36, 0x9d, 0x36, 0x9d, 0x36, 0x9d, 0x19, 0xbe, 0x19, 0xbe, 0xb1, 0x63, 0xb1, 0x63, 0x5d, 0xef, 0x5d, 0xef, 0x3c, 0xef, 0x3c, 0xef,
    0xb8, 0xb5, 0xb8, 0xb5, 0xb8, 0xb5, 0xb8, 0xb5, 0xd8, 0xb5, 0xd8, 0xb5, 0xd8, 0xb5, 0xd8, 0xb5, 0x09, 0x3a, 0x09, 0x3a, 0x67, 0x29, 0x67, 0x29,
    0x06, 0x19, 0x06, 0x19, 0x62, 0x00, 0x62, 0x00, 0xc4, 0x08, 0xc4, 0x08, 0xd1, 0x6b, 0xd1, 0x6b, 0x90, 0x63, 0x90, 0x63, 0x19, 0xbe, 0x19, 0xbe,
    0x7a, 0xce, 0x7a, 0xce, 0xbb, 0xde, 0xbb, 0xde, 0x1c, 0xe7, 0x1c, 0xe7, 0x3c, 0xef, 0x3c, 0xef, 0x3c, 0xef, 0x3c, 0xef, 0xb8, 0xb5, 0xb8, 0xb5,
    0x77, 0xa5, 0x77, 0xa5, 0x77, 0xad, 0x77, 0xad, 0x77, 0xad, 0x77, 0xad, 0x77, 0xad, 0x77, 0xad, 0x53, 0x7c, 0x53, 0x7c, 0x77, 0xad, 0x77, 0xad,
    0x77, 0xad, 0x77, 0xad, 0xb8, 0xb5, 0xb8, 0xb5, 0x98, 0xad, 0x98, 0xad, 0x98, 0xad, 0x98, 0xad, 0x98, 0xad, 0x98, 0xad, 0x98, 0xad, 0x98, 0xad,
    0x98, 0xad, 0x98, 0xad, 0xb8, 0xb5, 0xb8, 0xb5, 0xb8, 0xb5, 0xb8, 0xb5, 0x74, 0x84, 0x74, 0x84, 0x98, 0xad, 0x98, 0xad, 0xdb, 0xde, 0xdb, 0xde,
    0xb8, 0xb5, 0xb8, 0xb5, 0xb8, 0xb5, 0xb8, 0xb5, 0xb8, 0xb5, 0xb8, 0xb5, 0xb8, 0xb5, 0xb8, 0xb5, 0xb8, 0xb5, 0xb8, 0xb5, 0xb8, 0xb5, 0xb8, 0xb5,
    0xa5, 0xb9, 0xa5, 0xb9, 0xe5, 0x08, 0xe5, 0x08, 0xc5, 0x08, 0xc5, 0x08, 0xe5, 0x10, 0xe5, 0x10, 0xe5, 0x10, 0xe5, 0x10, 0xe5, 0x10, 0xe5, 0x10,
    0xc5, 0x10, 0xc5, 0x10, 0xe5, 0x10, 0xe5, 0x10, 0xe5, 0x08, 0xe5, 0x08, 0xe5, 0x08, 0xe5, 0x08, 0xe6, 0x10, 0xe6, 0x10, 0xe5, 0x10, 0xe5, 0x10,
    0xe5, 0x08, 0xe5, 0x08, 0xc5, 0x08, 0xc5, 0x08, 0xc5, 0x08, 0xc5, 0x08, 0xe5, 0x10, 0xe5, 0x10, 0xe5, 0x10, 0xe5, 0x10, 0xe5, 0x08, 0xe5, 0x08,
    0xc5, 0x08, 0xc5, 0x08, 0xe5, 0x08, 0xe5, 0x08, 0xe5, 0x08, 0xe5, 0x08, 0xe5, 0x10, 0xe5, 0x10, 0xe5, 0x10, 0xe5, 0x10, 0xc5, 0x10, 0xc5, 0x10,
    0xc5, 0x08, 0xc5, 0x08, 0xc5, 0x10, 0xc5, 0x10, 0xc5, 0x08, 0xc5, 0x08, 0xc5, 0x08, 0xc5, 0x08, 0xc5, 0x08, 0xc5, 0x08, 0x9a, 0xde, 0x9a, 0xde,
    0x19, 0xbe, 0x19, 0xbe, 0xb4, 0x94, 0xb4, 0x94, 0x3a, 0xc6, 0x3a, 0xc6, 0x1c, 0xe7, 0x1c, 0xe7, 0x1c, 0xe7, 0x1c, 0xe7, 0x1b, 0xe7, 0x1b, 0xe7,
    0x1c, 0xe7, 0x1c, 0xe7, 0x1c, 0xe7, 0x1c, 0xe7, 0x1c, 0xe7, 0x1c, 0xe7, 0x19, 0xbe, 0x19, 0xbe, 0x39, 0xc6, 0x39, 0xc6, 0x39, 0xc6, 0x39, 0xc6,
    0xd8, 0xb5, 0xd8, 0xb5, 0x36, 0xa5, 0x36, 0xa5, 0x57, 0xa5, 0x57, 0xa5, 0x57, 0xa5, 0x57, 0xa5, 0x56, 0xa5, 0x56, 0xa5, 0x36, 0xa5, 0x36, 0xa5,
    0x37, 0xa5, 0x37, 0xa5, 0x57, 0xa5, 0x57, 0xa5, 0x36, 0xa5, 0x36, 0xa5, 0x36, 0xa5, 0x36, 0xa5, 0x36, 0xa5, 0x36, 0xa5, 0x36, 0xa5, 0x36, 0xa5,
    0x36, 0xa5, 0x36, 0xa5, 0x36, 0xa5, 0x36, 0xa5, 0x56, 0xa5, 0x56, 0xa5, 0x97, 0xb5, 0x97, 0xb5, 0xd8, 0xb5, 0xd8, 0xb5, 0x36, 0xa5, 0x36, 0xa5,
    0x36, 0x9d, 0x36, 0x9d, 0x36, 0x9d, 0x36, 0x9d, 0x19, 0xbe, 0x19, 0xbe, 0xb1, 0x63, 0xb1, 0x63, 0x5d, 0xef, 0x5d, 0xef, 0x3c, 0xef, 0x3c, 0xef,
    0xb8, 0xb5, 0xb8, 0xb5, 0xb8, 0xb5, 0xb8, 0xb5, 0xd8, 0xb5, 0xd8, 0xb5, 0xd8, 0xb5, 0xd8, 0xb5, 0x09, 0x3a, 0x09, 0x3a, 0x67, 0x29, 0x67, 0x29,
    0x06, 0x19, 0x06, 0x19, 0x62, 0x00, 0x62, 0x00, 0xc4, 0x08, 0xc4, 0x08, 0xd1, 0x6b, 0xd1, 0x6b, 0x90, 0x63, 0x90, 0x63, 0x19, 0xbe, 0x19, 0xbe,
    0x7a, 0xce, 0x7a, 0xce, 0xbb, 0xde, 0xbb, 0xde, 0x1c, 0xe7, 0x1c, 0xe7, 0x3c, 0xef, 0x3c, 0xef, 0x3c, 0xef, 0x3c, 0xef, 0xb8, 0xb5, 0xb8, 0xb5,
    0x77, 0xa5, 0x77, 0xa5, 0x77, 0xad, 0x77, 0xad, 0x77, 0xad, 0x77, 0xad, 0x77, 0xad, 0x77, 0xad, 0x53, 0x7c, 0x53, 0x7c, 0x77, 0xad, 0x77, 0xad,
    0x77, 0xad, 0x77, 0xad, 0xb8, 0xb5, 0xb8, 0xb5, 0x98, 0xad, 0x98, 0xad, 0x98, 0xad, 0x98, 0xad, 0x98, 0xad, 0x98, 0xad, 0x98, 0xad, 0x98, 0xad,
    0x98, 0xad, 0x98, 0xad, 0xb8, 0xb5, 0xb8, 0xb5, 0xb8, 0xb5, 0xb8, 0xb5, 0x74, 0x84, 0x74, 0x84, 0x98, 0xad, 0x98, 0xad, 0xdb, 0xde, 0xdb, 0xde,
    0xb8, 0xb5, 0xb8, 0xb5, 0xb8, 0xb5, 0xb8, 0xb5, 0xb8, 0xb5, 0xb8, 0xb5, 0xb8, 0xb5, 0xb8, 0xb5, 0xb8, 0xb5, 0xb8, 0xb5, 0xb8, 0xb5, 0xb8, 0xb5,
    0xa5, 0xb9, 0xa5, 0xb9, 0xe5, 0x08, 0xe5, 0x08, 0xc5, 0x08, 0xc5, 0x08, 0xe5, 0x10, 0xe5, 0x10, 0xe5, 0x10, 0xe5, 0x10, 0xe5, 0x10, 0xe5, 0x10,
    0xc5, 0x10, 0xc5, 0x10, 0xe5, 0x10, 0xe5, 0x10, 0xe5, 0x08, 0xe5, 0x08, 0xe5, 0x08, 0xe5, 0x08, 0xe6, 0x10, 0xe6, 0x10, 0xe5, 0x10, 0xe5, 0x10,
    0xc5, 0x08, 0xc5, 0x08, 0xc5, 0x08, 0xc5, 0x08, 0xc5, 0x08, 0xc5, 0x08, 0xe5, 0x08, 0xe5, 0x08, 0xc5, 0x08, 0xc5, 0x08, 0xc5, 0x10, 0xc5, 0x10,
    0xe5, 0x10, 0xe5, 0x10, 0xe5, 0x08, 0xe5, 0x08, 0xc5, 0x08, 0xc5, 0x08, 0xe5, 0x08, 0xe5, 0x08, 0xe5, 0x08, 0xe5, 0x08, 0xc5, 0x08, 0xc5, 0x08,
    0xe5, 0x10, 0xe5, 0x10, 0xe5, 0x10, 0xe5, 0x10, 0xc5, 0x08, 0xc5, 0x08, 0x77, 0xad, 0x77, 0xad, 0x5a, 0xce, 0x5a, 0xce, 0x15, 0x9d, 0x15, 0x9d,
    0x59, 0xc6, 0x59, 0xc6, 0x7a, 0xce, 0x7a, 0xce, 0x7a, 0xce, 0x7a, 0xce, 0x7a, 0xce, 0x7a, 0xce, 0x7a, 0xce, 0x7a, 0xce, 0x39, 0xc6, 0x39, 0xc6,
    0xf9, 0xbd, 0xf9, 0xbd, 0x77, 0xa5, 0x77, 0xa5, 0x36, 0x9d, 0x36, 0x9d, 0x36, 0xa5, 0x36, 0xa5, 0x36, 0xa5, 0x36, 0xa5, 0x36, 0xa5, 0x36, 0xa5,
    0x36, 0xa5, 0x36, 0xa5, 0x36, 0xa5, 0x36, 0xa5, 0x36, 0xa5, 0x36, 0xa5, 0x36, 0xa5, 0x36, 0xa5, 0x36, 0xa5, 0x36, 0xa5, 0x36, 0xa5, 0x36, 0xa5,
    0x36, 0xa5, 0x36, 0xa5, 0x36, 0xa5, 0x36, 0xa5, 0x36, 0x9d, 0x36, 0x9d, 0x36, 0xa5, 0x36, 0xa5, 0xd8, 0xb5, 0xd8, 0xb5, 0xb8, 0xb5, 0xb8, 0xb5,
    0x5d, 0xef, 0x5d, 0xef, 0xd2, 0x73, 0xd2, 0x73, 0x97, 0xad, 0x97, 0xad, 0x57, 0xa5, 0x57, 0xa5, 0x57, 0xa5, 0x57, 0xa5, 0xb8, 0xb5, 0xb8, 0xb5,
    0x50, 0x63, 0x50, 0x63, 0x5c, 0xef, 0x5c, 0xef, 0x1c, 0xe7, 0x1c, 0xe7, 0x19, 0xbe, 0x19, 0xbe, 0xb8, 0xb5, 0xb8, 0xb5, 0xb8, 0xb5, 0xb8, 0xb5,
    0xb8, 0xb5, 0xb8, 0xb5, 0xb8, 0xb5, 0xb8, 0xb5, 0xd8, 0xb5, 0xd8, 0xb5, 0xd8, 0xb5, 0xd8, 0xb5, 0xfc, 0xe6, 0xfc, 0xe6, 0x3c, 0xef, 0x3c, 0xef,
    0x3c, 0xe7, 0x3c, 0xe7, 0x12, 0x74, 0x12, 0x74, 0xee, 0x52, 0xee, 0x52, 0x2f, 0x5b, 0x2f, 0x5b, 0x77, 0xad, 0x77, 0xad, 0x77, 0xad, 0x77, 0xad,
    0x98, 0xad, 0x98, 0xad, 0x97, 0xad, 0x97, 0xad, 0x98, 0xad, 0x98, 0xad, 0x97, 0xad, 0x97, 0xad, 0x98, 0xad, 0x98, 0xad, 0x98, 0xad, 0x98, 0xad,
    0x98, 0xad, 0x98, 0xad, 0xb8, 0xb5, 0xb8, 0xb5, 0x98, 0xad, 0x98, 0xad, 0xb8, 0xb5, 0xb8, 0xb5, 0x97, 0xb5, 0x97, 0xb5, 0xb8, 0xb5, 0xb8, 0xb5,
    0x98, 0xb5, 0x98, 0xb5, 0x98, 0xad, 0x98, 0xad, 0xb8, 0xb5, 0xb8, 0xb5, 0x98, 0xad, 0x98, 0xad, 0x98, 0xad, 0x98, 0xad, 0x98, 0xb5, 0x98, 0xb5,
    0xb8, 0xb5, 0xb8, 0xb5, 0xb8, 0xb5, 0xb8, 0xb5, 0xbe, 0xff, 0xbe, 0xff, 0xfc, 0xe6, 0xfc, 0xe6, 0x16, 0x9d, 0x16, 0x9d, 0xee, 0x52, 0xee, 0x52,
    0x57, 0xa5, 0x57, 0xa5, 0x94, 0x8c, 0x94, 0x8c, 0x94, 0x8c, 0x94, 0x8c, 0xb4, 0x8c, 0xb4, 0x8c, 0xb4, 0x8c, 0xb4, 0x8c, 0xb4, 0x8c, 0xb4, 0x8c,
    0x04, 0x89, 0x04, 0x89, 0xe5, 0x10, 0xe5, 0x10, 0xe5, 0x10, 0xe5, 0x10, 0xe5, 0x08, 0xe5, 0x08, 0xe5, 0x08, 0xe5, 0x08, 0xe5, 0x10, 0xe5, 0x10,
    0xe5, 0x10, 0xe5, 0x10, 0xe5, 0x10, 0xe5, 0x10, 0xe5, 0x10, 0xe5, 0x10, 0xe5, 0x10, 0xe5, 0x10, 0xc5, 0x08, 0xc5, 0x08, 0xe5, 0x10, 0xe5, 0x10,
    0xc5, 0x08, 0xc5, 0x08, 0xc5, 0x08, 0xc5, 0x08, 0xc5, 0x08, 0xc5, 0x08, 0xe5, 0x08, 0xe5, 0x08, 0xc5, 0x08, 0xc5, 0x08, 0xc5, 0x10, 0xc5, 0x10,
    0xe5, 0x10, 0xe5, 0x10, 0xe5, 0x08, 0xe5, 0x08, 0xc5, 0x08, 0xc5, 0x08, 0xe5, 0x08, 0xe5, 0x08, 0xe5, 0x08, 0xe5, 0x08, 0xc5, 0x08, 0xc5, 0x08,
    0xe5, 0x10, 0xe5, 0x10, 0xe5, 0x10, 0xe5, 0x10, 0xc5, 0x08, 0xc5, 0x08, 0x77, 0xad, 0x77, 0xad, 0x5a, 0xce, 0x5a, 0xce, 0x15, 0x9d, 0x15, 0x9d,
    0x59, 0xc6, 0x59, 0xc6, 0x7a, 0xce, 0x7a, 0xce, 0x7a, 0xce, 0x7a, 0xce, 0x7a, 0xce, 0x7a, 0xce, 0x7a, 0xce, 0x7a, 0xce, 0x39, 0xc6, 0x39, 0xc6,
    0xf9, 0xbd, 0xf9, 0xbd, 0x77, 0xa5, 0x77, 0xa5, 0x36, 0x9d, 0x36, 0x9d, 0x36, 0xa5, 0x36, 0xa5, 0x36, 0xa5, 0x36, 0xa5, 0x36, 0xa5, 0x36, 0xa5,
    0x36, 0xa5, 0x36, 0xa5, 0x36, 0xa5, 0x36, 0xa5, 0x36, 0xa5, 0x36, 0xa5, 0x36, 0xa5, 0x36, 0xa5, 0x36, 0xa5, 0x36, 0xa5, 0x36, 0xa5, 0x36, 0xa5,
    0x36, 0xa5, 0x36, 0xa5, 0x36, 0xa5, 0x36, 0xa5, 0x36, 0x9d, 0x36, 0x9d, 0x36, 0xa5, 0x36, 0xa5, 0xd8, 0xb5, 0xd8, 0xb5, 0xb8, 0xb5, 0xb8, 0xb5,
    0x5d, 0xef, 0x5d, 0xef, 0xd2, 0x73, 0xd2, 0x73, 0x97, 0xad, 0x97, 0xad, 0x57, 0xa5, 0x57, 0xa5, 0x57, 0xa5, 0x57, 0xa5, 0xb8, 0xb5, 0xb8, 0xb5,
    0x50, 0x63, 0x50, 0x63, 0x5c, 0xef, 0x5c, 0xef, 0x1c, 0xe7, 0x1c, 0xe7, 0x19, 0xbe, 0x19, 0xbe, 0xb8, 0xb5, 0xb8, 0xb5, 0xb8, 0xb5, 0xb8, 0xb5,
    0xb8, 0xb5, 0xb8, 0xb5, 0xb8, 0xb5, 0xb8, 0xb5, 0xd8, 0xb5, 0xd8, 0xb5, 0xd8, 0xb5, 0xd8, 0xb5, 0xfc, 0xe6, 0xfc, 0xe6, 0x3c, 0xef, 0x3c, 0xef,
    0x3c, 0xe7, 0x3c, 0xe7, 0x12, 0x74, 0x12, 0x74, 0xee, 0x52, 0xee, 0x52, 0x2f, 0x5b, 0x2f, 0x5b, 0x77, 0xad, 0x77, 0xad, 0x77, 0xad, 0x77, 0xad,
    0x98, 0xad, 0x98, 0xad, 0x97, 0xad, 0x97, 0xad, 0x98, 0xad, 0x98, 0xad, 0x97, 0xad, 0x97, 0xad, 0x98, 0xad, 0x98, 0xad, 0x98, 0xad, 0x98, 0xad,
    0x98, 0xad, 0x98, 0xad, 0xb8, 0xb5, 0xb8, 0xb5, 0x98, 0xad, 0x98, 0xad, 0xb8, 0xb5, 0xb8, 0xb5, 0x97, 0xb5, 0x97, 0xb5, 0xb8, 0xb5, 0xb8, 0xb5,
    0x98, 0xb5, 0x98, 0xb5, 0x98, 0xad, 0x98, 0xad, 0xb8, 0xb5, 0xb8, 0xb5, 0x98, 0xad, 0x98, 0xad, 0x98, 0xad, 0x98, 0xad, 0x98, 0xb5, 0x98, 0xb5,
    0xb8, 0xb5, 0xb8, 0xb5, 0xb8, 0xb5, 0xb8, 0xb5, 0xbe, 0xff, 0xbe, 0xff, 0xfc, 0xe6, 0xfc, 0xe6, 0x16, 0x9d, 0x16, 0x9d, 0xee, 0x52, 0xee, 0x52,
    0x57, 0xa5, 0x57, 0xa5, 0x94, 0x8c, 0x94, 0x8c, 0x94, 0x8c, 0x94, 0x8c, 0xb4, 0x8c, 0xb4, 0x8c, 0xb4, 0x8c, 0xb4, 0x8c, 0xb4, 0x8c, 0xb4, 0x8c,
    0x04, 0x89, 0x04, 0x89, 0xe5, 0x10, 0xe5, 0x10, 0xe5, 0x10, 0xe5, 0x10, 0xe5, 0x08, 0xe5, 0x08, 0xe5, 0x08, 0xe5, 0x08, 0xe5, 0x10, 0xe5, 0x10,
    0xe5, 0x10, 0xe5, 0x10, 0xe5, 0x10, 0xe5, 0x10, 0xe5, 0x10, 0xe5, 0x10, 0xe5, 0x10, 0xe5, 0x10, 0xc5, 0x08, 0xc5, 0x08, 0xe5, 0x10, 0xe5, 0x10,
    0xc5, 0x08, 0xc5, 0x08, 0xe5, 0x08, 0xe5, 0x08, 0xe5, 0x10, 0xe5, 0x10, 0xe5, 0x10, 0xe5, 0x10, 0xe5, 0x10, 0xe5, 0x10, 0xc5, 0x08, 0xc5, 0x08,
    0xc5, 0x10, 0xc5, 0x10, 0xe5, 0x08, 0xe5, 0x08, 0xe5, 0x08, 0xe5, 0x08, 0xe5, 0x10, 0xe5, 0x10, 0xe5, 0x08, 0xe5, 0x08, 0xc5, 0x08, 0xc5, 0x08,
    0xc5, 0x10, 0xc5, 0x10, 0xd8, 0xb5, 0xd8, 0xb5, 0x9a, 0xd6, 0x9a, 0xd6, 0xd8, 0xbd, 0xd8, 0xbd, 0x9d, 0xf7, 0x9d, 0xf7, 0x9a, 0xd6, 0x9a, 0xd6,
    0x7a, 0xce, 0x7a, 0xce, 0xf9, 0xbd, 0xf9, 0xbd, 0xd8, 0xbd, 0xd8, 0xbd, 0x57, 0xa5, 0x57, 0xa5, 0x57, 0xa5, 0x57, 0xa5, 0x57, 0xa5, 0x57, 0xa5,
    0x57, 0xa5, 0x57, 0xa5, 0x57, 0xa5, 0x57, 0xa5, 0x56, 0xa5, 0x56, 0xa5, 0x57, 0xa5, 0x57, 0xa5, 0x36, 0xa5, 0x36, 0xa5, 0x36, 0xa5, 0x36, 0xa5,
    0x36, 0xa5, 0x36, 0xa5, 0x36, 0xa5, 0x36, 0xa5, 0x36, 0xa5, 0x36, 0xa5, 0x36, 0xa5, 0x36, 0xa5, 0x36, 0xa5, 0x36, 0xa5, 0x36, 0xa5, 0x36, 0xa5,
    0xb8, 0xb5, 0xb8, 0xb5, 0xb8, 0xb5, 0xb8, 0xb5, 0xb8, 0xb5, 0xb8, 0xb5, 0xf8, 0xbd, 0xf8, 0xbd, 0xf2, 0x73, 0xf2, 0x73, 0x97, 0xad, 0x97, 0xad,
    0x77, 0xad, 0x77, 0xad, 0x77, 0xad, 0x77, 0xad, 0xd8, 0xb5, 0xd8, 0xb5, 0xf8, 0xbd, 0xf8, 0xbd, 0x91, 0x6b, 0x91, 0x6b, 0x3c, 0xef, 0x3c, 0xef,
    0x3c, 0xe7, 0x3c, 0xe7, 0x39, 0xc6, 0x39, 0xc6, 0xd8, 0xb5, 0xd8, 0xb5, 0xd8, 0xb5, 0xd8, 0xb5, 0xd8, 0xb5, 0xd8, 0xb5, 0xd8, 0xb5, 0xd8, 0xb5,
    0x1c, 0xe7, 0x1c, 0xe7, 0xfb, 0xde, 0xfb, 0xde, 0x57, 0xa5, 0x57, 0xa5, 0x57, 0xa5, 0x57, 0xa5, 0x77, 0xad, 0x77, 0xad, 0x77, 0xad, 0x77, 0xad,
    0xbb, 0xd6, 0xbb, 0xd6, 0x98, 0xad, 0x98, 0xad, 0x53, 0x84, 0x53, 0x84, 0x33, 0x7c, 0x33, 0x7c, 0x98, 0xad, 0x98, 0xad, 0x98, 0xad, 0x98, 0xad,
    0x98, 0xad, 0x98, 0xad, 0x98, 0xad, 0x98, 0xad, 0x97, 0xad, 0x97, 0xad, 0x98, 0xad, 0x98, 0xad, 0x98, 0xad, 0x98, 0xad, 0x98, 0xad, 0x98, 0xad,
    0xb8, 0xb5, 0xb8, 0xb5, 0xca, 0x29, 0xca, 0x29, 0x0e, 0x53, 0x0e, 0x53, 0x91, 0x6b, 0x91, 0x6b, 0x77, 0xad, 0x77, 0xad, 0xb8, 0xb5, 0xb8, 0xb5,
    0xb8, 0xb5, 0xb8, 0xb5, 0xb8, 0xb5, 0xb8, 0xb5, 0xb8, 0xb5, 0xb8, 0xb5, 0x98, 0xad, 0x98, 0xad, 0xb5, 0x94, 0xb5, 0x94, 0xb4, 0x94, 0xb4, 0x94,
    0xb4, 0x8c, 0xb4, 0x8c, 0xb4, 0x8c, 0xb4, 0x8c, 0xc9, 0x29, 0xc9, 0x29, 0x2f, 0x53, 0x2f, 0x53, 0x74, 0x84, 0x74, 0x84, 0x2f, 0x5b, 0x2f, 0x5b,
    0xb4, 0x8c, 0xb4, 0x8c, 0x94, 0x8c, 0x94, 0x8c, 0x94, 0x8c, 0x94, 0x8c, 0xb4, 0x8c, 0xb4, 0x8c, 0xb4, 0x8c, 0xb4, 0x8c, 0xb4, 0x8c, 0xb4, 0x8c,
    0x50, 0xac, 0x50, 0xac, 0xe5, 0x10, 0xe5, 0x10, 0xe5, 0x08, 0xe5, 0x08, 0xc5, 0x08, 0xc5, 0x08, 0xe5, 0x08, 0xe5, 0x08, 0xc5, 0x10, 0xc5, 0x10,
    0xe5, 0x10, 0xe5, 0x10, 0xe5, 0x10, 0xe5, 0x10, 0xc5, 0x10, 0xc5, 0x10, 0xe5, 0x10, 0xe5, 0x10, 0xe5, 0x08, 0xe5, 0x08, 0xe5, 0x10, 0xe5, 0x10,
    0xc5, 0x08, 0xc5, 0x08, 0xe5, 0x08, 0xe5, 0x08, 0xe5, 0x10, 0xe5, 0x10, 0xe5, 0x10, 0xe5, 0x10, 0xe5, 0x10, 0xe5, 0x10, 0xc5, 0x08, 0xc5, 0x08,
    0xc5, 0x10, 0xc5, 0x10, 0xe5, 0x08, 0xe5, 0x08, 0xe5, 0x08, 0xe5, 0x08, 0xe5, 0x10, 0xe5, 0x10, 0xe5, 0x08, 0xe5, 0x08, 0xc5, 0x08, 0xc5, 0x08,
    0xc5, 0x10, 0xc5, 0x10, 0xd8, 0xb5, 0xd8, 0xb5, 0x9a, 0xd6, 0x9a, 0xd6, 0xd8, 0xbd, 0xd8, 0xbd, 0x9d, 0xf7, 0x9d, 0xf7, 0x9a, 0xd6, 0x9a, 0xd6,
    0x7a, 0xce, 0x7a, 0xce, 0xf9, 0xbd, 0xf9, 0xbd, 0xd8, 0xbd, 0xd8, 0xbd, 0x57, 0xa5, 0x57, 0xa5, 0x57, 0xa5, 0x57, 0xa5, 0x57, 0xa5, 0x57, 0xa5,
    0x57, 0xa5, 0x57, 0xa5, 0x57, 0xa5, 0x57, 0xa5, 0x56, 0xa5, 0x56, 0xa5, 0x57, 0xa5, 0x57, 0xa5, 0x36, 0xa5, 0x36, 0xa5, 0x36, 0xa5, 0x36, 0xa5,
    0x36, 0xa5, 0x36, 0xa5, 0x36, 0xa5, 0x36, 0xa5, 0x36, 0xa5, 0x36, 0xa5, 0x36, 0xa5, 0x36, 0xa5, 0x36, 0xa5, 0x36, 0xa5, 0x36, 0xa5, 0x36, 0xa5,
    0xb8, 0xb5, 0xb8, 0xb5, 0xb8, 0xb5, 0xb8, 0xb5, 0xb8, 0xb5, 0xb8, 0xb5, 0xf8, 0xbd, 0xf8, 0xbd, 0xf2, 0x73, 0xf2, 0x73, 0x97, 0xad, 0x97, 0xad,
    0x77, 0xad, 0x77, 0xad, 0x77, 0xad, 0x77, 0xad, 0xd8, 0xb5, 0xd8, 0xb5, 0xf8, 0xbd, 0xf8, 0xbd, 0x91, 0x6b, 0x91, 0x6b, 0x3c, 0xef, 0x3c, 0xef,
    0x3c, 0xe7, 0x3c, 0xe7, 0x39, 0xc6, 0x39, 0xc6, 0xd8, 0xb5, 0xd8, 0xb5, 0xd8, 0xb5, 0xd8, 0xb5, 0xd8, 0xb5, 0xd8, 0xb5, 0xd8, 0xb5, 0xd8, 0xb5,
    0x1c, 0xe7, 0x1c, 0xe7, 0xfb, 0xde, 0xfb, 0xde, 0x57, 0xa5, 0x57, 0xa5, 0x57, 0xa5, 0x57, 0xa5, 0x77, 0xad, 0x77, 0xad, 0x77, 0xad, 0x77, 0xad,
    0xbb, 0xd6, 0xbb, 0xd6, 0x98, 0xad, 0x98, 0xad, 0x53, 0x84, 0x53, 0x84, 0x33, 0x7c, 0x33, 0x7c, 0x98, 0xad, 0x98, 0xad, 0x98, 0xad, 0x98, 0xad,
    0x98, 0xad, 0x98, 0xad, 0x98, 0xad, 0x98, 0xad, 0x97, 0xad, 0x97, 0xad, 0x98, 0xad, 0x98, 0xad, 0x98, 0xad, 0x98, 0xad, 0x98, 0xad, 0x98, 0xad,
    0xb8, 0xb5, 0xb8, 0xb5, 0xca, 0x29, 0xca, 0x29, 0x0e, 0x53, 0x0e, 0x53, 0x91, 0x6b, 0x91, 0x6b, 0x77, 0xad, 0x77, 0xad, 0xb8, 0xb5, 0xb8, 0xb5,
    0xb8, 0xb5, 0xb8, 0xb5, 0xb8, 0xb5, 0xb8, 0xb5, 0xb8, 0xb5, 0xb8, 0xb5, 0x98, 0xad, 0x98, 0xad, 0xb5, 0x94, 0xb5, 0x94, 0xb4, 0x94, 0xb4, 0x94,
    0xb4, 0x8c, 0xb4, 0x8c, 0xb4, 0x8c, 0xb4, 0x8c, 0xc9, 0x29, 0xc9, 0x29, 0x2f, 0x53, 0x2f, 0x53, 0x74, 0x84, 0x74, 0x84, 0x2f, 0x5b, 0x2f, 0x5b,
    0xb4, 0x8c, 0xb4, 0x8c, 0x94, 0x8c, 0x94, 0x8c, 0x94, 0x8c, 0x94, 0x8c, 0xb4, 0x8c, 0xb4, 0x8c, 0xb4, 0x8c, 0xb4, 0x8c, 0xb4, 0x8c, 0xb4, 0x8c,
    0x50, 0xac, 0x50, 0xac, 0xe5, 0x10, 0xe5, 0x10, 0xe5, 0x08, 0xe5, 0x08, 0xc5, 0x08, 0xc5, 0x08, 0xe5, 0x08, 0xe5, 0x08, 0xc5, 0x10, 0xc5, 0x10,
    0xe5, 0x10, 0xe5, 0x10, 0xe5, 0x10, 0xe5, 0x10, 0xc5, 0x10, 0xc5, 0x10, 0xe5, 0x10, 0xe5, 0x10, 0xe5, 0x08, 0xe5, 0x08, 0xe5, 0x10, 0xe5, 0x10,
    0xc5, 0x08, 0xc5, 0x08, 0xc5, 0x08, 0xc5, 0x08, 0xc5, 0x08, 0xc5, 0x08, 0xc5, 0x08, 0xc5, 0x08, 0xe5, 0x10, 0xe5, 0x10, 0xc5, 0x08, 0xc5, 0x08,
    0xc5, 0x08, 0xc5, 0x08, 0xe5, 0x08, 0xe5, 0x08, 0xe5, 0x08, 0xe5, 0x08, 0xc5, 0x08, 0xc5, 0x08, 0xe5, 0x08, 0xe5, 0x08, 0xe5, 0x10, 0xe5, 0x10,
    0xfc, 0xe6, 0xfc, 0xe6, 0xd9, 0xb5, 0xd9, 0xb5, 0x77, 0xad, 0x77, 0xad, 0x7d, 0xf7, 0x7d, 0xf7, 0x9a, 0xd6, 0x9a, 0xd6, 0xf9, 0xbd, 0xf9, 0xbd,
    0x57, 0xa5, 0x57, 0xa5, 0x57, 0xa5, 0x57, 0xa5, 0x57, 0xa5, 0x57, 0xa5, 0x57, 0xa5, 0x57, 0xa5, 0x57, 0xa5, 0x57, 0xa5, 0x57, 0xa5, 0x57, 0xa5,
    0x57, 0xa5, 0x57, 0xa5, 0x57, 0xa5, 0x57, 0xa5, 0x56, 0xa5, 0x56, 0xa5, 0x57, 0xa5, 0x57, 0xa5, 0x57, 0xa5, 0x57, 0xa5, 0x36, 0xa5, 0x36, 0xa5,
    0x37, 0xa5, 0x37, 0xa5, 0x57, 0xa5, 0x57, 0xa5, 0xb8, 0xb5, 0xb8, 0xb5, 0xb8, 0xb5, 0xb8, 0xb5, 0xb8, 0xb5, 0xb8, 0xb5, 0xb8, 0xb5, 0xb8, 0xb5,
    0xb8, 0xb5, 0xb8, 0xb5, 0xb8, 0xb5, 0xb8, 0xb5, 0x53, 0x84, 0x53, 0x84, 0x57, 0xa5, 0x57, 0xa5, 0x77, 0xad, 0x77, 0xad, 0xd8, 0xb5, 0xd8, 0xb5,
    0xd8, 0xb5, 0xd8, 0xb5, 0xf9, 0xbd, 0xf9, 0xbd, 0x70, 0x63, 0x70, 0x63, 0x3c, 0xef, 0x3c, 0xef, 0x1c, 0xe7, 0x1c, 0xe7, 0x39, 0xc6, 0x39, 0xc6,
    0xd8, 0xb5, 0xd8, 0xb5, 0xd8, 0xb5, 0xd8, 0xb5, 0xd8, 0xb5, 0xd8, 0xb5, 0xfb, 0xe6, 0xfb, 0xe6, 0x77, 0xad, 0x77, 0xad, 0x77, 0xad, 0x77, 0xad,
    0x77, 0xad, 0x77, 0xad, 0x77, 0xad, 0x77, 0xad, 0x77, 0xad, 0x77, 0xad, 0x77, 0xad, 0x77, 0xad, 0x77, 0xad, 0x77, 0xad, 0x77, 0xad, 0x77, 0xad,
    0x0f, 0x53, 0x0f, 0x53, 0x98, 0xad, 0x98, 0xad, 0xb8, 0xb5, 0xb8, 0xb5, 0x16, 0x9d, 0x16, 0x9d, 0x98, 0xad, 0x98, 0xad, 0x98, 0xad, 0x98, 0xad,
    0x98, 0xad, 0x98, 0xad, 0x97, 0xad, 0x97, 0xad, 0x97, 0xad, 0x97, 0xad, 0x97, 0xad, 0x97, 0xad, 0x98, 0xad, 0x98, 0xad, 0x36, 0xa5, 0x36, 0xa5,
    0xb4, 0x8c, 0xb4, 0x8c, 0x0a, 0x32, 0x0a, 0x32, 0xa9, 0x21, 0xa9, 0x21, 0xa9, 0x29, 0xa9, 0x29, 0x53, 0x84, 0x53, 0x84, 0xd5, 0x94, 0xd5, 0x94,
    0xb4, 0x8c, 0xb4, 0x8c, 0x94, 0x8c, 0x94, 0x8c, 0x94, 0x8c, 0x94, 0x8c, 0x94, 0x8c, 0x94, 0x8c, 0xb4, 0x8c, 0xb4, 0x8c, 0xb4, 0x8c, 0xb4, 0x8c,
    0xb4, 0x8c, 0xb4, 0x8c, 0xb4, 0x8c, 0xb4, 0x8c, 0x94, 0x8c, 0x94, 0x8c, 0xb4, 0x8c, 0xb4, 0x8c, 0x94, 0x8c, 0x94, 0x8c, 0x0e, 0x53, 0x0e, 0x53,
    0xb4, 0x8c, 0xb4, 0x8c, 0x37, 0xa5, 0x37, 0xa5, 0x57, 0xa5, 0x57, 0xa5, 0xb5, 0x8c, 0xb5, 0x8c, 0x12, 0x7c, 0x12, 0x7c, 0x12, 0x7c, 0x12, 0x7c,
    0xaf, 0x83, 0xaf, 0x83, 0xc5, 0x08, 0xc5, 0x08, 0xe5, 0x08, 0xe5, 0x08, 0xe5, 0x08, 0xe5, 0x08, 0xe5, 0x10, 0xe5, 0x10, 0xe5, 0x10, 0xe5, 0x10,
    0xe5, 0x10, 0xe5, 0x10, 0xe5, 0x10, 0xe5, 0x10, 0xe5, 0x10, 0xe5, 0x10, 0xe5, 0x08, 0xe5, 0x08, 0xe5, 0x10, 0xe5, 0x10, 0xe5, 0x10, 0xe5, 0x10,
    0xc5, 0x08, 0xc5, 0x08, 0xc5, 0x08, 0xc5, 0x08, 0xc5, 0x08, 0xc5, 0x08, 0xc5, 0x08, 0xc5, 0x08, 0xe5, 0x10, 0xe5, 0x10, 0xc5, 0x08, 0xc5, 0x08,
    0xc5, 0x08, 0xc5, 0x08, 0xe5, 0x08, 0xe5, 0x08, 0xe5, 0x08, 0xe5, 0x08, 0xc5, 0x08, 0xc5, 0x08, 0xe5, 0x08, 0xe5, 0x08, 0xe5, 0x10, 0xe5, 0x10,
    0xfc, 0xe6, 0xfc, 0xe6, 0xd9, 0xb5, 0xd9, 0xb5, 0x77, 0xad, 0x77, 0xad, 0x7d, 0xf7, 0x7d, 0xf7, 0x9a, 0xd6, 0x9a, 0xd6, 0xf9, 0xbd, 0xf9, 0xbd,
    0x57, 0xa5, 0x57, 0xa5, 0x57, 0xa5, 0x57, 0xa5, 0x57, 0xa5, 0x57, 0xa5, 0x57, 0xa5, 0x57, 0xa5, 0x57, 0xa5, 0x57, 0xa5, 0x57, 0xa5, 0x57, 0xa5,
    0x57, 0xa5, 0x57, 0xa5, 0x57, 0xa5, 0x57, 0xa5, 0x56, 0xa5, 0x56, 0xa5, 0x57, 0xa5, 0x57, 0xa5, 0x57, 0xa5, 0x57, 0xa5, 0x36, 0xa5, 0x36, 0xa5,
    0x37, 0xa5, 0x37, 0xa5, 0x57, 0xa5, 0x57, 0xa5, 0xb8, 0xb5, 0xb8, 0xb5, 0xb8, 0xb5, 0xb8, 0xb5, 0xb8, 0xb5, 0xb8, 0xb5, 0xb8, 0xb5, 0xb8, 0xb5,
    0xb8, 0xb5, 0xb8, 0xb5, 0xb8, 0xb5, 0xb8, 0xb5, 0x53, 0x84, 0x53, 0x84, 0x57, 0xa5, 0x57, 0xa5, 0x77, 0xad, 0x77, 0xad, 0xd8, 0xb5, 0xd8, 0xb5,
    0xd8, 0xb5, 0xd8, 0xb5, 0xf9, 0xbd, 0xf9, 0xbd, 0x70, 0x63, 0x70, 0x63, 0x3c, 0xef, 0x3c, 0xef, 0x1c, 0xe7, 0x1c, 0xe7, 0x39, 0xc6, 0x39, 0xc6,
    0xd8, 0xb5, 0xd8, 0xb5, 0xd8, 0xb5, 0xd8, 0xb5, 0xd8, 0xb5, 0xd8, 0xb5, 0xfb, 0xe6, 0xfb, 0xe6, 0x77, 0xad, 0x77, 0xad, 0x77, 0xad, 0x77, 0xad,
    0x77, 0xad, 0x77, 0xad, 0x77, 0xad, 0x77, 0xad, 0x77, 0xad, 0x77, 0xad, 0x77, 0xad, 0x77, 0xad, 0x77, 0xad, 0x77, 0xad, 0x77, 0xad, 0x77, 0xad,
    0x0f, 0x53, 0x0f, 0x53, 0x98, 0xad, 0x98, 0xad, 0xb8, 0xb5, 0xb8, 0xb5, 0x16, 0x9d, 0x16, 0x9d, 0x98, 0xad, 0x98, 0xad, 0x98, 0xad, 0x98, 0xad,
    0x98, 0xad, 0x98, 0xad, 0x97, 0xad, 0x97, 0xad, 0x97, 0xad, 0x97, 0xad, 0x97, 0xad, 0x97, 0xad, 0x98, 0xad, 0x98, 0xad, 0x36, 0xa5, 0x36, 0xa5,
    0xb4, 0x8c, 0xb4, 0x8c, 0x0a, 0x32, 0x0a, 0x32, 0xa9, 0x21, 0xa9, 0x21, 0xa9, 0x29, 0xa9, 0x29, 0x53, 0x84, 0x53, 0x84, 0xd5, 0x94, 0xd5, 0x94,
    0xb4, 0x8c, 0xb4, 0x8c, 0x94, 0x8c, 0x94, 0x8c, 0x94, 0x8c, 0x94, 0x8c, 0x94, 0x8c, 0x94, 0x8c, 0xb4, 0x8c, 0xb4, 0x8c, 0xb4, 0x8c, 0xb4, 0x8c,
    0xb4, 0x8c, 0xb4, 0x8c, 0xb4, 0x8c, 0xb4, 0x8c, 0x94, 0x8c, 0x94, 0x8c, 0xb4, 0x8c, 0xb4, 0x8c, 0x94, 0x8c, 0x94, 0x8c, 0x0e, 0x53, 0x0e, 0x53,
    0xb4, 0x8c, 0xb4, 0x8c, 0x37, 0xa5, 0x37, 0xa5, 0x57, 0xa5, 0x57, 0xa5, 0xb5, 0x8c, 0xb5, 0x8c, 0x12, 0x7c, 0x12, 0x7c, 0x12, 0x7c, 0x12, 0x7c,
    0xaf, 0x83, 0xaf, 0x83, 0xc5, 0x08, 0xc5, 0x08, 0xe5, 0x08, 0xe5, 0x08, 0xe5, 0x08, 0xe5, 0x08, 0xe5, 0x10, 0xe5, 0x10, 0xe5, 0x10, 0xe5, 0x10,
    0xe5, 0x10, 0xe5, 0x10, 0xe5, 0x10, 0xe5, 0x10, 0xe5, 0x10, 0xe5, 0x10, 0xe5, 0x08, 0xe5, 0x08, 0xe5, 0x10, 0xe5, 0x10, 0xe5, 0x10, 0xe5, 0x10,
    0xe5, 0x08, 0xe5, 0x08, 0xe5, 0x08, 0xe5, 0x08, 0xc5, 0x08, 0xc5, 0x08, 0xe5, 0x08, 0xe5, 0x08, 0xe5, 0x08, 0xe5, 0x08, 0xc5, 0x08, 0xc5, 0x08,
    0xc5, 0x08, 0xc5, 0x08, 0xc5, 0x08, 0xc5, 0x08, 0xc5, 0x08, 0xc5, 0x08, 0xc5, 0x08, 0xc5, 0x08, 0xe5, 0x10, 0xe5, 0x10, 0x5d, 0xef, 0x5d, 0xef,
    0x4b, 0x3a, 0x4b, 0x3a, 0x77, 0xad, 0x77, 0xad, 0xbb, 0xd6, 0xbb, 0xd6, 0xb8, 0xb5, 0xb8, 0xb5, 0x57, 0xa5, 0x57, 0xa5, 0x56, 0xa5, 0x56, 0xa5,
    0x57, 0xa5, 0x57, 0xa5, 0x57, 0xa5, 0x57, 0xa5, 0x57, 0xa5, 0x57, 0xa5, 0x57, 0xa5, 0x57, 0xa5, 0x57, 0xa5, 0x57, 0xa5, 0x57, 0xa5, 0x57, 0xa5,
    0x57, 0xa5, 0x57, 0xa5, 0x77, 0xa5, 0x77, 0xa5, 0x19, 0xc6, 0x19, 0xc6, 0x19, 0xc6, 0x19, 0xc6, 0x19, 0xbe, 0x19, 0xbe, 0x39, 0xc6, 0x39, 0xc6,
    0x19, 0xc6, 0x19, 0xc6, 0x19, 0xc6, 0x19, 0xc6, 0x19, 0xc6, 0x19, 0xc6, 0x39, 0xc6, 0x39, 0xc6, 0x39, 0xc6, 0x39, 0xc6, 0x39, 0xc6, 0x39, 0xc6,
    0x3c, 0xef, 0x3c, 0xef, 0x57, 0xa5, 0x57, 0xa5, 0xf9, 0xbd, 0xf9, 0xbd, 0xf8, 0xbd, 0xf8, 0xbd, 0x5a, 0xc6, 0x5a, 0xc6, 0x1b, 0xe7, 0x1b, 0xe7,
    0x2f, 0x5b, 0x2f, 0x5b, 0x5c, 0xef, 0x5c, 0xef, 0x1c, 0xe7, 0x1c, 0xe7, 0x39, 0xce, 0x39, 0xce, 0x39, 0xc6, 0x39, 0xc6, 0xd8, 0xb5, 0xd8, 0xb5,
    0x98, 0xad, 0x98, 0xad, 0x77, 0xad, 0x77, 0xad, 0x77, 0xad, 0x77, 0xad, 0x77, 0xad, 0x77, 0xad, 0x77, 0xad, 0x77, 0xad, 0x77, 0xad, 0x77, 0xad,
    0x77, 0xad, 0x77, 0xad, 0x77, 0xad, 0x77, 0xad, 0x77, 0xad, 0x77, 0xad, 0x77, 0xad, 0x77, 0xad, 0x77, 0xad, 0x77, 0xad, 0x77, 0xa5, 0x77, 0xa5,
    0x0b, 0x32, 0x0b, 0x32, 0x97, 0xad, 0x97, 0xad, 0x98, 0xad, 0x98, 0xad, 0xb4, 0x94, 0xb4, 0x94, 0xb4, 0x8c, 0xb4, 0x8c, 0xb4, 0x8c, 0xb4, 0x8c,
    0xb4, 0x8c, 0xb4, 0x8c, 0xb4, 0x8c, 0xb4, 0x8c, 0xb4, 0x8c, 0xb4, 0x8c, 0xb4, 0x8c, 0xb4, 0x8c, 0xb4, 0x8c, 0xb4, 0x8c, 0xb4, 0x8c, 0xb4, 0x8c,
    0xb4, 0x8c, 0xb4, 0x8c, 0xb4, 0x8c, 0xb4, 0x8c, 0x2f, 0x5b, 0x2f, 0x5b, 0xb4, 0x8c, 0xb4, 0x8c, 0x94, 0x8c, 0x94, 0x8c, 0xb4, 0x8c, 0xb4, 0x8c,
    0xb4, 0x8c, 0xb4, 0x8c, 0x94, 0x8c, 0x94, 0x8c, 0x94, 0x8c, 0x94, 0x8c, 0x94, 0x8c, 0x94, 0x8c, 0xb4, 0x8c, 0xb4, 0x8c, 0xb4, 0x8c, 0xb4, 0x8c,
    0xb4, 0x8c, 0xb4, 0x8c, 0xb4, 0x8c, 0xb4, 0x8c, 0xb4, 0x8c, 0xb4, 0x8c, 0xb4, 0x8c, 0xb4, 0x8c, 0xb4, 0x8c, 0xb4, 0x8c, 0xd1, 0x73, 0xd1, 0x73,
    0xd8, 0xb5, 0xd8, 0xb5, 0xd9, 0xbd, 0xd9, 0xbd, 0x19, 0xbe, 0x19, 0xbe, 0xf9, 0xbd, 0xf9, 0xbd, 0xb5, 0x94, 0xb5, 0x94, 0x12, 0x7c, 0x12, 0x7c,
    0x83, 0x10, 0x83, 0x10, 0xe5, 0x10, 0xe5, 0x10, 0xe5, 0x08, 0xe5, 0x08, 0xe5, 0x08, 0xe5, 0x08, 0xe5, 0x08, 0xe5, 0x08, 0xe5, 0x08, 0xe5, 0x08,
    0xe5, 0x10, 0xe5, 0x10, 0xe5, 0x08, 0xe5, 0x08, 0xe5, 0x10, 0xe5, 0x10, 0xe5, 0x10, 0xe5, 0x10, 0xe5, 0x08, 0xe5, 0x08, 0xe5, 0x10, 0xe5, 0x10,
    0xe5, 0x08, 0xe5, 0x08, 0xe5, 0x08, 0xe5, 0x08, 0xc5, 0x08, 0xc5, 0x08, 0xe5, 0x08, 0xe5, 0x08, 0xe5, 0x08, 0xe5, 0x08, 0xc5, 0x08, 0xc5, 0x08,
    0xc5, 0x08, 0xc5, 0x08, 0xc5, 0x08, 0xc5, 0x08, 0xc5, 0x08, 0xc5, 0x08, 0xc5, 0x08, 0xc5, 0x08, 0xe5, 0x10, 0xe5, 0x10, 0x5d, 0xef, 0x5d, 0xef,
    0x4b, 0x3a, 0x4b, 0x3a, 0x77, 0xad, 0x77, 0xad, 0xbb, 0xd6, 0xbb, 0xd6, 0xb8, 0xb5, 0xb8, 0xb5, 0x57, 0xa5, 0x57, 0xa5, 0x56, 0xa5, 0x56, 0xa5,
    0x57, 0xa5, 0x57, 0xa5, 0x57, 0xa5, 0x57, 0xa5, 0x57, 0xa5, 0x57, 0xa5, 0x57, 0xa5, 0x57, 0xa5, 0x57, 0xa5, 0x57, 0xa5, 0x57, 0xa5, 0x57, 0xa5,
    0x57, 0xa5, 0x57, 0xa5, 0x77, 0xa5, 0x77, 0xa5, 0x19, 0xc6, 0x19, 0xc6, 0x19, 0xc6, 0x19, 0xc6, 0x19, 0xbe, 0x19, 0xbe, 0x39, 0xc6, 0x39, 0xc6,
    0x19, 0xc6, 0x19, 0xc6, 0x19, 0xc6, 0x19, 0xc6, 0x19, 0xc6, 0x19, 0xc6, 0x39, 0xc6, 0x39, 0xc6, 0x39, 0xc6, 0x39, 0xc6, 0x39, 0xc6, 0x39, 0xc6,
    0x3c, 0xef, 0x3c, 0xef, 0x57, 0xa5, 0x57, 0xa5, 0xf9, 0xbd, 0xf9, 0xbd, 0xf8, 0xbd, 0xf8, 0xbd, 0x5a, 0xc6, 0x5a, 0xc6, 0x1b, 0xe7, 0x1b, 0xe7,
    0x2f, 0x5b, 0x2f, 0x5b, 0x5c, 0xef, 0x5c, 0xef, 0x1c, 0xe7, 0x1c, 0xe7, 0x39, 0xce, 0x39, 0xce, 0x39, 0xc6, 0x39, 0xc6, 0xd8, 0xb5, 0xd8, 0xb5,
    0x98, 0xad, 0x98, 0xad, 0x77, 0xad, 0x77, 0xad, 0x77, 0xad, 0x77, 0xad, 0x77, 0xad, 0x77, 0xad, 0x77, 0xad, 0x77, 0xad, 0x77, 0xad, 0x77, 0xad,
    0x77, 0xad, 0x77, 0xad, 0x77, 0xad, 0x77, 0xad, 0x77, 0xad, 0x77, 0xad, 0x77, 0xad, 0x77, 0xad, 0x77, 0xad, 0x77, 0xad, 0x77, 0xa5, 0x77, 0xa5,
    0x0b, 0x32, 0x0b, 0x32, 0x97, 0xad, 0x97, 0xad, 0x98, 0xad, 0x98, 0xad, 0xb4, 0x94, 0xb4, 0x94, 0xb4, 0x8c, 0xb4, 0x8c, 0xb4, 0x8c, 0xb4, 0x8c,
    0xb4, 0x8c, 0xb4, 0x8c, 0xb4, 0x8c, 0xb4, 0x8c, 0xb4, 0x8c, 0xb4, 0x8c, 0xb4, 0x8c, 0xb4, 0x8c, 0xb4, 0x8c, 0xb4, 0x8c, 0xb4, 0x8c, 0xb4, 0x8c,
    0xb4, 0x8c, 0xb4, 0x8c, 0xb4, 0x8c, 0xb4, 0x8c, 0x2f, 0x5b, 0x2f, 0x5b, 0xb4, 0x8c, 0xb4, 0x8c, 0x94, 0x8c, 0x94, 0x8c, 0xb4, 0x8c, 0xb4, 0x8c,
    0xb4, 0x8c, 0xb4, 0x8c, 0x94, 0x8c, 0x94, 0x8c, 0x94, 0x8c, 0x94, 0x8c, 0x94, 0x8c, 0x94, 0x8c, 0xb4, 0x8c, 0xb4, 0x8c, 0xb4, 0x8c, 0xb4, 0x8c,
    0xb4, 0x8c, 0xb4, 0x8c, 0xb4, 0x8c, 0xb4, 0x8c, 0xb4, 0x8c, 0xb4, 0x8c, 0xb4, 0x8c, 0xb4, 0x8c, 0xb4, 0x8c, 0xb4, 0x8c, 0xd1, 0x73, 0xd1, 0x73,
    0xd8, 0xb5, 0xd8, 0xb5, 0xd9, 0xbd, 0xd9, 0xbd, 0x19, 0xbe, 0x19, 0xbe, 0xf9, 0xbd, 0xf9, 0xbd, 0xb5, 0x94, 0xb5, 0x94, 0x12, 0x7c, 0x12, 0x7c,
    0x83, 0x10, 0x83, 0x10, 0xe5, 0x10, 0xe5, 0x10, 0xe5, 0x08, 0xe5, 0x08, 0xe5, 0x08, 0xe5, 0x08, 0xe5, 0x08, 0xe5, 0x08, 0xe5, 0x08, 0xe5, 0x08,
    0xe5, 0x10, 0xe5, 0x10, 0xe5, 0x08, 0xe5, 0x08, 0xe5, 0x10, 0xe5, 0x10, 0xe5, 0x10, 0xe5, 0x10, 0xe5, 0x08, 0xe5, 0x08, 0xe5, 0x10, 0xe5, 0x10,
    0xe5, 0x08, 0xe5, 0x08, 0xc5, 0x08, 0xc5, 0x08, 0xc5, 0x10, 0xc5, 0x10, 0xc5, 0x08, 0xc5, 0x08, 0xe5, 0x08, 0xe5, 0x08, 0xc5, 0x10, 0xc5, 0x10,
    0xe5, 0x08, 0xe5, 0x08, 0xc5, 0x10, 0xc5, 0x10, 0xe5, 0x08, 0xe5, 0x08, 0xe5, 0x10, 0xe5, 0x10, 0x76, 0xad, 0x76, 0xad, 0x7d, 0xef, 0x7d, 0xef,
    0x8c, 0x4a, 0x8c, 0x4a, 0x77, 0xad, 0x77, 0xad, 0xb8, 0xb5, 0xb8, 0xb5, 0xf8, 0xbd, 0xf8, 0xbd, 0xf9, 0xbd, 0xf9, 0xbd, 0xd8, 0xb5, 0xd8, 0xb5,
    0xf9, 0xbd, 0xf9, 0xbd, 0xf9, 0xbd, 0xf9, 0xbd, 0xf9, 0xbd, 0xf9, 0xbd, 0x19, 0xc6, 0x19, 0xc6, 0x19, 0xc6, 0x19, 0xc6, 0x19, 0xc6, 0x19, 0xc6,
    0x19, 0xc6, 0x19, 0xc6, 0x19, 0xc6, 0x19, 0xc6, 0x19, 0xc6, 0x19, 0xc6, 0x19, 0xc6, 0x19, 0xc6, 0x39, 0xc6, 0x39, 0xc6, 0x39, 0xc6, 0x39, 0xc6,
    0x19, 0xc6, 0x19, 0xc6, 0x39, 0xc6, 0x39, 0xc6, 0x39, 0xc6, 0x39, 0xc6, 0x39, 0xc6, 0x39, 0xc6, 0x3c, 0xef, 0x3c, 0xef, 0x33, 0x84, 0x33, 0x84,
    0xb8, 0xb5, 0xb8, 0xb5, 0xe4, 0x10, 0xe4, 0x10, 0x01, 0x00, 0x01, 0x00, 0xe9, 0x29, 0xe9, 0x29, 0x33, 0x7c, 0x33, 0x7c, 0xf8, 0xbd, 0xf8, 0xbd,
    0xdb, 0xde, 0xdb, 0xde, 0x3a, 0xc6, 0x3a, 0xc6, 0x50, 0x5b, 0x50, 0x5b, 0xf9, 0xbd, 0xf9, 0xbd, 0x97, 0xad, 0x97, 0xad, 0x77, 0xad, 0x77, 0xad,
    0x77, 0xad, 0x77, 0xad, 0x77, 0xad, 0x77, 0xad, 0x77, 0xad, 0x77, 0xad, 0x77, 0xad, 0x77, 0xad, 0xf9, 0xbd, 0xf9, 0xbd, 0xd8, 0xbd, 0xd8, 0xbd,
    0xf9, 0xbd, 0xf9, 0xbd, 0x77, 0xad, 0x77, 0xad, 0x77, 0xad, 0x77, 0xad, 0x56, 0xa5, 0x56, 0xa5, 0xb4, 0x8c, 0xb4, 0x8c, 0xb4, 0x8c, 0xb4, 0x8c,
    0xa9, 0x29, 0xa9, 0x29, 0x94, 0x8c, 0x94, 0x8c, 0xb4, 0x8c, 0xb4, 0x8c, 0xb4, 0x8c, 0xb4, 0x8c, 0xb4, 0x8c, 0xb4, 0x8c, 0xb4, 0x8c, 0xb4, 0x8c,
    0xb4, 0x8c, 0xb4, 0x8c, 0xb4, 0x8c, 0xb4, 0x8c, 0xb4, 0x8c, 0xb4, 0x8c, 0xb4, 0x8c, 0xb4, 0x8c, 0xb4, 0x8c, 0xb4, 0x8c, 0xb4, 0x8c, 0xb4, 0x8c,
    0xb4, 0x8c, 0xb4, 0x8c, 0x94, 0x8c, 0x94, 0x8c, 0xb4, 0x8c, 0xb4, 0x8c, 0xb4, 0x8c, 0xb4, 0x8c, 0xb4, 0x8c, 0xb4, 0x8c, 0x94, 0x8c, 0x94, 0x8c,
    0xb4, 0x8c, 0xb4, 0x8c, 0x74, 0x84, 0x74, 0x84, 0x12, 0x7c, 0x12, 0x7c, 0x12, 0x7c, 0x12, 0x7c, 0x12, 0x7c, 0x12, 0x7c, 0x12, 0x7c, 0x12, 0x7c,
    0x32, 0x7c, 0x32, 0x7c, 0x32, 0x7c, 0x32, 0x7c, 0x12, 0x7c, 0x12, 0x7c, 0x12, 0x7c, 0x12, 0x7c, 0x15, 0x9d, 0x15, 0x9d, 0x59, 0xce, 0x59, 0xce,
    0xd8, 0xbd, 0xd8, 0xbd, 0x39, 0xc6, 0x39, 0xc6, 0xdb, 0xde, 0xdb, 0xde, 0x19, 0xbe, 0x19, 0xbe, 0x97, 0xad, 0x97, 0xad, 0xd1, 0x73, 0xd1, 0x73,
    0x73, 0x84, 0x73, 0x84, 0xe5, 0x10, 0xe5, 0x10, 0xc5, 0x08, 0xc5, 0x08, 0xc5, 0x10, 0xc5, 0x10, 0xc5, 0x08, 0xc5, 0x08, 0xe5, 0x10, 0xe5, 0x10,
    0xe5, 0x10, 0xe5, 0x10, 0xe5, 0x10, 0xe5, 0x10, 0xe5, 0x08, 0xe5, 0x08, 0xe5, 0x08, 0xe5, 0x08, 0xe5, 0x08, 0xe5, 0x08, 0xe5, 0x08, 0xe5, 0x08,
    0xe5, 0x08, 0xe5, 0x08, 0xc5, 0x08, 0xc5, 0x08, 0xc5, 0x10, 0xc5, 0x10, 0xc5, 0x08, 0xc5, 0x08, 0xe5, 0x08, 0xe5, 0x08, 0xc5, 0x10, 0xc5, 0x10,
    0xe5, 0x08, 0xe5, 0x08, 0xc5, 0x10, 0xc5, 0x10, 0xe5, 0x08, 0xe5, 0x08, 0xe5, 0x10, 0xe5, 0x10, 0x76, 0xad, 0x76, 0xad, 0x7d, 0xef, 0x7d, 0xef,
    0x8c, 0x4a, 0x8c, 0x4a, 0x77, 0xad, 0x77, 0xad, 0xb8, 0xb5, 0xb8, 0xb5, 0xf8, 0xbd, 0xf8, 0xbd, 0xf9, 0xbd, 0xf9, 0xbd, 0xd8, 0xb5, 0xd8, 0xb5,
    0xf9, 0xbd, 0xf9, 0xbd, 0xf9, 0xbd, 0xf9, 0xbd, 0xf9, 0xbd, 0xf9, 0xbd, 0x19, 0xc6, 0x19, 0xc6, 0x19, 0xc6, 0x19, 0xc6, 0x19, 0xc6, 0x19, 0xc6,
    0x19, 0xc6, 0x19, 0xc6, 0x19, 0xc6, 0x19, 0xc6, 0x19, 0xc6, 0x19, 0xc6, 0x19, 0xc6, 0x19, 0xc6, 0x39, 0xc6, 0x39, 0xc6, 0x39, 0xc6, 0x39, 0xc6,
    0x19, 0xc6, 0x19, 0xc6, 0x39, 0xc6, 0x39, 0xc6, 0x39, 0xc6, 0x39, 0xc6, 0x39, 0xc6, 0x39, 0xc6, 0x3c, 0xef, 0x3c, 0xef, 0x33, 0x84, 0x33, 0x84,
    0xb8, 0xb5, 0xb8, 0xb5, 0xe4, 0x10, 0xe4, 0x10, 0x01, 0x00, 0x01, 0x00, 0xe9, 0x29, 0xe9, 0x29, 0x33, 0x7c, 0x33, 0x7c, 0xf8, 0xbd, 0xf8, 0xbd,
    0xdb, 0xde, 0xdb, 0xde, 0x3a, 0xc6, 0x3a, 0xc6, 0x50, 0x5b, 0x50, 0x5b, 0xf9, 0xbd, 0xf9, 0xbd, 0x97, 0xad, 0x97, 0xad, 0x77, 0xad, 0x77, 0xad,
    0x77, 0xad, 0x77, 0xad, 0x77, 0xad, 0x77, 0xad, 0x77, 0xad, 0x77, 0xad, 0x77, 0xad, 0x77, 0xad, 0xf9, 0xbd, 0xf9, 0xbd, 0xd8, 0xbd, 0xd8, 0xbd,
    0xf9, 0xbd, 0xf9, 0xbd, 0x77, 0xad, 0x77, 0xad, 0x77, 0xad, 0x77, 0xad, 0x56, 0xa5, 0x56, 0xa5, 0xb4, 0x8c, 0xb4, 0x8c, 0xb4, 0x8c, 0xb4, 0x8c,
    0xa9, 0x29, 0xa9, 0x29, 0x94, 0x8c, 0x94, 0x8c, 0xb4, 0x8c, 0xb4, 0x8c, 0xb4, 0x8c, 0xb4, 0x8c, 0xb4, 0x8c, 0xb4, 0x8c, 0xb4, 0x8c, 0xb4, 0x8c,
    0xb4, 0x8c, 0xb4, 0x8c, 0xb4, 0x8c, 0xb4, 0x8c, 0xb4, 0x8c, 0xb4, 0x8c, 0xb4, 0x8c, 0xb4, 0x8c, 0xb4, 0x8c, 0xb4, 0x8c, 0xb4, 0x8c, 0xb4, 0x8c,
    0xb4, 0x8c, 0xb4, 0x8c, 0x94, 0x8c, 0x94, 0x8c, 0xb4, 0x8c, 0xb4, 0x8c, 0xb4, 0x8c, 0xb4, 0x8c, 0xb4, 0x8c, 0xb4, 0x8c, 0x94, 0x8c, 0x94, 0x8c,
    0xb4, 0x8c, 0xb4, 0x8c, 0x74, 0x84, 0x74, 0x84, 0x12, 0x7c, 0x12, 0x7c, 0x12, 0x7c, 0x12, 0x7c, 0x12, 0x7c, 0x12, 0x7c, 0x12, 0x7c, 0x12, 0x7c,
    0x32, 0x7c, 0x32, 0x7c, 0x32, 0x7c, 0x32, 0x7c, 0x12, 0x7c, 0x12, 0x7c, 0x12, 0x7c, 0x12, 0x7c, 0x15, 0x9d, 0x15, 0x9d, 0x59, 0xce, 0x59, 0xce,
    0xd8, 0xbd, 0xd8, 0xbd, 0x39, 0xc6, 0x39, 0xc6, 0xdb, 0xde, 0xdb, 0xde, 0x19, 0xbe, 0x19, 0xbe, 0x97, 0xad, 0x97, 0xad, 0xd1, 0x73, 0xd1, 0x73,
    0x73, 0x84, 0x73, 0x84, 0xe5, 0x10, 0xe5, 0x10, 0xc5, 0x08, 0xc5, 0x08, 0xc5, 0x10, 0xc5, 0x10, 0xc5, 0x08, 0xc5, 0x08, 0xe5, 0x10, 0xe5, 0x10,
    0xe5, 0x10, 0xe5, 0x10, 0xe5, 0x10, 0xe5, 0x10, 0xe5, 0x08, 0xe5, 0x08, 0xe5, 0x08, 0xe5, 0x08, 0xe5, 0x08, 0xe5, 0x08, 0xe5, 0x08, 0xe5, 0x08,
    0xe5, 0x10, 0xe5, 0x10, 0xe5, 0x10, 0xe5, 0x10, 0xe5, 0x10, 0xe5, 0x10, 0xe5, 0x08, 0xe5, 0x08, 0xc5, 0x10, 0xc5, 0x10, 0xc5, 0x08, 0xc5, 0x08,
    0xc5, 0x08, 0xc5, 0x08, 0xe5, 0x08, 0xe5, 0x08, 0xe5, 0x10, 0xe5, 0x10, 0xe5, 0x10, 0xe5, 0x10, 0x0a, 0x32, 0x0a, 0x32, 0x53, 0x84, 0x53, 0x84,
    0xce, 0x52, 0xce, 0x52, 0xff, 0xff, 0xff, 0xff, 0x7a, 0xce, 0x7a, 0xce, 0x97, 0xad, 0x97, 0xad, 0xf9, 0xb5, 0xf9, 0xb5, 0xb8, 0xb5, 0xb8, 0xb5,
    0xf9, 0xbd, 0xf9, 0xbd, 0xf5, 0x94, 0xf5, 0x94, 0x12, 0x7c, 0x12, 0x7c, 0x47, 0x21, 0x47, 0x21, 0xa3, 0x08, 0xa3, 0x08, 0x01, 0x00, 0x01, 0x00,
    0x22, 0x00, 0x22, 0x00, 0x00, 0x00, 0x00, 0x00, 0x00, 0x00, 0x00, 0x00, 0x43, 0x00, 0x43, 0x00, 0x4a, 0x42, 0x4a, 0x42, 0x6b, 0x42, 0x6b, 0x42,
    0x26, 0x19, 0x26, 0x19, 0xdf, 0xff, 0xdf, 0xff, 0xfb, 0xe6, 0xfb, 0xe6, 0x5d, 0xef, 0x5d, 0xef, 0x42, 0x00, 0x42, 0x00, 0x0a, 0x32, 0x0a, 0x32,
    0x9a, 0xd6, 0x9a, 0xd6, 0x7a, 0xce, 0x7a, 0xce, 0x19, 0xbe, 0x19, 0xbe, 0x6c, 0x3a, 0x6c, 0x3a, 0x7d, 0xf7, 0x7d, 0xf7, 0xdb, 0xde, 0xdb, 0xde,
    0xce, 0x52, 0xce, 0x52, 0xb8, 0xb5, 0xb8, 0xb5, 0xf2, 0x73, 0xf2, 0x73, 0xb7, 0xb5, 0xb7, 0xb5, 0x77, 0xad, 0x77, 0xad, 0x77, 0xad, 0x77, 0xad,
    0x77, 0xad, 0x77, 0xad, 0x77, 0xad, 0x77, 0xad, 0x19, 0xc6, 0x19, 0xc6, 0xf9, 0xbd, 0xf9, 0xbd, 0xbb, 0xde, 0xbb, 0xde, 0x3a, 0xce, 0x3a, 0xce,
    0xf9, 0xbd, 0xf9, 0xbd, 0xf9, 0xbd, 0xf9, 0xbd, 0x57, 0xa5, 0x57, 0xa5, 0xb5, 0x94, 0xb5, 0x94, 0xb4, 0x8c, 0xb4, 0x8c, 0xb4, 0x8c, 0xb4, 0x8c,
    0x88, 0x21, 0x88, 0x21, 0x94, 0x8c, 0x94, 0x8c, 0x94, 0x8c, 0x94, 0x8c, 0x94, 0x8c, 0x94, 0x8c, 0xb4, 0x8c, 0xb4, 0x8c, 0x94, 0x8c, 0x94, 0x8c,
    0x94, 0x8c, 0x94, 0x8c, 0x94, 0x8c, 0x94, 0x8c, 0x32, 0x7c, 0x32, 0x7c, 0x12, 0x7c, 0x12, 0x7c, 0x33, 0x7c, 0x33, 0x7c, 0x33, 0x7c, 0x33, 0x7c,
    0x33, 0x7c, 0x33, 0x7c, 0x33, 0x7c, 0x33, 0x7c, 0x33, 0x7c, 0x33, 0x7c, 0x33, 0x7c, 0x33, 0x7c, 0x12, 0x7c, 0x12, 0x7c, 0x32, 0x7c, 0x32, 0x7c,
    0x33, 0x7c, 0x33, 0x7c, 0x33, 0x7c, 0x33, 0x7c, 0x32, 0x7c, 0x32, 0x7c, 0x33, 0x7c, 0x33, 0x7c, 0x32, 0x7c, 0x32, 0x7c, 0x12, 0x7c, 0x12, 0x7c,
    0x32, 0x7c, 0x32, 0x7c, 0x32, 0x7c, 0x32, 0x7c, 0x32, 0x7c, 0x32, 0x7c, 0xb4, 0x8c, 0xb4, 0x8c, 0x36, 0xa5, 0x36, 0xa5, 0xf8, 0xbd, 0xf8, 0xbd,
    0x3c, 0xef, 0x3c, 0xef, 0xb1, 0x6b, 0xb1, 0x6b, 0xf1, 0x73, 0xf1, 0x73, 0xf1, 0x73, 0xf1, 0x73, 0x90, 0x6b, 0x90, 0x6b, 0xb4, 0x94, 0xb4, 0x94,
    0x94, 0x8c, 0x94, 0x8c, 0xc5, 0x08, 0xc5, 0x08, 0xc5, 0x08, 0xc5, 0x08, 0xe5, 0x10, 0xe5, 0x10, 0xe5, 0x08, 0xe5, 0x08, 0xc5, 0x08, 0xc5, 0x08,
    0xe5, 0x08, 0xe5, 0x08, 0xe5, 0x10, 0xe5, 0x10, 0xe5, 0x08, 0xe5, 0x08, 0xe5, 0x08, 0xe5, 0x08, 0xe5, 0x10, 0xe5, 0x10, 0xc5, 0x10, 0xc5, 0x10,
    0xe5, 0x10, 0xe5, 0x10, 0xe5, 0x10, 0xe5, 0x10, 0xe5, 0x10, 0xe5, 0x10, 0xe5, 0x08, 0xe5, 0x08, 0xc5, 0x10, 0xc5, 0x10, 0xc5, 0x08, 0xc5, 0x08,
    0xc5, 0x08, 0xc5, 0x08, 0xe5, 0x08, 0xe5, 0x08, 0xe5, 0x10, 0xe5, 0x10, 0xe5, 0x10, 0xe5, 0x10, 0x0a, 0x32, 0x0a, 0x32, 0x53, 0x84, 0x53, 0x84,
    0xce, 0x52, 0xce, 0x52, 0xff, 0xff, 0xff, 0xff, 0x7a, 0xce, 0x7a, 0xce, 0x97, 0xad, 0x97, 0xad, 0xf9, 0xb5, 0xf9, 0xb5, 0xb8, 0xb5, 0xb8, 0xb5,
    0xf9, 0xbd, 0xf9, 0xbd, 0xf5, 0x94, 0xf5, 0x94, 0x12, 0x7c, 0x12, 0x7c, 0x47, 0x21, 0x47, 0x21, 0xa3, 0x08, 0xa3, 0x08, 0x01, 0x00, 0x01, 0x00,
    0x22, 0x00, 0x22, 0x00, 0x00, 0x00, 0x00, 0x00, 0x00, 0x00, 0x00, 0x00, 0x43, 0x00, 0x43, 0x00, 0x4a, 0x42, 0x4a, 0x42, 0x6b, 0x42, 0x6b, 0x42,
    0x26, 0x19, 0x26, 0x19, 0xdf, 0xff, 0xdf, 0xff, 0xfb, 0xe6, 0xfb, 0xe6, 0x5d, 0xef, 0x5d, 0xef, 0x42, 0x00, 0x42, 0x00, 0x0a, 0x32, 0x0a, 0x32,
    0x9a, 0xd6, 0x9a, 0xd6, 0x7a, 0xce, 0x7a, 0xce, 0x19, 0xbe, 0x19, 0xbe, 0x6c, 0x3a, 0x6c, 0x3a, 0x7d, 0xf7, 0x7d, 0xf7, 0xdb, 0xde, 0xdb, 0xde,
    0xce, 0x52, 0xce, 0x52, 0xb8, 0xb5, 0xb8, 0xb5, 0xf2, 0x73, 0xf2, 0x73, 0xb7, 0xb5, 0xb7, 0xb5, 0x77, 0xad, 0x77, 0xad, 0x77, 0xad, 0x77, 0xad,
    0x77, 0xad, 0x77, 0xad, 0x77, 0xad, 0x77, 0xad, 0x19, 0xc6, 0x19, 0xc6, 0xf9, 0xbd, 0xf9, 0xbd, 0xbb, 0xde, 0xbb, 0xde, 0x3a, 0xce, 0x3a, 0xce,
    0xf9, 0xbd, 0xf9, 0xbd, 0xf9, 0xbd, 0xf9, 0xbd, 0x57, 0xa5, 0x57, 0xa5, 0xb5, 0x94, 0xb5, 0x94, 0xb4, 0x8c, 0xb4, 0x8c, 0xb4, 0x8c, 0xb4, 0x8c,
    0x88, 0x21, 0x88, 0x21, 0x94, 0x8c, 0x94, 0x8c, 0x94, 0x8c, 0x94, 0x8c, 0x94, 0x8c, 0x94, 0x8c, 0xb4, 0x8c, 0xb4, 0x8c, 0x94, 0x8c, 0x94, 0x8c,
    0x94, 0x8c, 0x94, 0x8c, 0x94, 0x8c, 0x94, 0x8c, 0x32, 0x7c, 0x32, 0x7c, 0x12, 0x7c, 0x12, 0x7c, 0x33, 0x7c, 0x33, 0x7c, 0x33, 0x7c, 0x33, 0x7c,
    0x33, 0x7c, 0x33, 0x7c, 0x33, 0x7c, 0x33, 0x7c, 0x33, 0x7c, 0x33, 0x7c, 0x33, 0x7c, 0x33, 0x7c, 0x12, 0x7c, 0x12, 0x7c, 0x32, 0x7c, 0x32, 0x7c,
    0x33, 0x7c, 0x33, 0x7c, 0x33, 0x7c, 0x33, 0x7c, 0x32, 0x7c, 0x32, 0x7c, 0x33, 0x7c, 0x33, 0x7c, 0x32, 0x7c, 0x32, 0x7c, 0x12, 0x7c, 0x12, 0x7c,
    0x32, 0x7c, 0x32, 0x7c, 0x32, 0x7c, 0x32, 0x7c, 0x32, 0x7c, 0x32, 0x7c, 0xb4, 0x8c, 0xb4, 0x8c, 0x36, 0xa5, 0x36, 0xa5, 0xf8, 0xbd, 0xf8, 0xbd,
    0x3c, 0xef, 0x3c, 0xef, 0xb1, 0x6b, 0xb1, 0x6b, 0xf1, 0x73, 0xf1, 0x73, 0xf1, 0x73, 0xf1, 0x73, 0x90, 0x6b, 0x90, 0x6b, 0xb4, 0x94, 0xb4, 0x94,
    0x94, 0x8c, 0x94, 0x8c, 0xc5, 0x08, 0xc5, 0x08, 0xc5, 0x08, 0xc5, 0x08, 0xe5, 0x10, 0xe5, 0x10, 0xe5, 0x08, 0xe5, 0x08, 0xc5, 0x08, 0xc5, 0x08,
    0xe5, 0x08, 0xe5, 0x08, 0xe5, 0x10, 0xe5, 0x10, 0xe5, 0x08, 0xe5, 0x08, 0xe5, 0x08, 0xe5, 0x08, 0xe5, 0x10, 0xe5, 0x10, 0xc5, 0x10, 0xc5, 0x10,
    0xe5, 0x08, 0xe5, 0x08, 0xe5, 0x08, 0xe5, 0x08, 0xc5, 0x10, 0xc5, 0x10, 0xe5, 0x08, 0xe5, 0x08, 0xe5, 0x10, 0xe5, 0x10, 0xe5, 0x08, 0xe5, 0x08,
    0xe5, 0x08, 0xe5, 0x08, 0xc5, 0x08, 0xc5, 0x08, 0xc5, 0x08, 0xc5, 0x08, 0xb8, 0xb5, 0xb8, 0xb5, 0xcd, 0x4a, 0xcd, 0x4a, 0x2f, 0x5b, 0x2f, 0x5b,
    0x73, 0x84, 0x73, 0x84, 0x9a, 0xd6, 0x9a, 0xd6, 0x19, 0xc6, 0x19, 0xc6, 0x05, 0x19, 0x05, 0x19, 0x05, 0x19, 0x05, 0x19, 0xa4, 0x08, 0xa4, 0x08,
    0xc4, 0x08, 0xc4, 0x08, 0x83, 0x08, 0x83, 0x08, 0x29, 0x42, 0x29, 0x42, 0x2a, 0x42, 0x2a, 0x42, 0x00, 0x00, 0x00, 0x00, 0x87, 0x21, 0x87, 0x21,
    0x83, 0x08, 0x83, 0x08, 0x63, 0x08, 0x63, 0x08, 0x83, 0x08, 0x83, 0x08, 0x63, 0x08, 0x63, 0x08, 0x63, 0x08, 0x63, 0x08, 0x62, 0x00, 0x62, 0x00,
    0x83, 0x08, 0x83, 0x08, 0x7a, 0xce, 0x7a, 0xce, 0x1c, 0xe7, 0x1c, 0xe7, 0x2a, 0x3a, 0x2a, 0x3a, 0xb1, 0x6b, 0xb1, 0x6b, 0x6c, 0x42, 0x6c, 0x42,
    0xa9, 0x29, 0xa9, 0x29, 0x53, 0x84, 0x53, 0x84, 0x32, 0x7c, 0x32, 0x7c, 0x70, 0x5b, 0x70, 0x5b, 0x0f, 0x53, 0x0f, 0x53, 0xd5, 0x94, 0xd5, 0x94,
    0xee, 0x52, 0xee, 0x52, 0x36, 0xa5, 0x36, 0xa5, 0xd5, 0x94, 0xd5, 0x94, 0xd5, 0x94, 0xd5, 0x94, 0x16, 0x9d, 0x16, 0x9d, 0xf5, 0x9c, 0xf5, 0x9c,
    0xf5, 0x9c, 0xf5, 0x9c, 0x19, 0xc6, 0x19, 0xc6, 0xdb, 0xde, 0xdb, 0xde, 0xbb, 0xde, 0xbb, 0xde, 0xbb, 0xde, 0xbb, 0xde, 0xf5, 0x9c, 0xf5, 0x9c,
    0x94, 0x8c, 0x94, 0x8c, 0xbb, 0xd6, 0xbb, 0xd6, 0xd8, 0xb5, 0xd8, 0xb5, 0x77, 0xad, 0x77, 0xad, 0x94, 0x8c, 0x94, 0x8c, 0xb4, 0x8c, 0xb4, 0x8c,
    0x89, 0x21, 0x89, 0x21, 0x12, 0x7c, 0x12, 0x7c, 0x32, 0x7c, 0x32, 0x7c, 0x32, 0x7c, 0x32, 0x7c, 0x33, 0x7c, 0x33, 0x7c, 0x33, 0x7c, 0x33, 0x7c,
    0x32, 0x7c, 0x32, 0x7c, 0x32, 0x7c, 0x32, 0x7c, 0x33, 0x7c, 0x33, 0x7c, 0x32, 0x7c, 0x32, 0x7c, 0x32, 0x7c, 0x32, 0x7c, 0x33, 0x7c, 0x33, 0x7c,
    0x33, 0x7c, 0x33, 0x7c, 0x32, 0x7c, 0x32, 0x7c, 0x32, 0x7c, 0x32, 0x7c, 0x33, 0x7c, 0x33, 0x7c, 0x33, 0x7c, 0x33, 0x7c, 0x33, 0x7c, 0x33, 0x7c,
    0x33, 0x7c, 0x33, 0x7c, 0xb1, 0x6b, 0xb1, 0x6b, 0x91, 0x63, 0x91, 0x63, 0xb1, 0x6b, 0xb1, 0x6b, 0x91, 0x6b, 0x91, 0x6b, 0x91, 0x63, 0x91, 0x63,
    0xb1, 0x6b, 0xb1, 0x6b, 0x91, 0x6b, 0x91, 0x6b, 0xb1, 0x6b, 0xb1, 0x6b, 0xb4, 0x8c, 0xb4, 0x8c, 0xa9, 0x29, 0xa9, 0x29, 0x74, 0x84, 0x74, 0x84,
    0x12, 0x74, 0x12, 0x74, 0x83, 0x08, 0x83, 0x08, 0x83, 0x08, 0x83, 0x08, 0x83, 0x08, 0x83, 0x08, 0x22, 0x00, 0x22, 0x00, 0x70, 0x63, 0x70, 0x63,
    0x53, 0x84, 0x53, 0x84, 0xd9, 0xb5, 0xd9, 0xb5, 0xc5, 0x08, 0xc5, 0x08, 0xc5, 0x08, 0xc5, 0x08, 0xe5, 0x08, 0xe5, 0x08, 0xe5, 0x08, 0xe5, 0x08,
    0xe5, 0x10, 0xe5, 0x10, 0xe5, 0x10, 0xe5, 0x10, 0xe5, 0x08, 0xe5, 0x08, 0xe5, 0x10, 0xe5, 0x10, 0xe5, 0x10, 0xe5, 0x10, 0xc5, 0x10, 0xc5, 0x10,
    0xe5, 0x08, 0xe5, 0x08, 0xe5, 0x08, 0xe5, 0x08, 0xc5, 0x10, 0xc5, 0x10, 0xe5, 0x08, 0xe5, 0x08, 0xe5, 0x10, 0xe5, 0x10, 0xe5, 0x08, 0xe5, 0x08,
    0xe5, 0x08, 0xe5, 0x08, 0xc5, 0x08, 0xc5, 0x08, 0xc5, 0x08, 0xc5, 0x08, 0xb8, 0xb5, 0xb8, 0xb5, 0xcd, 0x4a, 0xcd, 0x4a, 0x2f, 0x5b, 0x2f, 0x5b,
    0x73, 0x84, 0x73, 0x84, 0x9a, 0xd6, 0x9a, 0xd6, 0x19, 0xc6, 0x19, 0xc6, 0x05, 0x19, 0x05, 0x19, 0x05, 0x19, 0x05, 0x19, 0xa4, 0x08, 0xa4, 0x08,
    0xc4, 0x08, 0xc4, 0x08, 0x83, 0x08, 0x83, 0x08, 0x29, 0x42, 0x29, 0x42, 0x2a, 0x42, 0x2a, 0x42, 0x00, 0x00, 0x00, 0x00, 0x87, 0x21, 0x87, 0x21,
    0x83, 0x08, 0x83, 0x08, 0x63, 0x08, 0x63, 0x08, 0x83, 0x08, 0x83, 0x08, 0x63, 0x08, 0x63, 0x08, 0x63, 0x08, 0x63, 0x08, 0x62, 0x00, 0x62, 0x00,
    0x83, 0x08, 0x83, 0x08, 0x7a, 0xce, 0x7a, 0xce, 0x1c, 0xe7, 0x1c, 0xe7, 0x2a, 0x3a, 0x2a, 0x3a, 0xb1, 0x6b, 0xb1, 0x6b, 0x6c, 0x42, 0x6c, 0x42,
    0xa9, 0x29, 0xa9, 0x29, 0x53, 0x84, 0x53, 0x84, 0x32, 0x7c, 0x32, 0x7c, 0x70, 0x5b, 0x70, 0x5b, 0x0f, 0x53, 0x0f, 0x53, 0xd5, 0x94, 0xd5, 0x94,
    0xee, 0x52, 0xee, 0x52, 0x36, 0xa5, 0x36, 0xa5, 0xd5, 0x94, 0xd5, 0x94, 0xd5, 0x94, 0xd5, 0x94, 0x16, 0x9d, 0x16, 0x9d, 0xf5, 0x9c, 0xf5, 0x9c,
    0xf5, 0x9c, 0xf5, 0x9c, 0x19, 0xc6, 0x19, 0xc6, 0xdb, 0xde, 0xdb, 0xde, 0xbb, 0xde, 0xbb, 0xde, 0xbb, 0xde, 0xbb, 0xde, 0xf5, 0x9c, 0xf5, 0x9c,
    0x94, 0x8c, 0x94, 0x8c, 0xbb, 0xd6, 0xbb, 0xd6, 0xd8, 0xb5, 0xd8, 0xb5, 0x77, 0xad, 0x77, 0xad, 0x94, 0x8c, 0x94, 0x8c, 0xb4, 0x8c, 0xb4, 0x8c,
    0x89, 0x21, 0x89, 0x21, 0x12, 0x7c, 0x12, 0x7c, 0x32, 0x7c, 0x32, 0x7c, 0x32, 0x7c, 0x32, 0x7c, 0x33, 0x7c, 0x33, 0x7c, 0x33, 0x7c, 0x33, 0x7c,
    0x32, 0x7c, 0x32, 0x7c, 0x32, 0x7c, 0x32, 0x7c, 0x33, 0x7c, 0x33, 0x7c, 0x32, 0x7c, 0x32, 0x7c, 0x32, 0x7c, 0x32, 0x7c, 0x33, 0x7c, 0x33, 0x7c,
    0x33, 0x7c, 0x33, 0x7c, 0x32, 0x7c, 0x32, 0x7c, 0x32, 0x7c, 0x32, 0x7c, 0x33, 0x7c, 0x33, 0x7c, 0x33, 0x7c, 0x33, 0x7c, 0x33, 0x7c, 0x33, 0x7c,
    0x33, 0x7c, 0x33, 0x7c, 0xb1, 0x6b, 0xb1, 0x6b, 0x91, 0x63, 0x91, 0x63, 0xb1, 0x6b, 0xb1, 0x6b, 0x91, 0x6b, 0x91, 0x6b, 0x91, 0x63, 0x91, 0x63,
    0xb1, 0x6b, 0xb1, 0x6b, 0x91, 0x6b, 0x91, 0x6b, 0xb1, 0x6b, 0xb1, 0x6b, 0xb4, 0x8c, 0xb4, 0x8c, 0xa9, 0x29, 0xa9, 0x29, 0x74, 0x84, 0x74, 0x84,
    0x12, 0x74, 0x12, 0x74, 0x83, 0x08, 0x83, 0x08, 0x83, 0x08, 0x83, 0x08, 0x83, 0x08, 0x83, 0x08, 0x22, 0x00, 0x22, 0x00, 0x70, 0x63, 0x70, 0x63,
    0x53, 0x84, 0x53, 0x84, 0xd9, 0xb5, 0xd9, 0xb5, 0xc5, 0x08, 0xc5, 0x08, 0xc5, 0x08, 0xc5, 0x08, 0xe5, 0x08, 0xe5, 0x08, 0xe5, 0x08, 0xe5, 0x08,
    0xe5, 0x10, 0xe5, 0x10, 0xe5, 0x10, 0xe5, 0x10, 0xe5, 0x08, 0xe5, 0x08, 0xe5, 0x10, 0xe5, 0x10, 0xe5, 0x10, 0xe5, 0x10, 0xc5, 0x10, 0xc5, 0x10,
    0xe5, 0x08, 0xe5, 0x08, 0xe5, 0x08, 0xe5, 0x08, 0xe5, 0x08, 0xe5, 0x08, 0xc5, 0x08, 0xc5, 0x08, 0xe5, 0x08, 0xe5, 0x08, 0xe5, 0x10, 0xe5, 0x10,
    0xe5, 0x10, 0xe5, 0x10, 0xe5, 0x10, 0xe5, 0x10, 0xe6, 0x10, 0xe6, 0x10, 0xdb, 0xde, 0xdb, 0xde, 0x31, 0x8c, 0x31, 0x8c, 0xdb, 0xde, 0xdb, 0xde,
    0x13, 0xbd, 0x13, 0xbd, 0xd8, 0xbd, 0xd8, 0xbd, 0x9a, 0xce, 0x9a, 0xce, 0x62, 0x08, 0x62, 0x08, 0x83, 0x08, 0x83, 0x08, 0x82, 0x08, 0x82, 0x08,
    0x83, 0x08, 0x83, 0x08, 0x83, 0x08, 0x83, 0x08, 0x0a, 0x3a, 0x0a, 0x3a, 0x6b, 0x4a, 0x6b, 0x4a, 0x5d, 0xef, 0x5d, 0xef, 0xc4, 0x10, 0xc4, 0x10,
    0x26, 0x19, 0x26, 0x19, 0x05, 0x19, 0x05, 0x19, 0x87, 0x29, 0x87, 0x29, 0xc9, 0x31, 0xc9, 0x31, 0xc9, 0x31, 0xc9, 0x31, 0x6b, 0x42, 0x6b, 0x42,
    0x39, 0xc6, 0x39, 0xc6, 0x5d, 0xef, 0x5d, 0xef, 0x42, 0x00, 0x42, 0x00, 0x36, 0xa5, 0x36, 0xa5, 0xf2, 0x73, 0xf2, 0x73, 0x39, 0xc6, 0x39, 0xc6,
    0xb0, 0x6b, 0xb0, 0x6b, 0x12, 0x74, 0x12, 0x74, 0x12, 0x74, 0x12, 0x74, 0xfb, 0xe6, 0xfb, 0xe6, 0xbb, 0xd6, 0xbb, 0xd6, 0x70, 0x63, 0x70, 0x63,
    0x47, 0x21, 0x47, 0x21, 0x12, 0x7c, 0x12, 0x7c, 0x70, 0x63, 0x70, 0x63, 0xf5, 0x94, 0xf5, 0x94, 0x16, 0x9d, 0x16, 0x9d, 0xf6, 0x9c, 0xf6, 0x9c,
    0xf9, 0xbd, 0xf9, 0xbd, 0x39, 0xc6, 0x39, 0xc6, 0xfb, 0xde, 0xfb, 0xde, 0x73, 0x84, 0x73, 0x84, 0xf2, 0x73, 0xf2, 0x73, 0x67, 0x21, 0x67, 0x21,
    0x67, 0x21, 0x67, 0x21, 0xb1, 0x6b, 0xb1, 0x6b, 0xd1, 0x73, 0xd1, 0x73, 0x97, 0xad, 0x97, 0xad, 0x16, 0x9d, 0x16, 0x9d, 0x12, 0x7c, 0x12, 0x7c,
    0x68, 0x21, 0x68, 0x21, 0x32, 0x7c, 0x32, 0x7c, 0x12, 0x7c, 0x12, 0x7c, 0x32, 0x7c, 0x32, 0x7c, 0x32, 0x7c, 0x32, 0x7c, 0x32, 0x7c, 0x32, 0x7c,
    0x12, 0x7c, 0x12, 0x7c, 0xd1, 0x73, 0xd1, 0x73, 0xb1, 0x6b, 0xb1, 0x6b, 0xb1, 0x6b, 0xb1, 0x6b, 0x91, 0x6b, 0x91, 0x6b, 0xb1, 0x6b, 0xb1, 0x6b,
    0xb1, 0x6b, 0xb1, 0x6b, 0xb1, 0x6b, 0xb1, 0x6b, 0xb1, 0x6b, 0xb1, 0x6b, 0xb1, 0x6b, 0xb1, 0x6b, 0x91, 0x6b, 0x91, 0x6b, 0x90, 0x6b, 0x90, 0x6b,
    0xb1, 0x6b, 0xb1, 0x6b, 0xb1, 0x6b, 0xb1, 0x6b, 0x91, 0x6b, 0x91, 0x6b, 0x91, 0x6b, 0x91, 0x6b, 0xb1, 0x6b, 0xb1, 0x6b, 0x91, 0x6b, 0x91, 0x6b,
    0x91, 0x6b, 0x91, 0x6b, 0x91, 0x6b, 0x91, 0x6b, 0xb1, 0x6b, 0xb1, 0x6b, 0xd5, 0x94, 0xd5, 0x94, 0x77, 0xad, 0x77, 0xad, 0xb0, 0x6b, 0xb0, 0x6b,
    0x83, 0x08, 0x83, 0x08, 0xc4, 0x08, 0xc4, 0x08, 0x83, 0x08, 0x83, 0x08, 0x83, 0x08, 0x83, 0x08, 0x63, 0x08, 0x63, 0x08, 0x25, 0x19, 0x25, 0x19,
    0x36, 0xa5, 0x36, 0xa5, 0x70, 0x63, 0x70, 0x63, 0xe5, 0x10, 0xe5, 0x10, 0xe5, 0x08, 0xe5, 0x08, 0xc5, 0x10, 0xc5, 0x10, 0xc5, 0x10, 0xc5, 0x10,
    0xe5, 0x08, 0xe5, 0x08, 0xe6, 0x10, 0xe6, 0x10, 0xe6, 0x10, 0xe6, 0x10, 0xe5, 0x10, 0xe5, 0x10, 0xe5, 0x10, 0xe5, 0x10, 0xe5, 0x10, 0xe5, 0x10,
    0xe5, 0x08, 0xe5, 0x08, 0xe5, 0x08, 0xe5, 0x08, 0xe5, 0x08, 0xe5, 0x08, 0xc5, 0x08, 0xc5, 0x08, 0xe5, 0x08, 0xe5, 0x08, 0xe5, 0x10, 0xe5, 0x10,
    0xe5, 0x10, 0xe5, 0x10, 0xe5, 0x10, 0xe5, 0x10, 0xe6, 0x10, 0xe6, 0x10, 0xdb, 0xde, 0xdb, 0xde, 0x31, 0x8c, 0x31, 0x8c, 0xdb, 0xde, 0xdb, 0xde,
    0x13, 0xbd, 0x13, 0xbd, 0xd8, 0xbd, 0xd8, 0xbd, 0x9a, 0xce, 0x9a, 0xce, 0x62, 0x08, 0x62, 0x08, 0x83, 0x08, 0x83, 0x08, 0x82, 0x08, 0x82, 0x08,
    0x83, 0x08, 0x83, 0x08, 0x83, 0x08, 0x83, 0x08, 0x0a, 0x3a, 0x0a, 0x3a, 0x6b, 0x4a, 0x6b, 0x4a, 0x5d, 0xef, 0x5d, 0xef, 0xc4, 0x10, 0xc4, 0x10,
    0x26, 0x19, 0x26, 0x19, 0x05, 0x19, 0x05, 0x19, 0x87, 0x29, 0x87, 0x29, 0xc9, 0x31, 0xc9, 0x31, 0xc9, 0x31, 0xc9, 0x31, 0x6b, 0x42, 0x6b, 0x42,
    0x39, 0xc6, 0x39, 0xc6, 0x5d, 0xef, 0x5d, 0xef, 0x42, 0x00, 0x42, 0x00, 0x36, 0xa5, 0x36, 0xa5, 0xf2, 0x73, 0xf2, 0x73, 0x39, 0xc6, 0x39, 0xc6,
    0xb0, 0x6b, 0xb0, 0x6b, 0x12, 0x74, 0x12, 0x74, 0x12, 0x74, 0x12, 0x74, 0xfb, 0xe6, 0xfb, 0xe6, 0xbb, 0xd6, 0xbb, 0xd6, 0x70, 0x63, 0x70, 0x63,
    0x47, 0x21, 0x47, 0x21, 0x12, 0x7c, 0x12, 0x7c, 0x70, 0x63, 0x70, 0x63, 0xf5, 0x94, 0xf5, 0x94, 0x16, 0x9d, 0x16, 0x9d, 0xf6, 0x9c, 0xf6, 0x9c,
    0xf9, 0xbd, 0xf9, 0xbd, 0x39, 0xc6, 0x39, 0xc6, 0xfb, 0xde, 0xfb, 0xde, 0x73, 0x84, 0x73, 0x84, 0xf2, 0x73, 0xf2, 0x73, 0x67, 0x21, 0x67, 0x21,
    0x67, 0x21, 0x67, 0x21, 0xb1, 0x6b, 0xb1, 0x6b, 0xd1, 0x73, 0xd1, 0x73, 0x97, 0xad, 0x97, 0xad, 0x16, 0x9d, 0x16, 0x9d, 0x12, 0x7c, 0x12, 0x7c,
    0x68, 0x21, 0x68, 0x21, 0x32, 0x7c, 0x32, 0x7c, 0x12, 0x7c, 0x12, 0x7c, 0x32, 0x7c, 0x32, 0x7c, 0x32, 0x7c, 0x32, 0x7c, 0x32, 0x7c, 0x32, 0x7c,
    0x12, 0x7c, 0x12, 0x7c, 0xd1, 0x73, 0xd1, 0x73, 0xb1, 0x6b, 0xb1, 0x6b, 0xb1, 0x6b, 0xb1, 0x6b, 0x91, 0x6b, 0x91, 0x6b, 0xb1, 0x6b, 0xb1, 0x6b,
    0xb1, 0x6b, 0xb1, 0x6b, 0xb1, 0x6b, 0xb1, 0x6b, 0xb1, 0x6b, 0xb1, 0x6b, 0xb1, 0x6b, 0xb1, 0x6b, 0x91, 0x6b, 0x91, 0x6b, 0x90, 0x6b, 0x90, 0x6b,
    0xb1, 0x6b, 0xb1, 0x6b, 0xb1, 0x6b, 0xb1, 0x6b, 0x91, 0x6b, 0x91, 0x6b, 0x91, 0x6b, 0x91, 0x6b, 0xb1, 0x6b, 0xb1, 0x6b, 0x91, 0x6b, 0x91, 0x6b,
    0x91, 0x6b, 0x91, 0x6b, 0x91, 0x6b, 0x91, 0x6b, 0xb1, 0x6b, 0xb1, 0x6b, 0xd5, 0x94, 0xd5, 0x94, 0x77, 0xad, 0x77, 0xad, 0xb0, 0x6b, 0xb0, 0x6b,
    0x83, 0x08, 0x83, 0x08, 0xc4, 0x08, 0xc4, 0x08, 0x83, 0x08, 0x83, 0x08, 0x83, 0x08, 0x83, 0x08, 0x63, 0x08, 0x63, 0x08, 0x25, 0x19, 0x25, 0x19,
    0x36, 0xa5, 0x36, 0xa5, 0x70, 0x63, 0x70, 0x63, 0xe5, 0x10, 0xe5, 0x10, 0xe5, 0x08, 0xe5, 0x08, 0xc5, 0x10, 0xc5, 0x10, 0xc5, 0x10, 0xc5, 0x10,
    0xe5, 0x08, 0xe5, 0x08, 0xe6, 0x10, 0xe6, 0x10, 0xe6, 0x10, 0xe6, 0x10, 0xe5, 0x10, 0xe5, 0x10, 0xe5, 0x10, 0xe5, 0x10, 0xe5, 0x10, 0xe5, 0x10,
    0xc5, 0x08, 0xc5, 0x08, 0xe5, 0x10, 0xe5, 0x10, 0xe5, 0x10, 0xe5, 0x10, 0xe5, 0x10, 0xe5, 0x10, 0xe5, 0x08, 0xe5, 0x08, 0xc5, 0x08, 0xc5, 0x08,
    0xc5, 0x08, 0xc5, 0x08, 0xe5, 0x08, 0xe5, 0x08, 0xdb, 0xe6, 0xdb, 0xe6, 0xc8, 0x29, 0xc8, 0x29, 0xf9, 0xbd, 0xf9, 0xbd, 0x2e, 0x5b, 0x2e, 0x5b,
    0xa8, 0x31, 0xa8, 0x31, 0xb8, 0xb5, 0xb8, 0xb5, 0x5d, 0xef, 0x5d, 0xef, 0x83, 0x08, 0x83, 0x08, 0x83, 0x08, 0x83, 0x08, 0x6b, 0x42, 0x6b, 0x42,
    0x8b, 0x4a, 0x8b, 0x4a, 0xed, 0x52, 0xed, 0x52, 0xe5, 0x10, 0xe5, 0x10, 0xf9, 0xbd, 0xf9, 0xbd, 0xc8, 0x31, 0xc8, 0x31, 0x63, 0x00, 0x63, 0x00,
    0x47, 0x19, 0x47, 0x19, 0xe5, 0x10, 0xe5, 0x10, 0xa4, 0x08, 0xa4, 0x08, 0xc4, 0x10, 0xc4, 0x10, 0x83, 0x08, 0x83, 0x08, 0xdb, 0xde, 0xdb, 0xde,
    0xf9, 0xbd, 0xf9, 0xbd, 0x91, 0x6b, 0x91, 0x6b, 0x5d, 0xef, 0x5d, 0xef, 0x97, 0xb5, 0x97, 0xb5, 0xf1, 0x73, 0xf1, 0x73, 0x32, 0x7c, 0x32, 0x7c,
    0x59, 0xce, 0x59, 0xce, 0x59, 0xce, 0x59, 0xce, 0x97, 0xad, 0x97, 0xad, 0x52, 0x84, 0x52, 0x84, 0x76, 0xad, 0x76, 0xad, 0x14, 0xa5, 0x14, 0xa5,
    0x0f, 0x8c, 0x0f, 0x8c, 0xe9, 0x39, 0xe9, 0x39, 0xed, 0x52, 0xed, 0x52, 0x12, 0x7c, 0x12, 0x7c, 0x12, 0x7c, 0x12, 0x7c, 0xb5, 0x94, 0xb5, 0x94,
    0x39, 0xc6, 0x39, 0xc6, 0xdb, 0xde, 0xdb, 0xde, 0x90, 0x6b, 0x90, 0x6b, 0xed, 0x52, 0xed, 0x52, 0x83, 0x08, 0x83, 0x08, 0x63, 0x08, 0x63, 0x08,
    0x83, 0x08, 0x83, 0x08, 0x83, 0x08, 0x83, 0x08, 0x22, 0x00, 0x22, 0x00, 0xd1, 0x73, 0xd1, 0x73, 0x57, 0xa5, 0x57, 0xa5, 0x32, 0x7c, 0x32, 0x7c,
    0x47, 0x19, 0x47, 0x19, 0x90, 0x6b, 0x90, 0x6b, 0x91, 0x6b, 0x91, 0x6b, 0x91, 0x6b, 0x91, 0x6b, 0x91, 0x6b, 0x91, 0x6b, 0xb1, 0x6b, 0xb1, 0x6b,
    0xb1, 0x6b, 0xb1, 0x6b, 0xb1, 0x6b, 0xb1, 0x6b, 0xb1, 0x6b, 0xb1, 0x6b, 0xb1, 0x6b, 0xb1, 0x6b, 0x91, 0x6b, 0x91, 0x6b, 0x91, 0x6b, 0x91, 0x6b,
    0xb1, 0x6b, 0xb1, 0x6b, 0xb1, 0x6b, 0xb1, 0x6b, 0xb1, 0x6b, 0xb1, 0x6b, 0x91, 0x6b, 0x91, 0x6b, 0x91, 0x6b, 0x91, 0x6b, 0x90, 0x6b, 0x90, 0x6b,
    0x90, 0x6b, 0x90, 0x6b, 0xb1, 0x6b, 0xb1, 0x6b, 0xb1, 0x6b, 0xb1, 0x6b, 0xb1, 0x6b, 0xb1, 0x6b, 0x91, 0x6b, 0x91, 0x6b, 0x91, 0x6b, 0x91, 0x6b,
    0x90, 0x6b, 0x90, 0x6b, 0x70, 0x63, 0x70, 0x63, 0x53, 0x84, 0x53, 0x84, 0x8d, 0x42, 0x8d, 0x42, 0xb1, 0x6b, 0xb1, 0x6b, 0x83, 0x08, 0x83, 0x08,
    0x05, 0x19, 0x05, 0x19, 0x2a, 0x3a, 0x2a, 0x3a, 0xe9, 0x31, 0xe9, 0x31, 0xe9, 0x31, 0xe9, 0x31, 0x83, 0x08, 0x83, 0x08, 0x83, 0x08, 0x83, 0x08,
    0x12, 0x7c, 0x12, 0x7c, 0xf2, 0x73, 0xf2, 0x73, 0xc5, 0x10, 0xc5, 0x10, 0xc5, 0x08, 0xc5, 0x08, 0xe5, 0x08, 0xe5, 0x08, 0xe5, 0x10, 0xe5, 0x10,
    0xe5, 0x08, 0xe5, 0x08, 0xe5, 0x10, 0xe5, 0x10, 0xe5, 0x08, 0xe5, 0x08, 0xe5, 0x08, 0xe5, 0x08, 0xe5, 0x08, 0xe5, 0x08, 0xc5, 0x10, 0xc5, 0x10,
    0xc5, 0x08, 0xc5, 0x08, 0xe5, 0x10, 0xe5, 0x10, 0xe5, 0x10, 0xe5, 0x10, 0xe5, 0x10, 0xe5, 0x10, 0xe5, 0x08, 0xe5, 0x08, 0xc5, 0x08, 0xc5, 0x08,
    0xc5, 0x08, 0xc5, 0x08, 0xe5, 0x08, 0xe5, 0x08, 0xdb, 0xe6, 0xdb, 0xe6, 0xc8, 0x29, 0xc8, 0x29, 0xf9, 0xbd, 0xf9, 0xbd, 0x2e, 0x5b, 0x2e, 0x5b,
    0xa8, 0x31, 0xa8, 0x31, 0xb8, 0xb5, 0xb8, 0xb5, 0x5d, 0xef, 0x5d, 0xef, 0x83, 0x08, 0x83, 0x08, 0x83, 0x08, 0x83, 0x08, 0x6b, 0x42, 0x6b, 0x42,
    0x8b, 0x4a, 0x8b, 0x4a, 0xed, 0x52, 0xed, 0x52, 0xe5, 0x10, 0xe5, 0x10, 0xf9, 0xbd, 0xf9, 0xbd, 0xc8, 0x31, 0xc8, 0x31, 0x63, 0x00, 0x63, 0x00,
    0x47, 0x19, 0x47, 0x19, 0xe5, 0x10, 0xe5, 0x10, 0xa4, 0x08, 0xa4, 0x08, 0xc4, 0x10, 0xc4, 0x10, 0x83, 0x08, 0x83, 0x08, 0xdb, 0xde, 0xdb, 0xde,
    0xf9, 0xbd, 0xf9, 0xbd, 0x91, 0x6b, 0x91, 0x6b, 0x5d, 0xef, 0x5d, 0xef, 0x97, 0xb5, 0x97, 0xb5, 0xf1, 0x73, 0xf1, 0x73, 0x32, 0x7c, 0x32, 0x7c,
    0x59, 0xce, 0x59, 0xce, 0x59, 0xce, 0x59, 0xce, 0x97, 0xad, 0x97, 0xad, 0x52, 0x84, 0x52, 0x84, 0x76, 0xad, 0x76, 0xad, 0x14, 0xa5, 0x14, 0xa5,
    0x0f, 0x8c, 0x0f, 0x8c, 0xe9, 0x39, 0xe9, 0x39, 0xed, 0x52, 0xed, 0x52, 0x12, 0x7c, 0x12, 0x7c, 0x12, 0x7c, 0x12, 0x7c, 0xb5, 0x94, 0xb5, 0x94,
    0x39, 0xc6, 0x39, 0xc6, 0xdb, 0xde, 0xdb, 0xde, 0x90, 0x6b, 0x90, 0x6b, 0xed, 0x52, 0xed, 0x52, 0x83, 0x08, 0x83, 0x08, 0x63, 0x08, 0x63, 0x08,
    0x83, 0x08, 0x83, 0x08, 0x83, 0x08, 0x83, 0x08, 0x22, 0x00, 0x22, 0x00, 0xd1, 0x73, 0xd1, 0x73, 0x57, 0xa5, 0x57, 0xa5, 0x32, 0x7c, 0x32, 0x7c,
    0x47, 0x19, 0x47, 0x19, 0x90, 0x6b, 0x90, 0x6b, 0x91, 0x6b, 0x91, 0x6b, 0x91, 0x6b, 0x91, 0x6b, 0x91, 0x6b, 0x91, 0x6b, 0xb1, 0x6b, 0xb1, 0x6b,
    0xb1, 0x6b, 0xb1, 0x6b, 0xb1, 0x6b, 0xb1, 0x6b, 0xb1, 0x6b, 0xb1, 0x6b, 0xb1, 0x6b, 0xb1, 0x6b, 0x91, 0x6b, 0x91, 0x6b, 0x91, 0x6b, 0x91, 0x6b,
    0xb1, 0x6b, 0xb1, 0x6b, 0xb1, 0x6b, 0xb1, 0x6b, 0xb1, 0x6b, 0xb1, 0x6b, 0x91, 0x6b, 0x91, 0x6b, 0x91, 0x6b, 0x91, 0x6b, 0x90, 0x6b, 0x90, 0x6b,
    0x90, 0x6b, 0x90, 0x6b, 0xb1, 0x6b, 0xb1, 0x6b, 0xb1, 0x6b, 0xb1, 0x6b, 0xb1, 0x6b, 0xb1, 0x6b, 0x91, 0x6b, 0x91, 0x6b, 0x91, 0x6b, 0x91, 0x6b,
    0x90, 0x6b, 0x90, 0x6b, 0x70, 0x63, 0x70, 0x63, 0x53, 0x84, 0x53, 0x84, 0x8d, 0x42, 0x8d, 0x42, 0xb1, 0x6b, 0xb1, 0x6b, 0x83, 0x08, 0x83, 0x08,
    0x05, 0x19, 0x05, 0x19, 0x2a, 0x3a, 0x2a, 0x3a, 0xe9, 0x31, 0xe9, 0x31, 0xe9, 0x31, 0xe9, 0x31, 0x83, 0x08, 0x83, 0x08, 0x83, 0x08, 0x83, 0x08,
    0x12, 0x7c, 0x12, 0x7c, 0xf2, 0x73, 0xf2, 0x73, 0xc5, 0x10, 0xc5, 0x10, 0xc5, 0x08, 0xc5, 0x08, 0xe5, 0x08, 0xe5, 0x08, 0xe5, 0x10, 0xe5, 0x10,
    0xe5, 0x08, 0xe5, 0x08, 0xe5, 0x10, 0xe5, 0x10, 0xe5, 0x08, 0xe5, 0x08, 0xe5, 0x08, 0xe5, 0x08, 0xe5, 0x08, 0xe5, 0x08, 0xc5, 0x10, 0xc5, 0x10,
    0xc5, 0x08, 0xc5, 0x08, 0xe5, 0x08, 0xe5, 0x08, 0xe5, 0x10, 0xe5, 0x10, 0xc5, 0x10, 0xc5, 0x10, 0xc5, 0x10, 0xc5, 0x10, 0xc5, 0x08, 0xc5, 0x08,
    0xe5, 0x08, 0xe5, 0x08, 0xe6, 0x10, 0xe6, 0x10, 0xb8, 0xb5, 0xb8, 0xb5, 0x1c, 0xe7, 0x1c, 0xe7, 0x9a, 0xd6, 0x9a, 0xd6, 0x39, 0xc6, 0x39, 0xc6,
    0xd8, 0xb5, 0xd8, 0xb5, 0x98, 0xb5, 0x98, 0xb5, 0xd8, 0xb5, 0xd8, 0xb5, 0x3c, 0xe7, 0x3c, 0xe7, 0xcd, 0x52, 0xcd, 0x52, 0x26, 0x19, 0x26, 0x19,
    0x84, 0x08, 0x84, 0x08, 0x43, 0x00, 0x43, 0x00, 0x21, 0x00, 0x21, 0x00, 0xcd, 0x4a, 0xcd, 0x4a, 0x63, 0x08, 0x63, 0x08, 0x63, 0x00, 0x63, 0x00,
    0x63, 0x00, 0x63, 0x00, 0x63, 0x00, 0x63, 0x00, 0x63, 0x00, 0x63, 0x00, 0x83, 0x08, 0x83, 0x08, 0x39, 0xc6, 0x39, 0xc6, 0xf9, 0xbd, 0xf9, 0xbd,
    0xb1, 0x6b, 0xb1, 0x6b, 0x5d, 0xef, 0x5d, 0xef, 0xbb, 0xd6, 0xbb, 0xd6, 0xbb, 0xde, 0xbb, 0xde, 0x9b, 0xd6, 0x9b, 0xd6, 0x9b, 0xd6, 0x9b, 0xd6,
    0x11, 0x7c, 0x11, 0x7c, 0x99, 0xd6, 0x99, 0xd6, 0xbe, 0xff, 0xbe, 0xff, 0xa9, 0x21, 0xa9, 0x21, 0x63, 0x08, 0x63, 0x08, 0x9a, 0xd6, 0x9a, 0xd6,
    0xb8, 0xb5, 0xb8, 0xb5, 0x57, 0xa5, 0x57, 0xa5, 0x16, 0x9d, 0x16, 0x9d, 0xd5, 0x94, 0xd5, 0x94, 0xb5, 0x94, 0xb5, 0x94, 0x57, 0xa5, 0x57, 0xa5,
    0x36, 0xa5, 0x36, 0xa5, 0x91, 0x6b, 0x91, 0x6b, 0x83, 0x08, 0x83, 0x08, 0x63, 0x08, 0x63, 0x08, 0x63, 0x00, 0x63, 0x00, 0x46, 0x19, 0x46, 0x19,
    0x62, 0x00, 0x62, 0x00, 0x83, 0x08, 0x83, 0x08, 0x63, 0x08, 0x63, 0x08, 0x22, 0x00, 0x22, 0x00, 0xf5, 0x94, 0xf5, 0x94, 0x73, 0x84, 0x73, 0x84,
    0x47, 0x19, 0x47, 0x19, 0x90, 0x63, 0x90, 0x63, 0x91, 0x6b, 0x91, 0x6b, 0x90, 0x6b, 0x90, 0x6b, 0x91, 0x6b, 0x91, 0x6b, 0xb1, 0x6b, 0xb1, 0x6b,
    0xb1, 0x6b, 0xb1, 0x6b, 0xb1, 0x6b, 0xb1, 0x6b, 0xb1, 0x6b, 0xb1, 0x6b, 0xb1, 0x6b, 0xb1, 0x6b, 0xb1, 0x6b, 0xb1, 0x6b, 0xb1, 0x6b, 0xb1, 0x6b,
    0xb1, 0x6b, 0xb1, 0x6b, 0xb1, 0x6b, 0xb1, 0x6b, 0x90, 0x6b, 0x90, 0x6b, 0x4f, 0x63, 0x4f, 0x63, 0xd8, 0xbd, 0xd8, 0xbd, 0x9b, 0xd6, 0x9b, 0xd6,
    0xbb, 0xd6, 0xbb, 0xd6, 0x97, 0xad, 0x97, 0xad, 0xb5, 0x94, 0xb5, 0x94, 0x94, 0x8c, 0x94, 0x8c, 0xb1, 0x6b, 0xb1, 0x6b, 0xf2, 0x73, 0xf2, 0x73,
    0x70, 0x63, 0x70, 0x63, 0x90, 0x6b, 0x90, 0x6b, 0x33, 0x7c, 0x33, 0x7c, 0x56, 0xa5, 0x56, 0xa5, 0x26, 0x19, 0x26, 0x19, 0x88, 0x29, 0x88, 0x29,
    0x47, 0x21, 0x47, 0x21, 0x06, 0x19, 0x06, 0x19, 0x06, 0x11, 0x06, 0x11, 0x46, 0x21, 0x46, 0x21, 0xc8, 0x31, 0xc8, 0x31, 0x83, 0x08, 0x83, 0x08,
    0x2f, 0x5b, 0x2f, 0x5b, 0x90, 0x6b, 0x90, 0x6b, 0xc5, 0x08, 0xc5, 0x08, 0xc5, 0x10, 0xc5, 0x10, 0xe5, 0x08, 0xe5, 0x08, 0xe5, 0x10, 0xe5, 0x10,
    0xe5, 0x10, 0xe5, 0x10, 0xe5, 0x10, 0xe5, 0x10, 0xe5, 0x10, 0xe5, 0x10, 0xe5, 0x10, 0xe5, 0x10, 0xc5, 0x08, 0xc5, 0x08, 0xe5, 0x10, 0xe5, 0x10,
    0xc5, 0x08, 0xc5, 0x08, 0xe5, 0x08, 0xe5, 0x08, 0xe5, 0x10, 0xe5, 0x10, 0xc5, 0x10, 0xc5, 0x10, 0xc5, 0x10, 0xc5, 0x10, 0xc5, 0x08, 0xc5, 0x08,
    0xe5, 0x08, 0xe5, 0x08, 0xe6, 0x10, 0xe6, 0x10, 0xb8, 0xb5, 0xb8, 0xb5, 0x1c, 0xe7, 0x1c, 0xe7, 0x9a, 0xd6, 0x9a, 0xd6, 0x39, 0xc6, 0x39, 0xc6,
    0xd8, 0xb5, 0xd8, 0xb5, 0x98, 0xb5, 0x98, 0xb5, 0xd8, 0xb5, 0xd8, 0xb5, 0x3c, 0xe7, 0x3c, 0xe7, 0xcd, 0x52, 0xcd, 0x52, 0x26, 0x19, 0x26, 0x19,
    0x84, 0x08, 0x84, 0x08, 0x43, 0x00, 0x43, 0x00, 0x21, 0x00, 0x21, 0x00, 0xcd, 0x4a, 0xcd, 0x4a, 0x63, 0x08, 0x63, 0x08, 0x63, 0x00, 0x63, 0x00,
    0x63, 0x00, 0x63, 0x00, 0x63, 0x00, 0x63, 0x00, 0x63, 0x00, 0x63, 0x00, 0x83, 0x08, 0x83, 0x08, 0x39, 0xc6, 0x39, 0xc6, 0xf9, 0xbd, 0xf9, 0xbd,
    0xb1, 0x6b, 0xb1, 0x6b, 0x5d, 0xef, 0x5d, 0xef, 0xbb, 0xd6, 0xbb, 0xd6, 0xbb, 0xde, 0xbb, 0xde, 0x9b, 0xd6, 0x9b, 0xd6, 0x9b, 0xd6, 0x9b, 0xd6,
    0x11, 0x7c, 0x11, 0x7c, 0x99, 0xd6, 0x99, 0xd6, 0xbe, 0xff, 0xbe, 0xff, 0xa9, 0x21, 0xa9, 0x21, 0x63, 0x08, 0x63, 0x08, 0x9a, 0xd6, 0x9a, 0xd6,
    0xb8, 0xb5, 0xb8, 0xb5, 0x57, 0xa5, 0x57, 0xa5, 0x16, 0x9d, 0x16, 0x9d, 0xd5, 0x94, 0xd5, 0x94, 0xb5, 0x94, 0xb5, 0x94, 0x57, 0xa5, 0x57, 0xa5,
    0x36, 0xa5, 0x36, 0xa5, 0x91, 0x6b, 0x91, 0x6b, 0x83, 0x08, 0x83, 0x08, 0x63, 0x08, 0x63, 0x08, 0x63, 0x00, 0x63, 0x00, 0x46, 0x19, 0x46, 0x19,
    0x62, 0x00, 0x62, 0x00, 0x83, 0x08, 0x83, 0x08, 0x63, 0x08, 0x63, 0x08, 0x22, 0x00, 0x22, 0x00, 0xf5, 0x94, 0xf5, 0x94, 0x73, 0x84, 0x73, 0x84,
    0x47, 0x19, 0x47, 0x19, 0x90, 0x63, 0x90, 0x63, 0x91, 0x6b, 0x91, 0x6b, 0x90, 0x6b, 0x90, 0x6b, 0x91, 0x6b, 0x91, 0x6b, 0xb1, 0x6b, 0xb1, 0x6b,
    0xb1, 0x6b, 0xb1, 0x6b, 0xb1, 0x6b, 0xb1, 0x6b, 0xb1, 0x6b, 0xb1, 0x6b, 0xb1, 0x6b, 0xb1, 0x6b, 0xb1, 0x6b, 0xb1, 0x6b, 0xb1, 0x6b, 0xb1, 0x6b,
    0xb1, 0x6b, 0xb1, 0x6b, 0xb1, 0x6b, 0xb1, 0x6b, 0x90, 0x6b, 0x90, 0x6b, 0x4f, 0x63, 0x4f, 0x63, 0xd8, 0xbd, 0xd8, 0xbd, 0x9b, 0xd6, 0x9b, 0xd6,
    0xbb, 0xd6, 0xbb, 0xd6, 0x97, 0xad, 0x97, 0xad, 0xb5, 0x94, 0xb5, 0x94, 0x94, 0x8c, 0x94, 0x8c, 0xb1, 0x6b, 0xb1, 0x6b, 0xf2, 0x73, 0xf2, 0x73,
    0x70, 0x63, 0x70, 0x63, 0x90, 0x6b, 0x90, 0x6b, 0x33, 0x7c, 0x33, 0x7c, 0x56, 0xa5, 0x56, 0xa5, 0x26, 0x19, 0x26, 0x19, 0x88, 0x29, 0x88, 0x29,
    0x47, 0x21, 0x47, 0x21, 0x06, 0x19, 0x06, 0x19, 0x06, 0x11, 0x06, 0x11, 0x46, 0x21, 0x46, 0x21, 0xc8, 0x31, 0xc8, 0x31, 0x83, 0x08, 0x83, 0x08,
    0x2f, 0x5b, 0x2f, 0x5b, 0x90, 0x6b, 0x90, 0x6b, 0xc5, 0x08, 0xc5, 0x08, 0xc5, 0x10, 0xc5, 0x10, 0xe5, 0x08, 0xe5, 0x08, 0xe5, 0x10, 0xe5, 0x10,
    0xe5, 0x10, 0xe5, 0x10, 0xe5, 0x10, 0xe5, 0x10, 0xe5, 0x10, 0xe5, 0x10, 0xe5, 0x10, 0xe5, 0x10, 0xc5, 0x08, 0xc5, 0x08, 0xe5, 0x10, 0xe5, 0x10,
    0xc5, 0x08, 0xc5, 0x08, 0xe6, 0x10, 0xe6, 0x10, 0xe5, 0x10, 0xe5, 0x10, 0xe5, 0x10, 0xe5, 0x10, 0xc5, 0x08, 0xc5, 0x08, 0xc5, 0x08, 0xc5, 0x08,
    0xc5, 0x08, 0xc5, 0x08, 0xea, 0x29, 0xea, 0x29, 0x94, 0x8c, 0x94, 0x8c, 0x94, 0x8c, 0x94, 0x8c, 0xd5, 0x94, 0xd5, 0x94, 0xd5, 0x94, 0xd5, 0x94,
    0x97, 0xad, 0x97, 0xad, 0xf5, 0x9c, 0xf5, 0x9c, 0xf6, 0x9c, 0xf6, 0x9c, 0x16, 0x9d, 0x16, 0x9d, 0xf5, 0x94, 0xf5, 0x94, 0x36, 0xa5, 0x36, 0xa5,
    0x77, 0xa5, 0x77, 0xa5, 0xb8, 0xb5, 0xb8, 0xb5, 0xb8, 0xb5, 0xb8, 0xb5, 0xf8, 0xbd, 0xf8, 0xbd, 0x5d, 0xef, 0x5d, 0xef, 0x5d, 0xef, 0x5d, 0xef,
    0x5d, 0xef, 0x5d, 0xef, 0x5c, 0xef, 0x5c, 0xef, 0x3c, 0xef, 0x3c, 0xef, 0x19, 0xbe, 0x19, 0xbe, 0xf9, 0xbd, 0xf9, 0xbd, 0xf6, 0x9c, 0xf6, 0x9c,
    0xbb, 0xd6, 0xbb, 0xd6, 0xbb, 0xd6, 0xbb, 0xd6, 0xbb, 0xd6, 0xbb, 0xd6, 0xbb, 0xd6, 0xbb, 0xd6, 0xbb, 0xd6, 0xbb, 0xd6, 0xbb, 0xd6, 0xbb, 0xd6,
    0xdb, 0xde, 0xdb, 0xde, 0x3c, 0xef, 0x3c, 0xef, 0x3c, 0xef, 0x3c, 0xef, 0x1c, 0xe7, 0x1c, 0xe7, 0x3c, 0xef, 0x3c, 0xef, 0x5a, 0xce, 0x5a, 0xce,
    0x78, 0xad, 0x78, 0xad, 0x56, 0xa5, 0x56, 0xa5, 0xb5, 0x94, 0xb5, 0x94, 0x94, 0x8c, 0x94, 0x8c, 0xb5, 0x94, 0xb5, 0x94, 0x97, 0xad, 0x97, 0xad,
    0x1c, 0xe7, 0x1c, 0xe7, 0xf2, 0x73, 0xf2, 0x73, 0xa3, 0x08, 0xa3, 0x08, 0x2a, 0x3a, 0x2a, 0x3a, 0x46, 0x21, 0x46, 0x21, 0x46, 0x21, 0x46, 0x21,
    0x46, 0x21, 0x46, 0x21, 0x2a, 0x3a, 0x2a, 0x3a, 0x63, 0x08, 0x63, 0x08, 0x83, 0x08, 0x83, 0x08, 0xb1, 0x6b, 0xb1, 0x6b, 0x33, 0x84, 0x33, 0x84,
    0x48, 0x19, 0x48, 0x19, 0x90, 0x63, 0x90, 0x63, 0x91, 0x6b, 0x91, 0x6b, 0x90, 0x6b, 0x90, 0x6b, 0x90, 0x63, 0x90, 0x63, 0x90, 0x63, 0x90, 0x63,
    0x19, 0xbe, 0x19, 0xbe, 0xbb, 0xde, 0xbb, 0xde, 0xf9, 0xbd, 0xf9, 0xbd, 0x57, 0xa5, 0x57, 0xa5, 0x53, 0x84, 0x53, 0x84, 0x73, 0x84, 0x73, 0x84,
    0x91, 0x6b, 0x91, 0x6b, 0xd2, 0x73, 0xd2, 0x73, 0xd2, 0x73, 0xd2, 0x73, 0x2f, 0x5b, 0x2f, 0x5b, 0x4c, 0x3a, 0x4c, 0x3a, 0x47, 0x19, 0x47, 0x19,
    0x47, 0x19, 0x47, 0x19, 0x68, 0x21, 0x68, 0x21, 0xae, 0x4a, 0xae, 0x4a, 0x90, 0x63, 0x90, 0x63, 0x70, 0x63, 0x70, 0x63, 0x70, 0x63, 0x70, 0x63,
    0x90, 0x63, 0x90, 0x63, 0x91, 0x63, 0x91, 0x63, 0x73, 0x84, 0x73, 0x84, 0x90, 0x6b, 0x90, 0x6b, 0xe5, 0x10, 0xe5, 0x10, 0x87, 0x29, 0x87, 0x29,
    0x42, 0x00, 0x42, 0x00, 0x98, 0xb5, 0x98, 0xb5, 0x2b, 0x3a, 0x2b, 0x3a, 0x83, 0x08, 0x83, 0x08, 0x67, 0x29, 0x67, 0x29, 0x63, 0x08, 0x63, 0x08,
    0xc9, 0x29, 0xc9, 0x29, 0x50, 0x63, 0x50, 0x63, 0xc5, 0x10, 0xc5, 0x10, 0xe5, 0x08, 0xe5, 0x08, 0xe5, 0x10, 0xe5, 0x10, 0xe5, 0x10, 0xe5, 0x10,
    0xe5, 0x10, 0xe5, 0x10, 0xe5, 0x10, 0xe5, 0x10, 0xe5, 0x10, 0xe5, 0x10, 0xe5, 0x08, 0xe5, 0x08, 0xe5, 0x08, 0xe5, 0x08, 0xe5, 0x10, 0xe5, 0x10,
    0xc5, 0x08, 0xc5, 0x08, 0xe6, 0x10, 0xe6, 0x10, 0xe5, 0x10, 0xe5, 0x10, 0xe5, 0x10, 0xe5, 0x10, 0xc5, 0x08, 0xc5, 0x08, 0xc5, 0x08, 0xc5, 0x08,
    0xc5, 0x08, 0xc5, 0x08, 0xea, 0x29, 0xea, 0x29, 0x94, 0x8c, 0x94, 0x8c, 0x94, 0x8c, 0x94, 0x8c, 0xd5, 0x94, 0xd5, 0x94, 0xd5, 0x94, 0xd5, 0x94,
    0x97, 0xad, 0x97, 0xad, 0xf5, 0x9c, 0xf5, 0x9c, 0xf6, 0x9c, 0xf6, 0x9c, 0x16, 0x9d, 0x16, 0x9d, 0xf5, 0x94, 0xf5, 0x94, 0x36, 0xa5, 0x36, 0xa5,
    0x77, 0xa5, 0x77, 0xa5, 0xb8, 0xb5, 0xb8, 0xb5, 0xb8, 0xb5, 0xb8, 0xb5, 0xf8, 0xbd, 0xf8, 0xbd, 0x5d, 0xef, 0x5d, 0xef, 0x5d, 0xef, 0x5d, 0xef,
    0x5d, 0xef, 0x5d, 0xef, 0x5c, 0xef, 0x5c, 0xef, 0x3c, 0xef, 0x3c, 0xef, 0x19, 0xbe, 0x19, 0xbe, 0xf9, 0xbd, 0xf9, 0xbd, 0xf6, 0x9c, 0xf6, 0x9c,
    0xbb, 0xd6, 0xbb, 0xd6, 0xbb, 0xd6, 0xbb, 0xd6, 0xbb, 0xd6, 0xbb, 0xd6, 0xbb, 0xd6, 0xbb, 0xd6, 0xbb, 0xd6, 0xbb, 0xd6, 0xbb, 0xd6, 0xbb, 0xd6,
    0xdb, 0xde, 0xdb, 0xde, 0x3c, 0xef, 0x3c, 0xef, 0x3c, 0xef, 0x3c, 0xef, 0x1c, 0xe7, 0x1c, 0xe7, 0x3c, 0xef, 0x3c, 0xef, 0x5a, 0xce, 0x5a, 0xce,
    0x78, 0xad, 0x78, 0xad, 0x56, 0xa5, 0x56, 0xa5, 0xb5, 0x94, 0xb5, 0x94, 0x94, 0x8c, 0x94, 0x8c, 0xb5, 0x94, 0xb5, 0x94, 0x97, 0xad, 0x97, 0xad,
    0x1c, 0xe7, 0x1c, 0xe7, 0xf2, 0x73, 0xf2, 0x73, 0xa3, 0x08, 0xa3, 0x08, 0x2a, 0x3a, 0x2a, 0x3a, 0x46, 0x21, 0x46, 0x21, 0x46, 0x21, 0x46, 0x21,
    0x46, 0x21, 0x46, 0x21, 0x2a, 0x3a, 0x2a, 0x3a, 0x63, 0x08, 0x63, 0x08, 0x83, 0x08, 0x83, 0x08, 0xb1, 0x6b, 0xb1, 0x6b, 0x33, 0x84, 0x33, 0x84,
    0x48, 0x19, 0x48, 0x19, 0x90, 0x63, 0x90, 0x63, 0x91, 0x6b, 0x91, 0x6b, 0x90, 0x6b, 0x90, 0x6b, 0x90, 0x63, 0x90, 0x63, 0x90, 0x63, 0x90, 0x63,
    0x19, 0xbe, 0x19, 0xbe, 0xbb, 0xde, 0xbb, 0xde, 0xf9, 0xbd, 0xf9, 0xbd, 0x57, 0xa5, 0x57, 0xa5, 0x53, 0x84, 0x53, 0x84, 0x73, 0x84, 0x73, 0x84,
    0x91, 0x6b, 0x91, 0x6b, 0xd2, 0x73, 0xd2, 0x73, 0xd2, 0x73, 0xd2, 0x73, 0x2f, 0x5b, 0x2f, 0x5b, 0x4c, 0x3a, 0x4c, 0x3a, 0x47, 0x19, 0x47, 0x19,
    0x47, 0x19, 0x47, 0x19, 0x68, 0x21, 0x68, 0x21, 0xae, 0x4a, 0xae, 0x4a, 0x90, 0x63, 0x90, 0x63, 0x70, 0x63, 0x70, 0x63, 0x70, 0x63, 0x70, 0x63,
    0x90, 0x63, 0x90, 0x63, 0x91, 0x63, 0x91, 0x63, 0x73, 0x84, 0x73, 0x84, 0x90, 0x6b, 0x90, 0x6b, 0xe5, 0x10, 0xe5, 0x10, 0x87, 0x29, 0x87, 0x29,
    0x42, 0x00, 0x42, 0x00, 0x98, 0xb5, 0x98, 0xb5, 0x2b, 0x3a, 0x2b, 0x3a, 0x83, 0x08, 0x83, 0x08, 0x67, 0x29, 0x67, 0x29, 0x63, 0x08, 0x63, 0x08,
    0xc9, 0x29, 0xc9, 0x29, 0x50, 0x63, 0x50, 0x63, 0xc5, 0x10, 0xc5, 0x10, 0xe5, 0x08, 0xe5, 0x08, 0xe5, 0x10, 0xe5, 0x10, 0xe5, 0x10, 0xe5, 0x10,
    0xe5, 0x10, 0xe5, 0x10, 0xe5, 0x10, 0xe5, 0x10, 0xe5, 0x10, 0xe5, 0x10, 0xe5, 0x08, 0xe5, 0x08, 0xe5, 0x08, 0xe5, 0x08, 0xe5, 0x10, 0xe5, 0x10,
    0xc5, 0x08, 0xc5, 0x08, 0xc5, 0x10, 0xc5, 0x10, 0xe5, 0x10, 0xe5, 0x10, 0xe5, 0x10, 0xe5, 0x10, 0xe5, 0x10, 0xe5, 0x10, 0xe5, 0x08, 0xe5, 0x08,
    0xc5, 0x10, 0xc5, 0x10, 0x6c, 0x42, 0x6c, 0x42, 0x12, 0x7c, 0x12, 0x7c, 0x12, 0x7c, 0x12, 0x7c, 0xd5, 0x94, 0xd5, 0x94, 0xf5, 0x94, 0xf5, 0x94,
    0xf5, 0x94, 0xf5, 0x94, 0xf5, 0x9c, 0xf5, 0x9c, 0xf5, 0x9c, 0xf5, 0x9c, 0xf5, 0x9c, 0xf5, 0x9c, 0xf5, 0x94, 0xf5, 0x94, 0xf5, 0x94, 0xf5, 0x94,
    0xf5, 0x94, 0xf5, 0x94, 0xf5, 0x94, 0xf5, 0x94, 0xf5, 0x9c, 0xf5, 0x9c, 0x15, 0x9d, 0x15, 0x9d, 0x16, 0x9d, 0x16, 0x9d, 0x16, 0x9d, 0x16, 0x9d,
    0x16, 0x9d, 0x16, 0x9d, 0x36, 0x9d, 0x36, 0x9d, 0x36, 0xa5, 0x36, 0xa5, 0x77, 0xad, 0x77, 0xad, 0x57, 0xa5, 0x57, 0xa5, 0xb8, 0xb5, 0xb8, 0xb5,
    0xb8, 0xb5, 0xb8, 0xb5, 0x98, 0xad, 0x98, 0xad, 0xb8, 0xb5, 0xb8, 0xb5, 0xb8, 0xb5, 0xb8, 0xb5, 0x97, 0xad, 0x97, 0xad, 0x97, 0xad, 0x97, 0xad,
    0x97, 0xad, 0x97, 0xad, 0x97, 0xad, 0x97, 0xad, 0x77, 0xad, 0x77, 0xad, 0x16, 0x9d, 0x16, 0x9d, 0xb4, 0x8c, 0xb4, 0x8c, 0x53, 0x84, 0x53, 0x84,
    0x12, 0x7c, 0x12, 0x7c, 0x12, 0x74, 0x12, 0x74, 0x12, 0x7c, 0x12, 0x7c, 0x12, 0x74, 0x12, 0x74, 0xd5, 0x94, 0xd5, 0x94, 0x98, 0xad, 0x98, 0xad,
    0x90, 0x63, 0x90, 0x63, 0x62, 0x00, 0x62, 0x00, 0x4a, 0x42, 0x4a, 0x42, 0x46, 0x21, 0x46, 0x21, 0x06, 0x11, 0x06, 0x11, 0x83, 0x08, 0x83, 0x08,
    0x06, 0x11, 0x06, 0x11, 0x26, 0x19, 0x26, 0x19, 0xc8, 0x31, 0xc8, 0x31, 0x83, 0x08, 0x83, 0x08, 0x63, 0x08, 0x63, 0x08, 0x73, 0x84, 0x73, 0x84,
    0x27, 0x19, 0x27, 0x19, 0x70, 0x63, 0x70, 0x63, 0xf2, 0x73, 0xf2, 0x73, 0x70, 0x63, 0x70, 0x63, 0x0e, 0x53, 0x0e, 0x53, 0xcd, 0x4a, 0xcd, 0x4a,
    0x68, 0x19, 0x68, 0x19, 0xa9, 0x21, 0xa9, 0x21, 0xea, 0x31, 0xea, 0x31, 0x70, 0x63, 0x70, 0x63, 0x70, 0x63, 0x70, 0x63, 0x90, 0x63, 0x90, 0x63,
    0x90, 0x63, 0x90, 0x63, 0x90, 0x63, 0x90, 0x63, 0x90, 0x63, 0x90, 0x63, 0x90, 0x63, 0x90, 0x63, 0x0f, 0x53, 0x0f, 0x53, 0x90, 0x63, 0x90, 0x63,
    0x90, 0x63, 0x90, 0x63, 0x90, 0x63, 0x90, 0x63, 0x90, 0x63, 0x90, 0x63, 0x90, 0x63, 0x90, 0x63, 0x90, 0x63, 0x90, 0x63, 0x90, 0x63, 0x90, 0x63,
    0x90, 0x63, 0x90, 0x63, 0x12, 0x7c, 0x12, 0x7c, 0x2b, 0x32, 0x2b, 0x32, 0x0e, 0x53, 0x0e, 0x53, 0xc9, 0x31, 0xc9, 0x31, 0xc4, 0x10, 0xc4, 0x10,
    0xa3, 0x08, 0xa3, 0x08, 0x39, 0xc6, 0x39, 0xc6, 0xa4, 0x08, 0xa4, 0x08, 0x4b, 0x3a, 0x4b, 0x3a, 0x84, 0x08, 0x84, 0x08, 0x87, 0x29, 0x87, 0x29,
    0x83, 0x08, 0x83, 0x08, 0x91, 0x6b, 0x91, 0x6b, 0xe5, 0x10, 0xe5, 0x10, 0xc5, 0x08, 0xc5, 0x08, 0xe5, 0x10, 0xe5, 0x10, 0xe5, 0x10, 0xe5, 0x10,
    0xe5, 0x10, 0xe5, 0x10, 0xe5, 0x08, 0xe5, 0x08, 0xe5, 0x10, 0xe5, 0x10, 0xe6, 0x10, 0xe6, 0x10, 0xe5, 0x10, 0xe5, 0x10, 0xe5, 0x10, 0xe5, 0x10,
    0xc5, 0x08, 0xc5, 0x08, 0xc5, 0x10, 0xc5, 0x10, 0xe5, 0x10, 0xe5, 0x10, 0xe5, 0x10, 0xe5, 0x10, 0xe5, 0x10, 0xe5, 0x10, 0xe5, 0x08, 0xe5, 0x08,
    0xc5, 0x10, 0xc5, 0x10, 0x6c, 0x42, 0x6c, 0x42, 0x12, 0x7c, 0x12, 0x7c, 0x12, 0x7c, 0x12, 0x7c, 0xd5, 0x94, 0xd5, 0x94, 0xf5, 0x94, 0xf5, 0x94,
    0xf5, 0x94, 0xf5, 0x94, 0xf5, 0x9c, 0xf5, 0x9c, 0xf5, 0x9c, 0xf5, 0x9c, 0xf5, 0x9c, 0xf5, 0x9c, 0xf5, 0x94, 0xf5, 0x94, 0xf5, 0x94, 0xf5, 0x94,
    0xf5, 0x94, 0xf5, 0x94, 0xf5, 0x94, 0xf5, 0x94, 0xf5, 0x9c, 0xf5, 0x9c, 0x15, 0x9d, 0x15, 0x9d, 0x16, 0x9d, 0x16, 0x9d, 0x16, 0x9d, 0x16, 0x9d,
    0x16, 0x9d, 0x16, 0x9d, 0x36, 0x9d, 0x36, 0x9d, 0x36, 0xa5, 0x36, 0xa5, 0x77, 0xad, 0x77, 0xad, 0x57, 0xa5, 0x57, 0xa5, 0xb8, 0xb5, 0xb8, 0xb5,
    0xb8, 0xb5, 0xb8, 0xb5, 0x98, 0xad, 0x98, 0xad, 0xb8, 0xb5, 0xb8, 0xb5, 0xb8, 0xb5, 0xb8, 0xb5, 0x97, 0xad, 0x97, 0xad, 0x97, 0xad, 0x97, 0xad,
    0x97, 0xad, 0x97, 0xad, 0x97, 0xad, 0x97, 0xad, 0x77, 0xad, 0x77, 0xad, 0x16, 0x9d, 0x16, 0x9d, 0xb4, 0x8c, 0xb4, 0x8c, 0x53, 0x84, 0x53, 0x84,
    0x12, 0x7c, 0x12, 0x7c, 0x12, 0x74, 0x12, 0x74, 0x12, 0x7c, 0x12, 0x7c, 0x12, 0x74, 0x12, 0x74, 0xd5, 0x94, 0xd5, 0x94, 0x98, 0xad, 0x98, 0xad,
    0x90, 0x63, 0x90, 0x63, 0x62, 0x00, 0x62, 0x00, 0x4a, 0x42, 0x4a, 0x42, 0x46, 0x21, 0x46, 0x21, 0x06, 0x11, 0x06, 0x11, 0x83, 0x08, 0x83, 0x08,
    0x06, 0x11, 0x06, 0x11, 0x26, 0x19, 0x26, 0x19, 0xc8, 0x31, 0xc8, 0x31, 0x83, 0x08, 0x83, 0x08, 0x63, 0x08, 0x63, 0x08, 0x73, 0x84, 0x73, 0x84,
    0x27, 0x19, 0x27, 0x19, 0x70, 0x63, 0x70, 0x63, 0xf2, 0x73, 0xf2, 0x73, 0x70, 0x63, 0x70, 0x63, 0x0e, 0x53, 0x0e, 0x53, 0xcd, 0x4a, 0xcd, 0x4a,
    0x68, 0x19, 0x68, 0x19, 0xa9, 0x21, 0xa9, 0x21, 0xea, 0x31, 0xea, 0x31, 0x70, 0x63, 0x70, 0x63, 0x70, 0x63, 0x70, 0x63, 0x90, 0x63, 0x90, 0x63,
    0x90, 0x63, 0x90, 0x63, 0x90, 0x63, 0x90, 0x63, 0x90, 0x63, 0x90, 0x63, 0x90, 0x63, 0x90, 0x63, 0x0f, 0x53, 0x0f, 0x53, 0x90, 0x63, 0x90, 0x63,
    0x90, 0x63, 0x90, 0x63, 0x90, 0x63, 0x90, 0x63, 0x90, 0x63, 0x90, 0x63, 0x90, 0x63, 0x90, 0x63, 0x90, 0x63, 0x90, 0x63, 0x90, 0x63, 0x90, 0x63,
    0x90, 0x63, 0x90, 0x63, 0x12, 0x7c, 0x12, 0x7c, 0x2b, 0x32, 0x2b, 0x32, 0x0e, 0x53, 0x0e, 0x53, 0xc9, 0x31, 0xc9, 0x31, 0xc4, 0x10, 0xc4, 0x10,
    0xa3, 0x08, 0xa3, 0x08, 0x39, 0xc6, 0x39, 0xc6, 0xa4, 0x08, 0xa4, 0x08, 0x4b, 0x3a, 0x4b, 0x3a, 0x84, 0x08, 0x84, 0x08, 0x87, 0x29, 0x87, 0x29,
    0x83, 0x08, 0x83, 0x08, 0x91, 0x6b, 0x91, 0x6b, 0xe5, 0x10, 0xe5, 0x10, 0xc5, 0x08, 0xc5, 0x08, 0xe5, 0x10, 0xe5, 0x10, 0xe5, 0x10, 0xe5, 0x10,
    0xe5, 0x10, 0xe5, 0x10, 0xe5, 0x08, 0xe5, 0x08, 0xe5, 0x10, 0xe5, 0x10, 0xe6, 0x10, 0xe6, 0x10, 0xe5, 0x10, 0xe5, 0x10, 0xe5, 0x10, 0xe5, 0x10,
    0xe5, 0x10, 0xe5, 0x10, 0xe5, 0x08, 0xe5, 0x08, 0xe5, 0x10, 0xe5, 0x10, 0xc5, 0x10, 0xc5, 0x10, 0xe5, 0x08, 0xe5, 0x08, 0xc5, 0x08, 0xc5, 0x08,
    0xc5, 0x10, 0xc5, 0x10, 0x4b, 0x3a, 0x4b, 0x3a, 0x33, 0x7c, 0x33, 0x7c, 0xf2, 0x73, 0xf2, 0x73, 0xf2, 0x73, 0xf2, 0x73, 0x12, 0x74, 0x12, 0x74,
    0x12, 0x74, 0x12, 0x74, 0x53, 0x84, 0x53, 0x84, 0x33, 0x7c, 0x33, 0x7c, 0x33, 0x7c, 0x33, 0x7c, 0x33, 0x7c, 0x33, 0x7c, 0x33, 0x7c, 0x33, 0x7c,
    0x94, 0x8c, 0x94, 0x8c, 0xd5, 0x94, 0xd5, 0x94, 0xf5, 0x94, 0xf5, 0x94, 0xf5, 0x9c, 0xf5, 0x9c, 0xf5, 0x94, 0xf5, 0x94, 0x16, 0x9d, 0x16, 0x9d,
    0x16, 0x9d, 0x16, 0x9d, 0x16, 0x9d, 0x16, 0x9d, 0x16, 0x9d, 0x16, 0x9d, 0x36, 0xa5, 0x36, 0xa5, 0x94, 0x8c, 0x94, 0x8c, 0x57, 0xa5, 0x57, 0xa5,
    0x57, 0xa5, 0x57, 0xa5, 0x57, 0xa5, 0x57, 0xa5, 0x57, 0xa5, 0x57, 0xa5, 0x36, 0xa5, 0x36, 0xa5, 0x36, 0xa5, 0x36, 0xa5, 0x36, 0xa5, 0x36, 0xa5,
    0x57, 0xa5, 0x57, 0xa5, 0x57, 0xa5, 0x57, 0xa5, 0x16, 0x9d, 0x16, 0x9d, 0x16, 0x9d, 0x16, 0x9d, 0x74, 0x84, 0x74, 0x84, 0x12, 0x7c, 0x12, 0x7c,
    0xf2, 0x73, 0xf2, 0x73, 0x12, 0x74, 0x12, 0x74, 0x12, 0x74, 0x12, 0x74, 0xf2, 0x73, 0xf2, 0x73, 0xf5, 0x94, 0xf5, 0x94, 0xb8, 0xad, 0xb8, 0xad,
    0x62, 0x00, 0x62, 0x00, 0x4a, 0x42, 0x4a, 0x42, 0x46, 0x21, 0x46, 0x21, 0x21, 0x00, 0x21, 0x00, 0xd8, 0xbd, 0xd8, 0xbd, 0x97, 0xad, 0x97, 0xad,
    0xb0, 0x6b, 0xb0, 0x6b, 0x83, 0x08, 0x83, 0x08, 0x46, 0x21, 0x46, 0x21, 0xa4, 0x08, 0xa4, 0x08, 0x62, 0x08, 0x62, 0x08, 0x90, 0x63, 0x90, 0x63,
    0x27, 0x19, 0x27, 0x19, 0x91, 0x6b, 0x91, 0x6b, 0x90, 0x63, 0x90, 0x63, 0x91, 0x6b, 0x91, 0x6b, 0x91, 0x63, 0x91, 0x63, 0x90, 0x63, 0x90, 0x63,
    0x90, 0x63, 0x90, 0x63, 0x90, 0x63, 0x90, 0x63, 0x91, 0x63, 0x91, 0x63, 0x90, 0x63, 0x90, 0x63, 0x90, 0x63, 0x90, 0x63, 0x90, 0x63, 0x90, 0x63,
    0x91, 0x6b, 0x91, 0x6b, 0x91, 0x6b, 0x91, 0x6b, 0x91, 0x63, 0x91, 0x63, 0x91, 0x6b, 0x91, 0x6b, 0x0f, 0x53, 0x0f, 0x53, 0x90, 0x63, 0x90, 0x63,
    0x90, 0x63, 0x90, 0x63, 0x91, 0x63, 0x91, 0x63, 0x90, 0x63, 0x90, 0x63, 0x90, 0x63, 0x90, 0x63, 0x91, 0x6b, 0x91, 0x6b, 0x91, 0x6b, 0x91, 0x6b,
    0xb1, 0x6b, 0xb1, 0x6b, 0x33, 0x7c, 0x33, 0x7c, 0x77, 0xad, 0x77, 0xad, 0x63, 0x00, 0x63, 0x00, 0x87, 0x29, 0x87, 0x29, 0xb4, 0x94, 0xb4, 0x94,
    0xc4, 0x10, 0xc4, 0x10, 0xbb, 0xde, 0xbb, 0xde, 0x21, 0x00, 0x21, 0x00, 0x5d, 0xef, 0x5d, 0xef, 0xb4, 0x94, 0xb4, 0x94, 0x87, 0x29, 0x87, 0x29,
    0x62, 0x08, 0x62, 0x08, 0x0f, 0x5b, 0x0f, 0x5b, 0xc5, 0x10, 0xc5, 0x10, 0xc5, 0x08, 0xc5, 0x08, 0xe5, 0x10, 0xe5, 0x10, 0xe5, 0x10, 0xe5, 0x10,
    0xe5, 0x08, 0xe5, 0x08, 0xe5, 0x10, 0xe5, 0x10, 0xe5, 0x10, 0xe5, 0x10, 0xe5, 0x10, 0xe5, 0x10, 0xe5, 0x10, 0xe5, 0x10, 0xe5, 0x10, 0xe5, 0x10,
    0xe5, 0x10, 0xe5, 0x10, 0xe5, 0x08, 0xe5, 0x08, 0xe5, 0x10, 0xe5, 0x10, 0xc5, 0x10, 0xc5, 0x10, 0xe5, 0x08, 0xe5, 0x08, 0xc5, 0x08, 0xc5, 0x08,
    0xc5, 0x10, 0xc5, 0x10, 0x4b, 0x3a, 0x4b, 0x3a, 0x33, 0x7c, 0x33, 0x7c, 0xf2, 0x73, 0xf2, 0x73, 0xf2, 0x73, 0xf2, 0x73, 0x12, 0x74, 0x12, 0x74,
    0x12, 0x74, 0x12, 0x74, 0x53, 0x84, 0x53, 0x84, 0x33, 0x7c, 0x33, 0x7c, 0x33, 0x7c, 0x33, 0x7c, 0x33, 0x7c, 0x33, 0x7c, 0x33, 0x7c, 0x33, 0x7c,
    0x94, 0x8c, 0x94, 0x8c, 0xd5, 0x94, 0xd5, 0x94, 0xf5, 0x94, 0xf5, 0x94, 0xf5, 0x9c, 0xf5, 0x9c, 0xf5, 0x94, 0xf5, 0x94, 0x16, 0x9d, 0x16, 0x9d,
    0x16, 0x9d, 0x16, 0x9d, 0x16, 0x9d, 0x16, 0x9d, 0x16, 0x9d, 0x16, 0x9d, 0x36, 0xa5, 0x36, 0xa5, 0x94, 0x8c, 0x94, 0x8c, 0x57, 0xa5, 0x57, 0xa5,
    0x57, 0xa5, 0x57, 0xa5, 0x57, 0xa5, 0x57, 0xa5, 0x57, 0xa5, 0x57, 0xa5, 0x36, 0xa5, 0x36, 0xa5, 0x36, 0xa5, 0x36, 0xa5, 0x36, 0xa5, 0x36, 0xa5,
    0x57, 0xa5, 0x57, 0xa5, 0x57, 0xa5, 0x57, 0xa5, 0x16, 0x9d, 0x16, 0x9d, 0x16, 0x9d, 0x16, 0x9d, 0x74, 0x84, 0x74, 0x84, 0x12, 0x7c, 0x12, 0x7c,
    0xf2, 0x73, 0xf2, 0x73, 0x12, 0x74, 0x12, 0x74, 0x12, 0x74, 0x12, 0x74, 0xf2, 0x73, 0xf2, 0x73, 0xf5, 0x94, 0xf5, 0x94, 0xb8, 0xad, 0xb8, 0xad,
    0x62, 0x00, 0x62, 0x00, 0x4a, 0x42, 0x4a, 0x42, 0x46, 0x21, 0x46, 0x21, 0x21, 0x00, 0x21, 0x00, 0xd8, 0xbd, 0xd8, 0xbd, 0x97, 0xad, 0x97, 0xad,
    0xb0, 0x6b, 0xb0, 0x6b, 0x83, 0x08, 0x83, 0x08, 0x46, 0x21, 0x46, 0x21, 0xa4, 0x08, 0xa4, 0x08, 0x62, 0x08, 0x62, 0x08, 0x90, 0x63, 0x90, 0x63,
    0x27, 0x19, 0x27, 0x19, 0x91, 0x6b, 0x91, 0x6b, 0x90, 0x63, 0x90, 0x63, 0x91, 0x6b, 0x91, 0x6b, 0x91, 0x63, 0x91, 0x63, 0x90, 0x63, 0x90, 0x63,
    0x90, 0x63, 0x90, 0x63, 0x90, 0x63, 0x90, 0x63, 0x91, 0x63, 0x91, 0x63, 0x90, 0x63, 0x90, 0x63, 0x90, 0x63, 0x90, 0x63, 0x90, 0x63, 0x90, 0x63,
    0x91, 0x6b, 0x91, 0x6b, 0x91, 0x6b, 0x91, 0x6b, 0x91, 0x63, 0x91, 0x63, 0x91, 0x6b, 0x91, 0x6b, 0x0f, 0x53, 0x0f, 0x53, 0x90, 0x63, 0x90, 0x63,
    0x90, 0x63, 0x90, 0x63, 0x91, 0x63, 0x91, 0x63, 0x90, 0x63, 0x90, 0x63, 0x90, 0x63, 0x90, 0x63, 0x91, 0x6b, 0x91, 0x6b, 0x91, 0x6b, 0x91, 0x6b,
    0xb1, 0x6b, 0xb1, 0x6b, 0x33, 0x7c, 0x33, 0x7c, 0x77, 0xad, 0x77, 0xad, 0x63, 0x00, 0x63, 0x00, 0x87, 0x29, 0x87, 0x29, 0xb4, 0x94, 0xb4, 0x94,
    0xc4, 0x10, 0xc4, 0x10, 0xbb, 0xde, 0xbb, 0xde, 0x21, 0x00, 0x21, 0x00, 0x5d, 0xef, 0x5d, 0xef, 0xb4, 0x94, 0xb4, 0x94, 0x87, 0x29, 0x87, 0x29,
    0x62, 0x08, 0x62, 0x08, 0x0f, 0x5b, 0x0f, 0x5b, 0xc5, 0x10, 0xc5, 0x10, 0xc5, 0x08, 0xc5, 0x08, 0xe5, 0x10, 0xe5, 0x10, 0xe5, 0x10, 0xe5, 0x10,
    0xe5, 0x08, 0xe5, 0x08, 0xe5, 0x10, 0xe5, 0x10, 0xe5, 0x10, 0xe5, 0x10, 0xe5, 0x10, 0xe5, 0x10, 0xe5, 0x10, 0xe5, 0x10, 0xe5, 0x10, 0xe5, 0x10,
    0xe5, 0x08, 0xe5, 0x08, 0xe5, 0x08, 0xe5, 0x08, 0xc5, 0x08, 0xc5, 0x08, 0xe5, 0x10, 0xe5, 0x10, 0xc5, 0x10, 0xc5, 0x10, 0xe5, 0x08, 0xe5, 0x08,
    0xc5, 0x10, 0xc5, 0x10, 0xe6, 0x10, 0xe6, 0x10, 0x0b, 0x32, 0x0b, 0x32, 0x12, 0x74, 0x12, 0x74, 0xf2, 0x73, 0xf2, 0x73, 0x12, 0x74, 0x12, 0x74,
    0xf2, 0x73, 0xf2, 0x73, 0x53, 0x84, 0x53, 0x84, 0x33, 0x7c, 0x33, 0x7c, 0x33, 0x7c, 0x33, 0x7c, 0x33, 0x7c, 0x33, 0x7c, 0x33, 0x7c, 0x33, 0x7c,
    0x33, 0x7c, 0x33, 0x7c, 0x33, 0x7c, 0x33, 0x7c, 0x33, 0x7c, 0x33, 0x7c, 0x33, 0x7c, 0x33, 0x7c, 0x33, 0x7c, 0x33, 0x7c, 0x33, 0x7c, 0x33, 0x7c,
    0x33, 0x7c, 0x33, 0x7c, 0x33, 0x7c, 0x33, 0x7c, 0x53, 0x84, 0x53, 0x84, 0x53, 0x84, 0x53, 0x84, 0x3a, 0xc6, 0x3a, 0xc6, 0x94, 0x8c, 0x94, 0x8c,
    0x94, 0x8c, 0x94, 0x8c, 0x94, 0x8c, 0x94, 0x8c, 0x94, 0x8c, 0x94, 0x8c, 0x94, 0x8c, 0x94, 0x8c, 0x94, 0x8c, 0x94, 0x8c, 0x94, 0x8c, 0x94, 0x8c,
    0x94, 0x8c, 0x94, 0x8c, 0x94, 0x8c, 0x94, 0x8c, 0x94, 0x8c, 0x94, 0x8c, 0x12, 0x7c, 0x12, 0x7c, 0xf2, 0x73, 0xf2, 0x73, 0xf2, 0x73, 0xf2, 0x73,
    0xf2, 0x73, 0xf2, 0x73, 0x12, 0x7c, 0x12, 0x7c, 0x12, 0x7c, 0x12, 0x7c, 0xf2, 0x73, 0xf2, 0x73, 0xf5, 0x9c, 0xf5, 0x9c, 0xb1, 0x6b, 0xb1, 0x6b,
    0xe5, 0x10, 0xe5, 0x10, 0x46, 0x21, 0x46, 0x21, 0x83, 0x08, 0x83, 0x08, 0x63, 0x08, 0x63, 0x08, 0x5d, 0xef, 0x5d, 0xef, 0xb8, 0xb5, 0xb8, 0xb5,
    0x88, 0x21, 0x88, 0x21, 0x2f, 0x5b, 0x2f, 0x5b, 0x06, 0x19, 0x06, 0x19, 0x88, 0x29, 0x88, 0x29, 0x62, 0x08, 0x62, 0x08, 0x90, 0x63, 0x90, 0x63,
    0x68, 0x21, 0x68, 0x21, 0x91, 0x6b, 0x91, 0x6b, 0x90, 0x63, 0x90, 0x63, 0x90, 0x6b, 0x90, 0x6b, 0x90, 0x6b, 0x90, 0x6b, 0x91, 0x6b, 0x91, 0x6b,
    0x91, 0x6b, 0x91, 0x6b, 0x91, 0x6b, 0x91, 0x6b, 0x91, 0x6b, 0x91, 0x6b, 0x90, 0x63, 0x90, 0x63, 0x90, 0x63, 0x90, 0x63, 0x91, 0x6b, 0x91, 0x6b,
    0xb1, 0x6b, 0xb1, 0x6b, 0x91, 0x6b, 0x91, 0x6b, 0xb1, 0x6b, 0xb1, 0x6b, 0xf2, 0x73, 0xf2, 0x73, 0x4f, 0x5b, 0x4f, 0x5b, 0x12, 0x7c, 0x12, 0x7c,
    0x33, 0x7c, 0x33, 0x7c, 0x33, 0x84, 0x33, 0x84, 0x33, 0x7c, 0x33, 0x7c, 0x33, 0x7c, 0x33, 0x7c, 0xb4, 0x8c, 0xb4, 0x8c, 0x16, 0x9d, 0x16, 0x9d,
    0xf5, 0x9c, 0xf5, 0x9c, 0x33, 0x7c, 0x33, 0x7c, 0x70, 0x63, 0x70, 0x63, 0x06, 0x11, 0x06, 0x11, 0x88, 0x29, 0x88, 0x29, 0xd5, 0x94, 0xd5, 0x94,
    0xf5, 0x9c, 0xf5, 0x9c, 0xf2, 0x7b, 0xf2, 0x7b, 0xcd, 0x4a, 0xcd, 0x4a, 0x94, 0x8c, 0x94, 0x8c, 0x27, 0x19, 0x27, 0x19, 0x67, 0x21, 0x67, 0x21,
    0x63, 0x08, 0x63, 0x08, 0x88, 0x21, 0x88, 0x21, 0xe5, 0x10, 0xe5, 0x10, 0xe5, 0x10, 0xe5, 0x10, 0xe5, 0x10, 0xe5, 0x10, 0xe5, 0x10, 0xe5, 0x10,
    0xe5, 0x08, 0xe5, 0x08, 0xe5, 0x10, 0xe5, 0x10, 0xe5, 0x10, 0xe5, 0x10, 0xe5, 0x10, 0xe5, 0x10, 0xe6, 0x10, 0xe6, 0x10, 0xe5, 0x10, 0xe5, 0x10,
    0xe5, 0x08, 0xe5, 0x08, 0xe5, 0x08, 0xe5, 0x08, 0xc5, 0x08, 0xc5, 0x08, 0xe5, 0x10, 0xe5, 0x10, 0xc5, 0x10, 0xc5, 0x10, 0xe5, 0x08, 0xe5, 0x08,
    0xc5, 0x10, 0xc5, 0x10, 0xe6, 0x10, 0xe6, 0x10, 0x0b, 0x32, 0x0b, 0x32, 0x12, 0x74, 0x12, 0x74, 0xf2, 0x73, 0xf2, 0x73, 0x12, 0x74, 0x12, 0x74,
    0xf2, 0x73, 0xf2, 0x73, 0x53, 0x84, 0x53, 0x84, 0x33, 0x7c, 0x33, 0x7c, 0x33, 0x7c, 0x33, 0x7c, 0x33, 0x7c, 0x33, 0x7c, 0x33, 0x7c, 0x33, 0x7c,
    0x33, 0x7c, 0x33, 0x7c, 0x33, 0x7c, 0x33, 0x7c, 0x33, 0x7c, 0x33, 0x7c, 0x33, 0x7c, 0x33, 0x7c, 0x33, 0x7c, 0x33, 0x7c, 0x33, 0x7c, 0x33, 0x7c,
    0x33, 0x7c, 0x33, 0x7c, 0x33, 0x7c, 0x33, 0x7c, 0x53, 0x84, 0x53, 0x84, 0x53, 0x84, 0x53, 0x84, 0x3a, 0xc6, 0x3a, 0xc6, 0x94, 0x8c, 0x94, 0x8c,
    0x94, 0x8c, 0x94, 0x8c, 0x94, 0x8c, 0x94, 0x8c, 0x94, 0x8c, 0x94, 0x8c, 0x94, 0x8c, 0x94, 0x8c, 0x94, 0x8c, 0x94, 0x8c, 0x94, 0x8c, 0x94, 0x8c,
    0x94, 0x8c, 0x94, 0x8c, 0x94, 0x8c, 0x94, 0x8c, 0x94, 0x8c, 0x94, 0x8c, 0x12, 0x7c, 0x12, 0x7c, 0xf2, 0x73, 0xf2, 0x73, 0xf2, 0x73, 0xf2, 0x73,
    0xf2, 0x73, 0xf2, 0x73, 0x12, 0x7c, 0x12, 0x7c, 0x12, 0x7c, 0x12, 0x7c, 0xf2, 0x73, 0xf2, 0x73, 0xf5, 0x9c, 0xf5, 0x9c, 0xb1, 0x6b, 0xb1, 0x6b,
    0xe5, 0x10, 0xe5, 0x10, 0x46, 0x21, 0x46, 0x21, 0x83, 0x08, 0x83, 0x08, 0x63, 0x08, 0x63, 0x08, 0x5d, 0xef, 0x5d, 0xef, 0xb8, 0xb5, 0xb8, 0xb5,
    0x88, 0x21, 0x88, 0x21, 0x2f, 0x5b, 0x2f, 0x5b, 0x06, 0x19, 0x06, 0x19, 0x88, 0x29, 0x88, 0x29, 0x62, 0x08, 0x62, 0x08, 0x90, 0x63, 0x90, 0x63,
    0x68, 0x21, 0x68, 0x21, 0x91, 0x6b, 0x91, 0x6b, 0x90, 0x63, 0x90, 0x63, 0x90, 0x6b, 0x90, 0x6b, 0x90, 0x6b, 0x90, 0x6b, 0x91, 0x6b, 0x91, 0x6b,
    0x91, 0x6b, 0x91, 0x6b, 0x91, 0x6b, 0x91, 0x6b, 0x91, 0x6b, 0x91, 0x6b, 0x90, 0x63, 0x90, 0x63, 0x90, 0x63, 0x90, 0x63, 0x91, 0x6b, 0x91, 0x6b,
    0xb1, 0x6b, 0xb1, 0x6b, 0x91, 0x6b, 0x91, 0x6b, 0xb1, 0x6b, 0xb1, 0x6b, 0xf2, 0x73, 0xf2, 0x73, 0x4f, 0x5b, 0x4f, 0x5b, 0x12, 0x7c, 0x12, 0x7c,
    0x33, 0x7c, 0x33, 0x7c, 0x33, 0x84, 0x33, 0x84, 0x33, 0x7c, 0x33, 0x7c, 0x33, 0x7c, 0x33, 0x7c, 0xb4, 0x8c, 0xb4, 0x8c, 0x16, 0x9d, 0x16, 0x9d,
    0xf5, 0x9c, 0xf5, 0x9c, 0x33, 0x7c, 0x33, 0x7c, 0x70, 0x63, 0x70, 0x63, 0x06, 0x11, 0x06, 0x11, 0x88, 0x29, 0x88, 0x29, 0xd5, 0x94, 0xd5, 0x94,
    0xf5, 0x9c, 0xf5, 0x9c, 0xf2, 0x7b, 0xf2, 0x7b, 0xcd, 0x4a, 0xcd, 0x4a, 0x94, 0x8c, 0x94, 0x8c, 0x27, 0x19, 0x27, 0x19, 0x67, 0x21, 0x67, 0x21,
    0x63, 0x08, 0x63, 0x08, 0x88, 0x21, 0x88, 0x21, 0xe5, 0x10, 0xe5, 0x10, 0xe5, 0x10, 0xe5, 0x10, 0xe5, 0x10, 0xe5, 0x10, 0xe5, 0x10, 0xe5, 0x10,
    0xe5, 0x08, 0xe5, 0x08, 0xe5, 0x10, 0xe5, 0x10, 0xe5, 0x10, 0xe5, 0x10, 0xe5, 0x10, 0xe5, 0x10, 0xe6, 0x10, 0xe6, 0x10, 0xe5, 0x10, 0xe5, 0x10,
    0xc5, 0x08, 0xc5, 0x08, 0xe5, 0x10, 0xe5, 0x10, 0xc5, 0x10, 0xc5, 0x10, 0xe5, 0x10, 0xe5, 0x10, 0xe5, 0x10, 0xe5, 0x10, 0xe5, 0x10, 0xe5, 0x10,
    0xe5, 0x08, 0xe5, 0x08, 0xc5, 0x10, 0xc5, 0x10, 0xa4, 0x08, 0xa4, 0x08, 0x83, 0x08, 0x83, 0x08, 0x63, 0x08, 0x63, 0x08, 0x83, 0x08, 0x83, 0x08,
    0x32, 0x7c, 0x32, 0x7c, 0xa4, 0x08, 0xa4, 0x08, 0xa4, 0x08, 0xa4, 0x08, 0xc9, 0x29, 0xc9, 0x29, 0x8d, 0x42, 0x8d, 0x42, 0xcd, 0x4a, 0xcd, 0x4a,
    0x53, 0x84, 0x53, 0x84, 0x53, 0x84, 0x53, 0x84, 0x53, 0x84, 0x53, 0x84, 0x53, 0x84, 0x53, 0x84, 0x73, 0x84, 0x73, 0x84, 0x73, 0x84, 0x73, 0x84,
    0x12, 0x7c, 0x12, 0x7c, 0x33, 0x7c, 0x33, 0x7c, 0x53, 0x84, 0x53, 0x84, 0x33, 0x7c, 0x33, 0x7c, 0x73, 0x84, 0x73, 0x84, 0x74, 0x8c, 0x74, 0x8c,
    0x94, 0x8c, 0x94, 0x8c, 0x74, 0x84, 0x74, 0x84, 0x94, 0x8c, 0x94, 0x8c, 0x94, 0x8c, 0x94, 0x8c, 0x94, 0x8c, 0x94, 0x8c, 0x94, 0x8c, 0x94, 0x8c,
    0x94, 0x8c, 0x94, 0x8c, 0x94, 0x8c, 0x94, 0x8c, 0x73, 0x84, 0x73, 0x84, 0x32, 0x7c, 0x32, 0x7c, 0x12, 0x7c, 0x12, 0x7c, 0x12, 0x7c, 0x12, 0x7c,
    0x70, 0x63, 0x70, 0x63, 0x70, 0x63, 0x70, 0x63, 0x70, 0x63, 0x70, 0x63, 0x12, 0x7c, 0x12, 0x7c, 0x94, 0x8c, 0x94, 0x8c, 0x2f, 0x5b, 0x2f, 0x5b,
    0x09, 0x3a, 0x09, 0x3a, 0x46, 0x21, 0x46, 0x21, 0x01, 0x00, 0x01, 0x00, 0xe5, 0x10, 0xe5, 0x10, 0x2f, 0x53, 0x2f, 0x53, 0x97, 0xad, 0x97, 0xad,
    0x62, 0x08, 0x62, 0x08, 0xfb, 0xe6, 0xfb, 0xe6, 0x4b, 0x3a, 0x4b, 0x3a, 0x47, 0x21, 0x47, 0x21, 0x62, 0x08, 0x62, 0x08, 0x2f, 0x5b, 0x2f, 0x5b,
    0x89, 0x21, 0x89, 0x21, 0x91, 0x6b, 0x91, 0x6b, 0x91, 0x63, 0x91, 0x63, 0x91, 0x6b, 0x91, 0x6b, 0x33, 0x7c, 0x33, 0x7c, 0x12, 0x7c, 0x12, 0x7c,
    0x12, 0x7c, 0x12, 0x7c, 0x32, 0x7c, 0x32, 0x7c, 0x32, 0x7c, 0x32, 0x7c, 0x12, 0x7c, 0x12, 0x7c, 0xf2, 0x73, 0xf2, 0x73, 0xb4, 0x8c, 0xb4, 0x8c,
    0x36, 0xa5, 0x36, 0xa5, 0x36, 0xa5, 0x36, 0xa5, 0x36, 0xa5, 0x36, 0xa5, 0x56, 0xa5, 0x56, 0xa5, 0x36, 0x9d, 0x36, 0x9d, 0x36, 0xa5, 0x36, 0xa5,
    0x77, 0xad, 0x77, 0xad, 0xd8, 0xb5, 0xd8, 0xb5, 0x3a, 0xc6, 0x3a, 0xc6, 0xb8, 0xb5, 0xb8, 0xb5, 0x53, 0x84, 0x53, 0x84, 0x12, 0x7c, 0x12, 0x7c,
    0x50, 0x5b, 0x50, 0x5b, 0x90, 0x63, 0x90, 0x63, 0x91, 0x63, 0x91, 0x63, 0x05, 0x11, 0x05, 0x11, 0x46, 0x19, 0x46, 0x19, 0xd5, 0x94, 0xd5, 0x94,
    0xd5, 0x94, 0xd5, 0x94, 0x00, 0x00, 0x00, 0x00, 0x7a, 0xce, 0x7a, 0xce, 0x8b, 0x4a, 0x8b, 0x4a, 0x32, 0x7c, 0x32, 0x7c, 0x26, 0x19, 0x26, 0x19,
    0x62, 0x08, 0x62, 0x08, 0xe5, 0x10, 0xe5, 0x10, 0xe5, 0x08, 0xe5, 0x08, 0xe5, 0x10, 0xe5, 0x10, 0xe5, 0x10, 0xe5, 0x10, 0xe5, 0x08, 0xe5, 0x08,
    0xe5, 0x10, 0xe5, 0x10, 0xe5, 0x10, 0xe5, 0x10, 0xe5, 0x10, 0xe5, 0x10, 0xe5, 0x10, 0xe5, 0x10, 0xe5, 0x10, 0xe5, 0x10, 0xe5, 0x10, 0xe5, 0x10,
    0xc5, 0x08, 0xc5, 0x08, 0xe5, 0x10, 0xe5, 0x10, 0xc5, 0x10, 0xc5, 0x10, 0xe5, 0x10, 0xe5, 0x10, 0xe5, 0x10, 0xe5, 0x10, 0xe5, 0x10, 0xe5, 0x10,
    0xe5, 0x08, 0xe5, 0x08, 0xc5, 0x10, 0xc5, 0x10, 0xa4, 0x08, 0xa4, 0x08, 0x83, 0x08, 0x83, 0x08, 0x63, 0x08, 0x63, 0x08, 0x83, 0x08, 0x83, 0x08,
    0x32, 0x7c, 0x32, 0x7c, 0xa4, 0x08, 0xa4, 0x08, 0xa4, 0x08, 0xa4, 0x08, 0xc9, 0x29, 0xc9, 0x29, 0x8d, 0x42, 0x8d, 0x42, 0xcd, 0x4a, 0xcd, 0x4a,
    0x53, 0x84, 0x53, 0x84, 0x53, 0x84, 0x53, 0x84, 0x53, 0x84, 0x53, 0x84, 0x53, 0x84, 0x53, 0x84, 0x73, 0x84, 0x73, 0x84, 0x73, 0x84, 0x73, 0x84,
    0x12, 0x7c, 0x12, 0x7c, 0x33, 0x7c, 0x33, 0x7c, 0x53, 0x84, 0x53, 0x84, 0x33, 0x7c, 0x33, 0x7c, 0x73, 0x84, 0x73, 0x84, 0x74, 0x8c, 0x74, 0x8c,
    0x94, 0x8c, 0x94, 0x8c, 0x74, 0x84, 0x74, 0x84, 0x94, 0x8c, 0x94, 0x8c, 0x94, 0x8c, 0x94, 0x8c, 0x94, 0x8c, 0x94, 0x8c, 0x94, 0x8c, 0x94, 0x8c,
    0x94, 0x8c, 0x94, 0x8c, 0x94, 0x8c, 0x94, 0x8c, 0x73, 0x84, 0x73, 0x84, 0x32, 0x7c, 0x32, 0x7c, 0x12, 0x7c, 0x12, 0x7c, 0x12, 0x7c, 0x12, 0x7c,
    0x70, 0x63, 0x70, 0x63, 0x70, 0x63, 0x70, 0x63, 0x70, 0x63, 0x70, 0x63, 0x12, 0x7c, 0x12, 0x7c, 0x94, 0x8c, 0x94, 0x8c, 0x2f, 0x5b, 0x2f, 0x5b,
    0x09, 0x3a, 0x09, 0x3a, 0x46, 0x21, 0x46, 0x21, 0x01, 0x00, 0x01, 0x00, 0xe5, 0x10, 0xe5, 0x10, 0x2f, 0x53, 0x2f, 0x53, 0x97, 0xad, 0x97, 0xad,
    0x62, 0x08, 0x62, 0x08, 0xfb, 0xe6, 0xfb, 0xe6, 0x4b, 0x3a, 0x4b, 0x3a, 0x47, 0x21, 0x47, 0x21, 0x62, 0x08, 0x62, 0x08, 0x2f, 0x5b, 0x2f, 0x5b,
    0x89, 0x21, 0x89, 0x21, 0x91, 0x6b, 0x91, 0x6b, 0x91, 0x63, 0x91, 0x63, 0x91, 0x6b, 0x91, 0x6b, 0x33, 0x7c, 0x33, 0x7c, 0x12, 0x7c, 0x12, 0x7c,
    0x12, 0x7c, 0x12, 0x7c, 0x32, 0x7c, 0x32, 0x7c, 0x32, 0x7c, 0x32, 0x7c, 0x12, 0x7c, 0x12, 0x7c, 0xf2, 0x73, 0xf2, 0x73, 0xb4, 0x8c, 0xb4, 0x8c,
    0x36, 0xa5, 0x36, 0xa5, 0x36, 0xa5, 0x36, 0xa5, 0x36, 0xa5, 0x36, 0xa5, 0x56, 0xa5, 0x56, 0xa5, 0x36, 0x9d, 0x36, 0x9d, 0x36, 0xa5, 0x36, 0xa5,
    0x77, 0xad, 0x77, 0xad, 0xd8, 0xb5, 0xd8, 0xb5, 0x3a, 0xc6, 0x3a, 0xc6, 0xb8, 0xb5, 0xb8, 0xb5, 0x53, 0x84, 0x53, 0x84, 0x12, 0x7c, 0x12, 0x7c,
    0x50, 0x5b, 0x50, 0x5b, 0x90, 0x63, 0x90, 0x63, 0x91, 0x63, 0x91, 0x63, 0x05, 0x11, 0x05, 0x11, 0x46, 0x19, 0x46, 0x19, 0xd5, 0x94, 0xd5, 0x94,
    0xd5, 0x94, 0xd5, 0x94, 0x00, 0x00, 0x00, 0x00, 0x7a, 0xce, 0x7a, 0xce, 0x8b, 0x4a, 0x8b, 0x4a, 0x32, 0x7c, 0x32, 0x7c, 0x26, 0x19, 0x26, 0x19,
    0x62, 0x08, 0x62, 0x08, 0xe5, 0x10, 0xe5, 0x10, 0xe5, 0x08, 0xe5, 0x08, 0xe5, 0x10, 0xe5, 0x10, 0xe5, 0x10, 0xe5, 0x10, 0xe5, 0x08, 0xe5, 0x08,
    0xe5, 0x10, 0xe5, 0x10, 0xe5, 0x10, 0xe5, 0x10, 0xe5, 0x10, 0xe5, 0x10, 0xe5, 0x10, 0xe5, 0x10, 0xe5, 0x10, 0xe5, 0x10, 0xe5, 0x10, 0xe5, 0x10,
    0xc5, 0x08, 0xc5, 0x08, 0xe5, 0x10, 0xe5, 0x10, 0xe5, 0x08, 0xe5, 0x08, 0xe5, 0x08, 0xe5, 0x08, 0xe5, 0x10, 0xe5, 0x10, 0xe5, 0x08, 0xe5, 0x08,
    0xc5, 0x10, 0xc5, 0x10, 0xe5, 0x10, 0xe5, 0x10, 0x4f, 0x5b, 0x4f, 0x5b, 0xa9, 0x29, 0xa9, 0x29, 0x83, 0x08, 0x83, 0x08, 0x87, 0x29, 0x87, 0x29,
    0xe6, 0x10, 0xe6, 0x10, 0xc9, 0x29, 0xc9, 0x29, 0x62, 0x08, 0x62, 0x08, 0x63, 0x08, 0x63, 0x08, 0x83, 0x08, 0x83, 0x08, 0x63, 0x08, 0x63, 0x08,
    0x63, 0x08, 0x63, 0x08, 0x63, 0x08, 0x63, 0x08, 0x63, 0x08, 0x63, 0x08, 0x63, 0x08, 0x63, 0x08, 0x83, 0x08, 0x83, 0x08, 0x63, 0x08, 0x63, 0x08,
    0x83, 0x08, 0x83, 0x08, 0x63, 0x08, 0x63, 0x08, 0x83, 0x08, 0x83, 0x08, 0x83, 0x08, 0x83, 0x08, 0x12, 0x7c, 0x12, 0x7c, 0xea, 0x31, 0xea, 0x31,
    0x83, 0x08, 0x83, 0x08, 0x63, 0x08, 0x63, 0x08, 0x83, 0x08, 0x83, 0x08, 0x63, 0x08, 0x63, 0x08, 0x83, 0x08, 0x83, 0x08, 0x83, 0x08, 0x83, 0x08,
    0x46, 0x21, 0x46, 0x21, 0x2a, 0x42, 0x2a, 0x42, 0xc4, 0x08, 0xc4, 0x08, 0xe5, 0x10, 0xe5, 0x10, 0x4c, 0x3a, 0x4c, 0x3a, 0x70, 0x63, 0x70, 0x63,
    0x70, 0x63, 0x70, 0x63, 0x70, 0x63, 0x70, 0x63, 0x90, 0x63, 0x90, 0x63, 0x12, 0x7c, 0x12, 0x7c, 0x73, 0x84, 0x73, 0x84, 0x83, 0x08, 0x83, 0x08,
    0xa8, 0x29, 0xa8, 0x29, 0x62, 0x00, 0x62, 0x00, 0x36, 0xa5, 0x36, 0xa5, 0x56, 0xa5, 0x56, 0xa5, 0x2b, 0x3a, 0x2b, 0x3a, 0x73, 0x84, 0x73, 0x84,
    0x5d, 0xef, 0x5d, 0xef, 0x93, 0x8c, 0x93, 0x8c, 0x94, 0x8c, 0x94, 0x8c, 0x06, 0x19, 0x06, 0x19, 0x63, 0x08, 0x63, 0x08, 0x4f, 0x5b, 0x4f, 0x5b,
    0xea, 0x31, 0xea, 0x31, 0xd5, 0x94, 0xd5, 0x94, 0x36, 0xa5, 0x36, 0xa5, 0x36, 0xa5, 0x36, 0xa5, 0x57, 0xa5, 0x57, 0xa5, 0x57, 0xa5, 0x57, 0xa5,
    0x57, 0xa5, 0x57, 0xa5, 0x57, 0xa5, 0x57, 0xa5, 0x97, 0xad, 0x97, 0xad, 0xb8, 0xb5, 0xb8, 0xb5, 0xb8, 0xb5, 0xb8, 0xb5, 0xd8, 0xbd, 0xd8, 0xbd,
    0xf1, 0x73, 0xf1, 0x73, 0x4f, 0x5b, 0x4f, 0x5b, 0x4f, 0x5b, 0x4f, 0x5b, 0x50, 0x5b, 0x50, 0x5b, 0x50, 0x5b, 0x50, 0x5b, 0x50, 0x63, 0x50, 0x63,
    0x4f, 0x5b, 0x4f, 0x5b, 0x2f, 0x5b, 0x2f, 0x5b, 0x2f, 0x5b, 0x2f, 0x5b, 0x4f, 0x5b, 0x4f, 0x5b, 0x50, 0x5b, 0x50, 0x5b, 0x70, 0x63, 0x70, 0x63,
    0x70, 0x63, 0x70, 0x63, 0x77, 0xad, 0x77, 0xad, 0xee, 0x52, 0xee, 0x52, 0x67, 0x29, 0x67, 0x29, 0x46, 0x19, 0x46, 0x19, 0xc4, 0x08, 0xc4, 0x08,
    0x2a, 0x3a, 0x2a, 0x3a, 0xb4, 0x8c, 0xb4, 0x8c, 0xa5, 0x10, 0xa5, 0x10, 0x00, 0x00, 0x00, 0x00, 0x98, 0xad, 0x98, 0xad, 0x26, 0x19, 0x26, 0x19,
    0xa4, 0x08, 0xa4, 0x08, 0xe5, 0x08, 0xe5, 0x08, 0xe5, 0x10, 0xe5, 0x10, 0xe5, 0x08, 0xe5, 0x08, 0xe5, 0x10, 0xe5, 0x10, 0xc5, 0x08, 0xc5, 0x08,
    0xe5, 0x08, 0xe5, 0x08, 0xe5, 0x10, 0xe5, 0x10, 0xe5, 0x10, 0xe5, 0x10, 0xe5, 0x10, 0xe5, 0x10, 0xe5, 0x10, 0xe5, 0x10, 0xe5, 0x08, 0xe5, 0x08,
    0xc5, 0x08, 0xc5, 0x08, 0xe5, 0x10, 0xe5, 0x10, 0xe5, 0x08, 0xe5, 0x08, 0xe5, 0x08, 0xe5, 0x08, 0xe5, 0x10, 0xe5, 0x10, 0xe5, 0x08, 0xe5, 0x08,
    0xc5, 0x10, 0xc5, 0x10, 0xe5, 0x10, 0xe5, 0x10, 0x4f, 0x5b, 0x4f, 0x5b, 0xa9, 0x29, 0xa9, 0x29, 0x83, 0x08, 0x83, 0x08, 0x87, 0x29, 0x87, 0x29,
    0xe6, 0x10, 0xe6, 0x10, 0xc9, 0x29, 0xc9, 0x29, 0x62, 0x08, 0x62, 0x08, 0x63, 0x08, 0x63, 0x08, 0x83, 0x08, 0x83, 0x08, 0x63, 0x08, 0x63, 0x08,
    0x63, 0x08, 0x63, 0x08, 0x63, 0x08, 0x63, 0x08, 0x63, 0x08, 0x63, 0x08, 0x63, 0x08, 0x63, 0x08, 0x83, 0x08, 0x83, 0x08, 0x63, 0x08, 0x63, 0x08,
    0x83, 0x08, 0x83, 0x08, 0x63, 0x08, 0x63, 0x08, 0x83, 0x08, 0x83, 0x08, 0x83, 0x08, 0x83, 0x08, 0x12, 0x7c, 0x12, 0x7c, 0xea, 0x31, 0xea, 0x31,
    0x83, 0x08, 0x83, 0x08, 0x63, 0x08, 0x63, 0x08, 0x83, 0x08, 0x83, 0x08, 0x63, 0x08, 0x63, 0x08, 0x83, 0x08, 0x83, 0x08, 0x83, 0x08, 0x83, 0x08,
    0x46, 0x21, 0x46, 0x21, 0x2a, 0x42, 0x2a, 0x42, 0xc4, 0x08, 0xc4, 0x08, 0xe5, 0x10, 0xe5, 0x10, 0x4c, 0x3a, 0x4c, 0x3a, 0x70, 0x63, 0x70, 0x63,
    0x70, 0x63, 0x70, 0x63, 0x70, 0x63, 0x70, 0x63, 0x90, 0x63, 0x90, 0x63, 0x12, 0x7c, 0x12, 0x7c, 0x73, 0x84, 0x73, 0x84, 0x83, 0x08, 0x83, 0x08,
    0xa8, 0x29, 0xa8, 0x29, 0x62, 0x00, 0x62, 0x00, 0x36, 0xa5, 0x36, 0xa5, 0x56, 0xa5, 0x56, 0xa5, 0x2b, 0x3a, 0x2b, 0x3a, 0x73, 0x84, 0x73, 0x84,
    0x5d, 0xef, 0x5d, 0xef, 0x93, 0x8c, 0x93, 0x8c, 0x94, 0x8c, 0x94, 0x8c, 0x06, 0x19, 0x06, 0x19, 0x63, 0x08, 0x63, 0x08, 0x4f, 0x5b, 0x4f, 0x5b,
    0xea, 0x31, 0xea, 0x31, 0xd5, 0x94, 0xd5, 0x94, 0x36, 0xa5, 0x36, 0xa5, 0x36, 0xa5, 0x36, 0xa5, 0x57, 0xa5, 0x57, 0xa5, 0x57, 0xa5, 0x57, 0xa5,
    0x57, 0xa5, 0x57, 0xa5, 0x57, 0xa5, 0x57, 0xa5, 0x97, 0xad, 0x97, 0xad, 0xb8, 0xb5, 0xb8, 0xb5, 0xb8, 0xb5, 0xb8, 0xb5, 0xd8, 0xbd, 0xd8, 0xbd,
    0xf1, 0x73, 0xf1, 0x73, 0x4f, 0x5b, 0x4f, 0x5b, 0x4f, 0x5b, 0x4f, 0x5b, 0x50, 0x5b, 0x50, 0x5b, 0x50, 0x5b, 0x50, 0x5b, 0x50, 0x63, 0x50, 0x63,
    0x4f, 0x5b, 0x4f, 0x5b, 0x2f, 0x5b, 0x2f, 0x5b, 0x2f, 0x5b, 0x2f, 0x5b, 0x4f, 0x5b, 0x4f, 0x5b, 0x50, 0x5b, 0x50, 0x5b, 0x70, 0x63, 0x70, 0x63,
    0x70, 0x63, 0x70, 0x63, 0x77, 0xad, 0x77, 0xad, 0xee, 0x52, 0xee, 0x52, 0x67, 0x29, 0x67, 0x29, 0x46, 0x19, 0x46, 0x19, 0xc4, 0x08, 0xc4, 0x08,
    0x2a, 0x3a, 0x2a, 0x3a, 0xb4, 0x8c, 0xb4, 0x8c, 0xa5, 0x10, 0xa5, 0x10, 0x00, 0x00, 0x00, 0x00, 0x98, 0xad, 0x98, 0xad, 0x26, 0x19, 0x26, 0x19,
    0xa4, 0x08, 0xa4, 0x08, 0xe5, 0x08, 0xe5, 0x08, 0xe5, 0x10, 0xe5, 0x10, 0xe5, 0x08, 0xe5, 0x08, 0xe5, 0x10, 0xe5, 0x10, 0xc5, 0x08, 0xc5, 0x08,
    0xe5, 0x08, 0xe5, 0x08, 0xe5, 0x10, 0xe5, 0x10, 0xe5, 0x10, 0xe5, 0x10, 0xe5, 0x10, 0xe5, 0x10, 0xe5, 0x10, 0xe5, 0x10, 0xe5, 0x08, 0xe5, 0x08,
    0xe6, 0x10, 0xe6, 0x10, 0xe5, 0x10, 0xe5, 0x10, 0xe5, 0x10, 0xe5, 0x10, 0xe5, 0x08, 0xe5, 0x08, 0xe5, 0x10, 0xe5, 0x10, 0xe5, 0x08, 0xe5, 0x08,
    0xe5, 0x10, 0xe5, 0x10, 0xe5, 0x10, 0xe5, 0x10, 0xc4, 0x10, 0xc4, 0x10, 0xe5, 0x10, 0xe5, 0x10, 0x63, 0x00, 0x63, 0x00, 0x0a, 0x3a, 0x0a, 0x3a,
    0xe4, 0x10, 0xe4, 0x10, 0xb1, 0x73, 0xb1, 0x73, 0x83, 0x08, 0x83, 0x08, 0x62, 0x08, 0x62, 0x08, 0x83, 0x08, 0x83, 0x08, 0x83, 0x08, 0x83, 0x08,
    0x62, 0x00, 0x62, 0x00, 0x62, 0x00, 0x62, 0x00, 0x42, 0x00, 0x42, 0x00, 0x63, 0x00, 0x63, 0x00, 0xc5, 0x10, 0xc5, 0x10, 0x46, 0x21, 0x46, 0x21,
    0xe9, 0x31, 0xe9, 0x31, 0xe9, 0x39, 0xe9, 0x39, 0xc8, 0x31, 0xc8, 0x31, 0xac, 0x42, 0xac, 0x42, 0x2f, 0x5b, 0x2f, 0x5b, 0x63, 0x08, 0x63, 0x08,
    0x42, 0x00, 0x42, 0x00, 0x42, 0x00, 0x42, 0x00, 0x42, 0x00, 0x42, 0x00, 0x42, 0x00, 0x42, 0x00, 0x62, 0x00, 0x62, 0x00, 0xe5, 0x10, 0xe5, 0x10,
    0x6c, 0x42, 0x6c, 0x42, 0x5c, 0xef, 0x5c, 0xef, 0x67, 0x21, 0x67, 0x21, 0xa4, 0x08, 0xa4, 0x08, 0xf5, 0x9c, 0xf5, 0x9c, 0x70, 0x63, 0x70, 0x63,
    0x70, 0x63, 0x70, 0x63, 0x70, 0x63, 0x70, 0x63, 0x90, 0x63, 0x90, 0x63, 0x12, 0x7c, 0x12, 0x7c, 0x2f, 0x5b, 0x2f, 0x5b, 0x63, 0x00, 0x63, 0x00,
    0x47, 0x21, 0x47, 0x21, 0x39, 0xc6, 0x39, 0xc6, 0x16, 0x9d, 0x16, 0x9d, 0x94, 0x8c, 0x94, 0x8c, 0xcd, 0x52, 0xcd, 0x52, 0x29, 0x42, 0x29, 0x42,
    0x53, 0x84, 0x53, 0x84, 0x00, 0x00, 0x00, 0x00, 0xee, 0x52, 0xee, 0x52, 0x06, 0x11, 0x06, 0x11, 0x42, 0x00, 0x42, 0x00, 0x70, 0x63, 0x70, 0x63,
    0xee, 0x52, 0xee, 0x52, 0x4f, 0x5b, 0x4f, 0x5b, 0x0f, 0x5b, 0x0f, 0x5b, 0x2f, 0x5b, 0x2f, 0x5b, 0x2f, 0x5b, 0x2f, 0x5b, 0x4f, 0x5b, 0x4f, 0x5b,
    0x2f, 0x5b, 0x2f, 0x5b, 0x2f, 0x5b, 0x2f, 0x5b, 0x4f, 0x5b, 0x4f, 0x5b, 0x4f, 0x5b, 0x4f, 0x5b, 0x4f, 0x5b, 0x4f, 0x5b, 0x4f, 0x5b, 0x4f, 0x5b,
    0x4f, 0x5b, 0x4f, 0x5b, 0x50, 0x5b, 0x50, 0x5b, 0x4f, 0x5b, 0x4f, 0x5b, 0x6c, 0x3a, 0x6c, 0x3a, 0x06, 0x11, 0x06, 0x11, 0xa9, 0x21, 0xa9, 0x21,
    0xa9, 0x29, 0xa9, 0x29, 0xad, 0x4a, 0xad, 0x4a, 0x2e, 0x5b, 0x2e, 0x5b, 0x36, 0xa5, 0x36, 0xa5, 0xd8, 0xb5, 0xd8, 0xb5, 0x4f, 0x5b, 0x4f, 0x5b,
    0xee, 0x52, 0xee, 0x52, 0x0f, 0x53, 0x0f, 0x53, 0x21, 0x00, 0x21, 0x00, 0x26, 0x21, 0x26, 0x21, 0x87, 0x21, 0x87, 0x21, 0x83, 0x08, 0x83, 0x08,
    0xf5, 0x9c, 0xf5, 0x9c, 0x70, 0x63, 0x70, 0x63, 0x35, 0xa5, 0x35, 0xa5, 0xd5, 0x94, 0xd5, 0x94, 0xd1, 0x73, 0xd1, 0x73, 0x46, 0x21, 0x46, 0x21,
    0xe5, 0x10, 0xe5, 0x10, 0xe5, 0x08, 0xe5, 0x08, 0xe5, 0x10, 0xe5, 0x10, 0xe5, 0x08, 0xe5, 0x08, 0xe5, 0x10, 0xe5, 0x10, 0xe5, 0x10, 0xe5, 0x10,
    0xe5, 0x10, 0xe5, 0x10, 0xe5, 0x10, 0xe5, 0x10, 0xe5, 0x08, 0xe5, 0x08, 0xe6, 0x10, 0xe6, 0x10, 0xe5, 0x10, 0xe5, 0x10, 0xe5, 0x10, 0xe5, 0x10,
    0xe6, 0x10, 0xe6, 0x10, 0xe5, 0x10, 0xe5, 0x10, 0xe5, 0x10, 0xe5, 0x10, 0xe5, 0x08, 0xe5, 0x08, 0xe5, 0x10, 0xe5, 0x10, 0xe5, 0x08, 0xe5, 0x08,
    0xe5, 0x10, 0xe5, 0x10, 0xe5, 0x10, 0xe5, 0x10, 0xc4, 0x10, 0xc4, 0x10, 0xe5, 0x10, 0xe5, 0x10, 0x63, 0x00, 0x63, 0x00, 0x0a, 0x3a, 0x0a, 0x3a,
    0xe4, 0x10, 0xe4, 0x10, 0xb1, 0x73, 0xb1, 0x73, 0x83, 0x08, 0x83, 0x08, 0x62, 0x08, 0x62, 0x08, 0x83, 0x08, 0x83, 0x08, 0x83, 0x08, 0x83, 0x08,
    0x62, 0x00, 0x62, 0x00, 0x62, 0x00, 0x62, 0x00, 0x42, 0x00, 0x42, 0x00, 0x63, 0x00, 0x63, 0x00, 0xc5, 0x10, 0xc5, 0x10, 0x46, 0x21, 0x46, 0x21,
    0xe9, 0x31, 0xe9, 0x31, 0xe9, 0x39, 0xe9, 0x39, 0xc8, 0x31, 0xc8, 0x31, 0xac, 0x42, 0xac, 0x42, 0x2f, 0x5b, 0x2f, 0x5b, 0x63, 0x08, 0x63, 0x08,
    0x42, 0x00, 0x42, 0x00, 0x42, 0x00, 0x42, 0x00, 0x42, 0x00, 0x42, 0x00, 0x42, 0x00, 0x42, 0x00, 0x62, 0x00, 0x62, 0x00, 0xe5, 0x10, 0xe5, 0x10,
    0x6c, 0x42, 0x6c, 0x42, 0x5c, 0xef, 0x5c, 0xef, 0x67, 0x21, 0x67, 0x21, 0xa4, 0x08, 0xa4, 0x08, 0xf5, 0x9c, 0xf5, 0x9c, 0x70, 0x63, 0x70, 0x63,
    0x70, 0x63, 0x70, 0x63, 0x70, 0x63, 0x70, 0x63, 0x90, 0x63, 0x90, 0x63, 0x12, 0x7c, 0x12, 0x7c, 0x2f, 0x5b, 0x2f, 0x5b, 0x63, 0x00, 0x63, 0x00,
    0x47, 0x21, 0x47, 0x21, 0x39, 0xc6, 0x39, 0xc6, 0x16, 0x9d, 0x16, 0x9d, 0x94, 0x8c, 0x94, 0x8c, 0xcd, 0x52, 0xcd, 0x52, 0x29, 0x42, 0x29, 0x42,
    0x53, 0x84, 0x53, 0x84, 0x00, 0x00, 0x00, 0x00, 0xee, 0x52, 0xee, 0x52, 0x06, 0x11, 0x06, 0x11, 0x42, 0x00, 0x42, 0x00, 0x70, 0x63, 0x70, 0x63,
    0xee, 0x52, 0xee, 0x52, 0x4f, 0x5b, 0x4f, 0x5b, 0x0f, 0x5b, 0x0f, 0x5b, 0x2f, 0x5b, 0x2f, 0x5b, 0x2f, 0x5b, 0x2f, 0x5b, 0x4f, 0x5b, 0x4f, 0x5b,
    0x2f, 0x5b, 0x2f, 0x5b, 0x2f, 0x5b, 0x2f, 0x5b, 0x4f, 0x5b, 0x4f, 0x5b, 0x4f, 0x5b, 0x4f, 0x5b, 0x4f, 0x5b, 0x4f, 0x5b, 0x4f, 0x5b, 0x4f, 0x5b,
    0x4f, 0x5b, 0x4f, 0x5b, 0x50, 0x5b, 0x50, 0x5b, 0x4f, 0x5b, 0x4f, 0x5b, 0x6c, 0x3a, 0x6c, 0x3a, 0x06, 0x11, 0x06, 0x11, 0xa9, 0x21, 0xa9, 0x21,
    0xa9, 0x29, 0xa9, 0x29, 0xad, 0x4a, 0xad, 0x4a, 0x2e, 0x5b, 0x2e, 0x5b, 0x36, 0xa5, 0x36, 0xa5, 0xd8, 0xb5, 0xd8, 0xb5, 0x4f, 0x5b, 0x4f, 0x5b,
    0xee, 0x52, 0xee, 0x52, 0x0f, 0x53, 0x0f, 0x53, 0x21, 0x00, 0x21, 0x00, 0x26, 0x21, 0x26, 0x21, 0x87, 0x21, 0x87, 0x21, 0x83, 0x08, 0x83, 0x08,
    0xf5, 0x9c, 0xf5, 0x9c, 0x70, 0x63, 0x70, 0x63, 0x35, 0xa5, 0x35, 0xa5, 0xd5, 0x94, 0xd5, 0x94, 0xd1, 0x73, 0xd1, 0x73, 0x46, 0x21, 0x46, 0x21,
    0xe5, 0x10, 0xe5, 0x10, 0xe5, 0x08, 0xe5, 0x08, 0xe5, 0x10, 0xe5, 0x10, 0xe5, 0x08, 0xe5, 0x08, 0xe5, 0x10, 0xe5, 0x10, 0xe5, 0x10, 0xe5, 0x10,
    0xe5, 0x10, 0xe5, 0x10, 0xe5, 0x10, 0xe5, 0x10, 0xe5, 0x08, 0xe5, 0x08, 0xe6, 0x10, 0xe6, 0x10, 0xe5, 0x10, 0xe5, 0x10, 0xe5, 0x10, 0xe5, 0x10,
    0xe5, 0x08, 0xe5, 0x08, 0xe5, 0x10, 0xe5, 0x10, 0xe5, 0x10, 0xe5, 0x10, 0xe5, 0x10, 0xe5, 0x10, 0xe5, 0x10, 0xe5, 0x10, 0xe5, 0x10, 0xe5, 0x10,
    0xe5, 0x10, 0xe5, 0x10, 0xe5, 0x10, 0xe5, 0x10, 0x12, 0x7c, 0x12, 0x7c, 0xb7, 0xb5, 0xb7, 0xb5, 0xc9, 0x29, 0xc9, 0x29, 0x26, 0x19, 0x26, 0x19,
    0x62, 0x08, 0x62, 0x08, 0x70, 0x63, 0x70, 0x63, 0x47, 0x19, 0x47, 0x19, 0x83, 0x08, 0x83, 0x08, 0x47, 0x21, 0x47, 0x21, 0xc9, 0x31, 0xc9, 0x31,
    0xa8, 0x29, 0xa8, 0x29, 0x06, 0x11, 0x06, 0x11, 0x06, 0x19, 0x06, 0x19, 0xa4, 0x08, 0xa4, 0x08, 0x63, 0x08, 0x63, 0x08, 0x63, 0x08, 0x63, 0x08,
    0x63, 0x08, 0x63, 0x08, 0x62, 0x08, 0x62, 0x08, 0x63, 0x08, 0x63, 0x08, 0x15, 0x9d, 0x15, 0x9d, 0xad, 0x4a, 0xad, 0x4a, 0x67, 0x21, 0x67, 0x21,
    0xa8, 0x29, 0xa8, 0x29, 0xa8, 0x29, 0xa8, 0x29, 0xa8, 0x29, 0xa8, 0x29, 0xc8, 0x31, 0xc8, 0x31, 0x26, 0x19, 0x26, 0x19, 0x88, 0x29, 0x88, 0x29,
    0xa9, 0x21, 0xa9, 0x21, 0x56, 0xa5, 0x56, 0xa5, 0x06, 0x11, 0x06, 0x11, 0xea, 0x31, 0xea, 0x31, 0x70, 0x63, 0x70, 0x63, 0x70, 0x63, 0x70, 0x63,
    0xd1, 0x73, 0xd1, 0x73, 0x32, 0x7c, 0x32, 0x7c, 0x16, 0x9d, 0x16, 0x9d, 0xb4, 0x8c, 0xb4, 0x8c, 0xee, 0x52, 0xee, 0x52, 0xe5, 0x10, 0xe5, 0x10,
    0x47, 0x21, 0x47, 0x21, 0x5a, 0xce, 0x5a, 0xce, 0x83, 0x08, 0x83, 0x08, 0xc9, 0x29, 0xc9, 0x29, 0xf0, 0x7b, 0xf0, 0x7b, 0x84, 0x08, 0x84, 0x08,
    0x90, 0x6b, 0x90, 0x6b, 0x83, 0x08, 0x83, 0x08, 0x53, 0x84, 0x53, 0x84, 0x06, 0x11, 0x06, 0x11, 0x42, 0x00, 0x42, 0x00, 0x2f, 0x5b, 0x2f, 0x5b,
    0x07, 0x11, 0x07, 0x11, 0x2f, 0x5b, 0x2f, 0x5b, 0x2f, 0x5b, 0x2f, 0x5b, 0x4f, 0x5b, 0x4f, 0x5b, 0x2f, 0x5b, 0x2f, 0x5b, 0x4f, 0x63, 0x4f, 0x63,
    0xea, 0x31, 0xea, 0x31, 0xa9, 0x29, 0xa9, 0x29, 0xc9, 0x29, 0xc9, 0x29, 0x57, 0xa5, 0x57, 0xa5, 0x57, 0xa5, 0x57, 0xa5, 0x12, 0x74, 0x12, 0x74,
    0x70, 0x63, 0x70, 0x63, 0x2f, 0x5b, 0x2f, 0x5b, 0x4f, 0x5b, 0x4f, 0x5b, 0x2f, 0x5b, 0x2f, 0x5b, 0x2f, 0x5b, 0x2f, 0x5b, 0x2f, 0x5b, 0x2f, 0x5b,
    0x2f, 0x5b, 0x2f, 0x5b, 0x0f, 0x5b, 0x0f, 0x5b, 0x2f, 0x5b, 0x2f, 0x5b, 0x2f, 0x5b, 0x2f, 0x5b, 0x0b, 0x32, 0x0b, 0x32, 0xca, 0x29, 0xca, 0x29,
    0x63, 0x00, 0x63, 0x00, 0xa3, 0x08, 0xa3, 0x08, 0x63, 0x08, 0x63, 0x08, 0xe5, 0x10, 0xe5, 0x10, 0x67, 0x21, 0x67, 0x21, 0x53, 0x84, 0x53, 0x84,
    0xd1, 0x6b, 0xd1, 0x6b, 0x68, 0x21, 0x68, 0x21, 0x94, 0x8c, 0x94, 0x8c, 0xeb, 0x31, 0xeb, 0x31, 0xf2, 0x7b, 0xf2, 0x7b, 0x46, 0x21, 0x46, 0x21,
    0xe5, 0x10, 0xe5, 0x10, 0xe5, 0x08, 0xe5, 0x08, 0xe6, 0x10, 0xe6, 0x10, 0xe5, 0x10, 0xe5, 0x10, 0xe6, 0x10, 0xe6, 0x10, 0xe6, 0x10, 0xe6, 0x10,
    0xe5, 0x10, 0xe5, 0x10, 0xe5, 0x08, 0xe5, 0x08, 0xe6, 0x10, 0xe6, 0x10, 0xe6, 0x10, 0xe6, 0x10, 0xe5, 0x10, 0xe5, 0x10, 0xe5, 0x10, 0xe5, 0x10,
    0xe5, 0x08, 0xe5, 0x08, 0xe5, 0x10, 0xe5, 0x10, 0xe5, 0x10, 0xe5, 0x10, 0xe5, 0x10, 0xe5, 0x10, 0xe5, 0x10, 0xe5, 0x10, 0xe5, 0x10, 0xe5, 0x10,
    0xe5, 0x10, 0xe5, 0x10, 0xe5, 0x10, 0xe5, 0x10, 0x12, 0x7c, 0x12, 0x7c, 0xb7, 0xb5, 0xb7, 0xb5, 0xc9, 0x29, 0xc9, 0x29, 0x26, 0x19, 0x26, 0x19,
    0x62, 0x08, 0x62, 0x08, 0x70, 0x63, 0x70, 0x63, 0x47, 0x19, 0x47, 0x19, 0x83, 0x08, 0x83, 0x08, 0x47, 0x21, 0x47, 0x21, 0xc9, 0x31, 0xc9, 0x31,
    0xa8, 0x29, 0xa8, 0x29, 0x06, 0x11, 0x06, 0x11, 0x06, 0x19, 0x06, 0x19, 0xa4, 0x08, 0xa4, 0x08, 0x63, 0x08, 0x63, 0x08, 0x63, 0x08, 0x63, 0x08,
    0x63, 0x08, 0x63, 0x08, 0x62, 0x08, 0x62, 0x08, 0x63, 0x08, 0x63, 0x08, 0x15, 0x9d, 0x15, 0x9d, 0xad, 0x4a, 0xad, 0x4a, 0x67, 0x21, 0x67, 0x21,
    0xa8, 0x29, 0xa8, 0x29, 0xa8, 0x29, 0xa8, 0x29, 0xa8, 0x29, 0xa8, 0x29, 0xc8, 0x31, 0xc8, 0x31, 0x26, 0x19, 0x26, 0x19, 0x88, 0x29, 0x88, 0x29,
    0xa9, 0x21, 0xa9, 0x21, 0x56, 0xa5, 0x56, 0xa5, 0x06, 0x11, 0x06, 0x11, 0xea, 0x31, 0xea, 0x31, 0x70, 0x63, 0x70, 0x63, 0x70, 0x63, 0x70, 0x63,
    0xd1, 0x73, 0xd1, 0x73, 0x32, 0x7c, 0x32, 0x7c, 0x16, 0x9d, 0x16, 0x9d, 0xb4, 0x8c, 0xb4, 0x8c, 0xee, 0x52, 0xee, 0x52, 0xe5, 0x10, 0xe5, 0x10,
    0x47, 0x21, 0x47, 0x21, 0x5a, 0xce, 0x5a, 0xce, 0x83, 0x08, 0x83, 0x08, 0xc9, 0x29, 0xc9, 0x29, 0xf0, 0x7b, 0xf0, 0x7b, 0x84, 0x08, 0x84, 0x08,
    0x90, 0x6b, 0x90, 0x6b, 0x83, 0x08, 0x83, 0x08, 0x53, 0x84, 0x53, 0x84, 0x06, 0x11, 0x06, 0x11, 0x42, 0x00, 0x42, 0x00, 0x2f, 0x5b, 0x2f, 0x5b,
    0x07, 0x11, 0x07, 0x11, 0x2f, 0x5b, 0x2f, 0x5b, 0x2f, 0x5b, 0x2f, 0x5b, 0x4f, 0x5b, 0x4f, 0x5b, 0x2f, 0x5b, 0x2f, 0x5b, 0x4f, 0x63, 0x4f, 0x63,
    0xea, 0x31, 0xea, 0x31, 0xa9, 0x29, 0xa9, 0x29, 0xc9, 0x29, 0xc9, 0x29, 0x57, 0xa5, 0x57, 0xa5, 0x57, 0xa5, 0x57, 0xa5, 0x12, 0x74, 0x12, 0x74,
    0x70, 0x63, 0x70, 0x63, 0x2f, 0x5b, 0x2f, 0x5b, 0x4f, 0x5b, 0x4f, 0x5b, 0x2f, 0x5b, 0x2f, 0x5b, 0x2f, 0x5b, 0x2f, 0x5b, 0x2f, 0x5b, 0x2f, 0x5b,
    0x2f, 0x5b, 0x2f, 0x5b, 0x0f, 0x5b, 0x0f, 0x5b, 0x2f, 0x5b, 0x2f, 0x5b, 0x2f, 0x5b, 0x2f, 0x5b, 0x0b, 0x32, 0x0b, 0x32, 0xca, 0x29, 0xca, 0x29,
    0x63, 0x00, 0x63, 0x00, 0xa3, 0x08, 0xa3, 0x08, 0x63, 0x08, 0x63, 0x08, 0xe5, 0x10, 0xe5, 0x10, 0x67, 0x21, 0x67, 0x21, 0x53, 0x84, 0x53, 0x84,
    0xd1, 0x6b, 0xd1, 0x6b, 0x68, 0x21, 0x68, 0x21, 0x94, 0x8c, 0x94, 0x8c, 0xeb, 0x31, 0xeb, 0x31, 0xf2, 0x7b, 0xf2, 0x7b, 0x46, 0x21, 0x46, 0x21,
    0xe5, 0x10, 0xe5, 0x10, 0xe5, 0x08, 0xe5, 0x08, 0xe6, 0x10, 0xe6, 0x10, 0xe5, 0x10, 0xe5, 0x10, 0xe6, 0x10, 0xe6, 0x10, 0xe6, 0x10, 0xe6, 0x10,
    0xe5, 0x10, 0xe5, 0x10, 0xe5, 0x08, 0xe5, 0x08, 0xe6, 0x10, 0xe6, 0x10, 0xe6, 0x10, 0xe6, 0x10, 0xe5, 0x10, 0xe5, 0x10, 0xe5, 0x10, 0xe5, 0x10,
    0xe5, 0x08, 0xe5, 0x08, 0xe5, 0x10, 0xe5, 0x10, 0xe5, 0x08, 0xe5, 0x08, 0xe5, 0x08, 0xe5, 0x08, 0xe5, 0x10, 0xe5, 0x10, 0xe5, 0x10, 0xe5, 0x10,
    0xe5, 0x10, 0xe5, 0x10, 0xe5, 0x10, 0xe5, 0x10, 0xe5, 0x10, 0xe5, 0x10, 0x90, 0x6b, 0x90, 0x6b, 0xb1, 0x6b, 0xb1, 0x6b, 0x50, 0x5b, 0x50, 0x5b,
    0x70, 0x63, 0x70, 0x63, 0x90, 0x63, 0x90, 0x63, 0x16, 0x9d, 0x16, 0x9d, 0x27, 0x19, 0x27, 0x19, 0x06, 0x11, 0x06, 0x11, 0x63, 0x08, 0x63, 0x08,
    0x62, 0x08, 0x62, 0x08, 0x62, 0x08, 0x62, 0x08, 0x62, 0x08, 0x62, 0x08, 0x83, 0x08, 0x83, 0x08, 0x83, 0x08, 0x83, 0x08, 0x83, 0x08, 0x83, 0x08,
    0x62, 0x08, 0x62, 0x08, 0x62, 0x08, 0x62, 0x08, 0x83, 0x08, 0x83, 0x08, 0x70, 0x63, 0x70, 0x63, 0xce, 0x4a, 0xce, 0x4a, 0x06, 0x19, 0x06, 0x19,
    0xe5, 0x10, 0xe5, 0x10, 0xc5, 0x10, 0xc5, 0x10, 0xe5, 0x10, 0xe5, 0x10, 0xe5, 0x10, 0xe5, 0x10, 0xe5, 0x10, 0xe5, 0x10, 0x05, 0x11, 0x05, 0x11,
    0x83, 0x08, 0x83, 0x08, 0x83, 0x08, 0x83, 0x08, 0x90, 0x6b, 0x90, 0x6b, 0x90, 0x63, 0x90, 0x63, 0x90, 0x6b, 0x90, 0x6b, 0x53, 0x84, 0x53, 0x84,
    0xf5, 0x9c, 0xf5, 0x9c, 0xb1, 0x6b, 0xb1, 0x6b, 0x2f, 0x5b, 0x2f, 0x5b, 0x2f, 0x5b, 0x2f, 0x5b, 0xce, 0x52, 0xce, 0x52, 0x67, 0x21, 0x67, 0x21,
    0x47, 0x21, 0x47, 0x21, 0x9b, 0xd6, 0x9b, 0xd6, 0xa4, 0x08, 0xa4, 0x08, 0xf2, 0x73, 0xf2, 0x73, 0xa5, 0x10, 0xa5, 0x10, 0x0d, 0x5b, 0x0d, 0x5b,
    0x7a, 0xce, 0x7a, 0xce, 0xb8, 0xb5, 0xb8, 0xb5, 0xd8, 0xbd, 0xd8, 0xbd, 0x47, 0x19, 0x47, 0x19, 0x62, 0x00, 0x62, 0x00, 0x97, 0xb5, 0x97, 0xb5,
    0xd5, 0x94, 0xd5, 0x94, 0xb1, 0x6b, 0xb1, 0x6b, 0x0f, 0x53, 0x0f, 0x53, 0x0f, 0x5b, 0x0f, 0x5b, 0x0f, 0x53, 0x0f, 0x53, 0x0f, 0x53, 0x0f, 0x53,
    0x0f, 0x5b, 0x0f, 0x5b, 0x0f, 0x53, 0x0f, 0x53, 0x0f, 0x53, 0x0f, 0x53, 0x2f, 0x5b, 0x2f, 0x5b, 0x0f, 0x5b, 0x0f, 0x5b, 0x0a, 0x32, 0x0a, 0x32,
    0x0b, 0x32, 0x0b, 0x32, 0xea, 0x31, 0xea, 0x31, 0x63, 0x08, 0x63, 0x08, 0x83, 0x08, 0x83, 0x08, 0x62, 0x08, 0x62, 0x08, 0x62, 0x08, 0x62, 0x08,
    0x83, 0x08, 0x83, 0x08, 0x63, 0x08, 0x63, 0x08, 0x62, 0x08, 0x62, 0x08, 0x62, 0x08, 0x62, 0x08, 0x62, 0x08, 0x62, 0x08, 0xc5, 0x08, 0xc5, 0x08,
    0x63, 0x08, 0x63, 0x08, 0x83, 0x08, 0x83, 0x08, 0xe5, 0x10, 0xe5, 0x10, 0xe5, 0x10, 0xe5, 0x10, 0x67, 0x21, 0x67, 0x21, 0xf9, 0xbd, 0xf9, 0xbd,
    0xcc, 0x4a, 0xcc, 0x4a, 0x0e, 0x53, 0x0e, 0x53, 0x73, 0x84, 0x73, 0x84, 0xa9, 0x29, 0xa9, 0x29, 0x01, 0x00, 0x01, 0x00, 0x06, 0x19, 0x06, 0x19,
    0xe5, 0x10, 0xe5, 0x10, 0xe5, 0x08, 0xe5, 0x08, 0xe5, 0x08, 0xe5, 0x08, 0xe5, 0x08, 0xe5, 0x08, 0xe5, 0x10, 0xe5, 0x10, 0xe5, 0x10, 0xe5, 0x10,
    0xe6, 0x10, 0xe6, 0x10, 0xe6, 0x10, 0xe6, 0x10, 0xe5, 0x10, 0xe5, 0x10, 0xe5, 0x10, 0xe5, 0x10, 0xc5, 0x08, 0xc5, 0x08, 0xe5, 0x08, 0xe5, 0x08,
    0xe5, 0x08, 0xe5, 0x08, 0xe5, 0x10, 0xe5, 0x10, 0xe5, 0x08, 0xe5, 0x08, 0xe5, 0x08, 0xe5, 0x08, 0xe5, 0x10, 0xe5, 0x10, 0xe5, 0x10, 0xe5, 0x10,
    0xe5, 0x10, 0xe5, 0x10, 0xe5, 0x10, 0xe5, 0x10, 0xe5, 0x10, 0xe5, 0x10, 0x90, 0x6b, 0x90, 0x6b, 0xb1, 0x6b, 0xb1, 0x6b, 0x50, 0x5b, 0x50, 0x5b,
    0x70, 0x63, 0x70, 0x63, 0x90, 0x63, 0x90, 0x63, 0x16, 0x9d, 0x16, 0x9d, 0x27, 0x19, 0x27, 0x19, 0x06, 0x11, 0x06, 0x11, 0x63, 0x08, 0x63, 0x08,
    0x62, 0x08, 0x62, 0x08, 0x62, 0x08, 0x62, 0x08, 0x62, 0x08, 0x62, 0x08, 0x83, 0x08, 0x83, 0x08, 0x83, 0x08, 0x83, 0x08, 0x83, 0x08, 0x83, 0x08,
    0x62, 0x08, 0x62, 0x08, 0x62, 0x08, 0x62, 0x08, 0x83, 0x08, 0x83, 0x08, 0x70, 0x63, 0x70, 0x63, 0xce, 0x4a, 0xce, 0x4a, 0x06, 0x19, 0x06, 0x19,
    0xe5, 0x10, 0xe5, 0x10, 0xc5, 0x10, 0xc5, 0x10, 0xe5, 0x10, 0xe5, 0x10, 0xe5, 0x10, 0xe5, 0x10, 0xe5, 0x10, 0xe5, 0x10, 0x05, 0x11, 0x05, 0x11,
    0x83, 0x08, 0x83, 0x08, 0x83, 0x08, 0x83, 0x08, 0x90, 0x6b, 0x90, 0x6b, 0x90, 0x63, 0x90, 0x63, 0x90, 0x6b, 0x90, 0x6b, 0x53, 0x84, 0x53, 0x84,
    0xf5, 0x9c, 0xf5, 0x9c, 0xb1, 0x6b, 0xb1, 0x6b, 0x2f, 0x5b, 0x2f, 0x5b, 0x2f, 0x5b, 0x2f, 0x5b, 0xce, 0x52, 0xce, 0x52, 0x67, 0x21, 0x67, 0x21,
    0x47, 0x21, 0x47, 0x21, 0x9b, 0xd6, 0x9b, 0xd6, 0xa4, 0x08, 0xa4, 0x08, 0xf2, 0x73, 0xf2, 0x73, 0xa5, 0x10, 0xa5, 0x10, 0x0d, 0x5b, 0x0d, 0x5b,
    0x7a, 0xce, 0x7a, 0xce, 0xb8, 0xb5, 0xb8, 0xb5, 0xd8, 0xbd, 0xd8, 0xbd, 0x47, 0x19, 0x47, 0x19, 0x62, 0x00, 0x62, 0x00, 0x97, 0xb5, 0x97, 0xb5,
    0xd5, 0x94, 0xd5, 0x94, 0xb1, 0x6b, 0xb1, 0x6b, 0x0f, 0x53, 0x0f, 0x53, 0x0f, 0x5b, 0x0f, 0x5b, 0x0f, 0x53, 0x0f, 0x53, 0x0f, 0x53, 0x0f, 0x53,
    0x0f, 0x5b, 0x0f, 0x5b, 0x0f, 0x53, 0x0f, 0x53, 0x0f, 0x53, 0x0f, 0x53, 0x2f, 0x5b, 0x2f, 0x5b, 0x0f, 0x5b, 0x0f, 0x5b, 0x0a, 0x32, 0x0a, 0x32,
    0x0b, 0x32, 0x0b, 0x32, 0xea, 0x31, 0xea, 0x31, 0x63, 0x08, 0x63, 0x08, 0x83, 0x08, 0x83, 0x08, 0x62, 0x08, 0x62, 0x08, 0x62, 0x08, 0x62, 0x08,
    0x83, 0x08, 0x83, 0x08, 0x63, 0x08, 0x63, 0x08, 0x62, 0x08, 0x62, 0x08, 0x62, 0x08, 0x62, 0x08, 0x62, 0x08, 0x62, 0x08, 0xc5, 0x08, 0xc5, 0x08,
    0x63, 0x08, 0x63, 0x08, 0x83, 0x08, 0x83, 0x08, 0xe5, 0x10, 0xe5, 0x10, 0xe5, 0x10, 0xe5, 0x10, 0x67, 0x21, 0x67, 0x21, 0xf9, 0xbd, 0xf9, 0xbd,
    0xcc, 0x4a, 0xcc, 0x4a, 0x0e, 0x53, 0x0e, 0x53, 0x73, 0x84, 0x73, 0x84, 0xa9, 0x29, 0xa9, 0x29, 0x01, 0x00, 0x01, 0x00, 0x06, 0x19, 0x06, 0x19,
    0xe5, 0x10, 0xe5, 0x10, 0xe5, 0x08, 0xe5, 0x08, 0xe5, 0x08, 0xe5, 0x08, 0xe5, 0x08, 0xe5, 0x08, 0xe5, 0x10, 0xe5, 0x10, 0xe5, 0x10, 0xe5, 0x10,
    0xe6, 0x10, 0xe6, 0x10, 0xe6, 0x10, 0xe6, 0x10, 0xe5, 0x10, 0xe5, 0x10, 0xe5, 0x10, 0xe5, 0x10, 0xc5, 0x08, 0xc5, 0x08, 0xe5, 0x08, 0xe5, 0x08,
    0xe5, 0x10, 0xe5, 0x10, 0xe5, 0x08, 0xe5, 0x08, 0xe5, 0x10, 0xe5, 0x10, 0xe5, 0x10, 0xe5, 0x10, 0xe5, 0x08, 0xe5, 0x08, 0xe5, 0x08, 0xe5, 0x08,
    0xe5, 0x10, 0xe5, 0x10, 0xe5, 0x10, 0xe5, 0x10, 0xe5, 0x08, 0xe5, 0x08, 0xe5, 0x10, 0xe5, 0x10, 0x62, 0x08, 0x62, 0x08, 0x83, 0x08, 0x83, 0x08,
    0xe6, 0x10, 0xe6, 0x10, 0xc9, 0x29, 0xc9, 0x29, 0x0b, 0x32, 0x0b, 0x32, 0x0e, 0x53, 0x0e, 0x53, 0xee, 0x52, 0xee, 0x52, 0x90, 0x63, 0x90, 0x63,
    0x53, 0x84, 0x53, 0x84, 0x53, 0x84, 0x53, 0x84, 0xd5, 0x94, 0xd5, 0x94, 0x9b, 0xd6, 0x9b, 0xd6, 0xf8, 0xbd, 0xf8, 0xbd, 0xf9, 0xbd, 0xf9, 0xbd,
    0x19, 0xc6, 0x19, 0xc6, 0xb4, 0x94, 0xb4, 0x94, 0xb1, 0x6b, 0xb1, 0x6b, 0x90, 0x63, 0x90, 0x63, 0x70, 0x63, 0x70, 0x63, 0x90, 0x63, 0x90, 0x63,
    0xb1, 0x6b, 0xb1, 0x6b, 0xd1, 0x73, 0xd1, 0x73, 0xf2, 0x73, 0xf2, 0x73, 0x33, 0x7c, 0x33, 0x7c, 0xf2, 0x73, 0xf2, 0x73, 0xf2, 0x73, 0xf2, 0x73,
    0xf2, 0x73, 0xf2, 0x73, 0xd2, 0x73, 0xd2, 0x73, 0xd1, 0x6b, 0xd1, 0x6b, 0x90, 0x63, 0x90, 0x63, 0x0f, 0x53, 0x0f, 0x53, 0x0f, 0x53, 0x0f, 0x53,
    0x0f, 0x53, 0x0f, 0x53, 0x2f, 0x5b, 0x2f, 0x5b, 0x2f, 0x5b, 0x2f, 0x5b, 0x2f, 0x5b, 0x2f, 0x5b, 0x0b, 0x32, 0x0b, 0x32, 0x47, 0x21, 0x47, 0x21,
    0x67, 0x21, 0x67, 0x21, 0x74, 0x84, 0x74, 0x84, 0x7d, 0xf7, 0x7d, 0xf7, 0x53, 0x84, 0x53, 0x84, 0x77, 0xad, 0x77, 0xad, 0x9a, 0xd6, 0x9a, 0xd6,
    0xb4, 0x94, 0xb4, 0x94, 0x12, 0x7c, 0x12, 0x7c, 0xb1, 0x6b, 0xb1, 0x6b, 0x67, 0x29, 0x67, 0x29, 0x62, 0x08, 0x62, 0x08, 0xce, 0x4a, 0xce, 0x4a,
    0xce, 0x4a, 0xce, 0x4a, 0x89, 0x21, 0x89, 0x21, 0x06, 0x11, 0x06, 0x11, 0xe6, 0x10, 0xe6, 0x10, 0x06, 0x11, 0x06, 0x11, 0x62, 0x08, 0x62, 0x08,
    0x63, 0x08, 0x63, 0x08, 0x63, 0x08, 0x63, 0x08, 0x83, 0x08, 0x83, 0x08, 0x62, 0x08, 0x62, 0x08, 0x62, 0x08, 0x62, 0x08, 0x63, 0x08, 0x63, 0x08,
    0xe5, 0x08, 0xe5, 0x08, 0xe5, 0x08, 0xe5, 0x08, 0xe5, 0x08, 0xe5, 0x08, 0xe5, 0x10, 0xe5, 0x10, 0xe5, 0x10, 0xe5, 0x10, 0xe5, 0x10, 0xe5, 0x10,
    0xc5, 0x08, 0xc5, 0x08, 0xe5, 0x08, 0xe5, 0x08, 0xe5, 0x08, 0xe5, 0x08, 0xc5, 0x08, 0xc5, 0x08, 0xe5, 0x08, 0xe5, 0x08, 0xc5, 0x08, 0xc5, 0x08,
    0xe5, 0x08, 0xe5, 0x08, 0xe6, 0x10, 0xe6, 0x10, 0xc5, 0x10, 0xc5, 0x10, 0xe5, 0x10, 0xe5, 0x10, 0x06, 0x11, 0x06, 0x11, 0x67, 0x21, 0x67, 0x21,
    0x0a, 0x32, 0x0a, 0x32, 0xcd, 0x4a, 0xcd, 0x4a, 0x90, 0x6b, 0x90, 0x6b, 0x7d, 0xef, 0x7d, 0xef, 0xc8, 0x31, 0xc8, 0x31, 0x62, 0x00, 0x62, 0x00,
    0xe5, 0x08, 0xe5, 0x08, 0xe5, 0x08, 0xe5, 0x08, 0xe5, 0x08, 0xe5, 0x08, 0xe5, 0x08, 0xe5, 0x08, 0xe5, 0x10, 0xe5, 0x10, 0xe6, 0x10, 0xe6, 0x10,
    0xe5, 0x08, 0xe5, 0x08, 0xe5, 0x10, 0xe5, 0x10, 0xe6, 0x10, 0xe6, 0x10, 0xe5, 0x08, 0xe5, 0x08, 0xe5, 0x08, 0xe5, 0x08, 0xc5, 0x08, 0xc5, 0x08,
    0xe5, 0x10, 0xe5, 0x10, 0xe5, 0x08, 0xe5, 0x08, 0xe5, 0x10, 0xe5, 0x10, 0xe5, 0x10, 0xe5, 0x10, 0xe5, 0x08, 0xe5, 0x08, 0xe5, 0x08, 0xe5, 0x08,
    0xe5, 0x10, 0xe5, 0x10, 0xe5, 0x10, 0xe5, 0x10, 0xe5, 0x08, 0xe5, 0x08, 0xe5, 0x10, 0xe5, 0x10, 0x62, 0x08, 0x62, 0x08, 0x83, 0x08, 0x83, 0x08,
    0xe6, 0x10, 0xe6, 0x10, 0xc9, 0x29, 0xc9, 0x29, 0x0b, 0x32, 0x0b, 0x32, 0x0e, 0x53, 0x0e, 0x53, 0xee, 0x52, 0xee, 0x52, 0x90, 0x63, 0x90, 0x63,
    0x53, 0x84, 0x53, 0x84, 0x53, 0x84, 0x53, 0x84, 0xd5, 0x94, 0xd5, 0x94, 0x9b, 0xd6, 0x9b, 0xd6, 0xf8, 0xbd, 0xf8, 0xbd, 0xf9, 0xbd, 0xf9, 0xbd,
    0x19, 0xc6, 0x19, 0xc6, 0xb4, 0x94, 0xb4, 0x94, 0xb1, 0x6b, 0xb1, 0x6b, 0x90, 0x63, 0x90, 0x63, 0x70, 0x63, 0x70, 0x63, 0x90, 0x63, 0x90, 0x63,
    0xb1, 0x6b, 0xb1, 0x6b, 0xd1, 0x73, 0xd1, 0x73, 0xf2, 0x73, 0xf2, 0x73, 0x33, 0x7c, 0x33, 0x7c, 0xf2, 0x73, 0xf2, 0x73, 0xf2, 0x73, 0xf2, 0x73,
    0xf2, 0x73, 0xf2, 0x73, 0xd2, 0x73, 0xd2, 0x73, 0xd1, 0x6b, 0xd1, 0x6b, 0x90, 0x63, 0x90, 0x63, 0x0f, 0x53, 0x0f, 0x53, 0x0f, 0x53, 0x0f, 0x53,
    0x0f, 0x53, 0x0f, 0x53, 0x2f, 0x5b, 0x2f, 0x5b, 0x2f, 0x5b, 0x2f, 0x5b, 0x2f, 0x5b, 0x2f, 0x5b, 0x0b, 0x32, 0x0b, 0x32, 0x47, 0x21, 0x47, 0x21,
    0x67, 0x21, 0x67, 0x21, 0x74, 0x84, 0x74, 0x84, 0x7d, 0xf7, 0x7d, 0xf7, 0x53, 0x84, 0x53, 0x84, 0x77, 0xad, 0x77, 0xad, 0x9a, 0xd6, 0x9a, 0xd6,
    0xb4, 0x94, 0xb4, 0x94, 0x12, 0x7c, 0x12, 0x7c, 0xb1, 0x6b, 0xb1, 0x6b, 0x67, 0x29, 0x67, 0x29, 0x62, 0x08, 0x62, 0x08, 0xce, 0x4a, 0xce, 0x4a,
    0xce, 0x4a, 0xce, 0x4a, 0x89, 0x21, 0x89, 0x21, 0x06, 0x11, 0x06, 0x11, 0xe6, 0x10, 0xe6, 0x10, 0x06, 0x11, 0x06, 0x11, 0x62, 0x08, 0x62, 0x08,
    0x63, 0x08, 0x63, 0x08, 0x63, 0x08, 0x63, 0x08, 0x83, 0x08, 0x83, 0x08, 0x62, 0x08, 0x62, 0x08, 0x62, 0x08, 0x62, 0x08, 0x63, 0x08, 0x63, 0x08,
    0xe5, 0x08, 0xe5, 0x08, 0xe5, 0x08, 0xe5, 0x08, 0xe5, 0x08, 0xe5, 0x08, 0xe5, 0x10, 0xe5, 0x10, 0xe5, 0x10, 0xe5, 0x10, 0xe5, 0x10, 0xe5, 0x10,
    0xc5, 0x08, 0xc5, 0x08, 0xe5, 0x08, 0xe5, 0x08, 0xe5, 0x08, 0xe5, 0x08, 0xc5, 0x08, 0xc5, 0x08, 0xe5, 0x08, 0xe5, 0x08, 0xc5, 0x08, 0xc5, 0x08,
    0xe5, 0x08, 0xe5, 0x08, 0xe6, 0x10, 0xe6, 0x10, 0xc5, 0x10, 0xc5, 0x10, 0xe5, 0x10, 0xe5, 0x10, 0x06, 0x11, 0x06, 0x11, 0x67, 0x21, 0x67, 0x21,
    0x0a, 0x32, 0x0a, 0x32, 0xcd, 0x4a, 0xcd, 0x4a, 0x90, 0x6b, 0x90, 0x6b, 0x7d, 0xef, 0x7d, 0xef, 0xc8, 0x31, 0xc8, 0x31, 0x62, 0x00, 0x62, 0x00,
    0xe5, 0x08, 0xe5, 0x08, 0xe5, 0x08, 0xe5, 0x08, 0xe5, 0x08, 0xe5, 0x08, 0xe5, 0x08, 0xe5, 0x08, 0xe5, 0x10, 0xe5, 0x10, 0xe6, 0x10, 0xe6, 0x10,
    0xe5, 0x08, 0xe5, 0x08, 0xe5, 0x10, 0xe5, 0x10, 0xe6, 0x10, 0xe6, 0x10, 0xe5, 0x08, 0xe5, 0x08, 0xe5, 0x08, 0xe5, 0x08, 0xc5, 0x08, 0xc5, 0x08,
    0xc5, 0x08, 0xc5, 0x08, 0xc5, 0x08, 0xc5, 0x08, 0xe5, 0x10, 0xe5, 0x10, 0xc5, 0x10, 0xc5, 0x10, 0xe5, 0x10, 0xe5, 0x10, 0xe5, 0x10, 0xe5, 0x10,
    0xe5, 0x08, 0xe5, 0x08, 0xe5, 0x08, 0xe5, 0x08, 0xe5, 0x08, 0xe5, 0x08, 0xe5, 0x08, 0xe5, 0x08, 0xe5, 0x08, 0xe5, 0x08, 0xe5, 0x08, 0xe5, 0x08,
    0xe5, 0x10, 0xe5, 0x10, 0x83, 0x08, 0x83, 0x08, 0x63, 0x08, 0x63, 0x08, 0x83, 0x08, 0x83, 0x08, 0x83, 0x08, 0x83, 0x08, 0x83, 0x08, 0x83, 0x08,
    0x83, 0x08, 0x83, 0x08, 0x63, 0x08, 0x63, 0x08, 0x63, 0x08, 0x63, 0x08, 0x83, 0x08, 0x83, 0x08, 0x63, 0x08, 0x63, 0x08, 0x83, 0x08, 0x83, 0x08,
    0x63, 0x08, 0x63, 0x08, 0x83, 0x08, 0x83, 0x08, 0xa4, 0x08, 0xa4, 0x08, 0xc4, 0x08, 0xc4, 0x08, 0xa4, 0x08, 0xa4, 0x08, 0xa9, 0x21, 0xa9, 0x21,
    0x88, 0x21, 0x88, 0x21, 0x89, 0x21, 0x89, 0x21, 0xa9, 0x29, 0xa9, 0x29, 0xa9, 0x29, 0xa9, 0x29, 0xa9, 0x21, 0xa9, 0x21, 0x88, 0x21, 0x88, 0x21,
    0x89, 0x21, 0x89, 0x21, 0x89, 0x21, 0x89, 0x21, 0x89, 0x21, 0x89, 0x21, 0x89, 0x21, 0x89, 0x21, 0xc9, 0x29, 0xc9, 0x29, 0xa9, 0x29, 0xa9, 0x29,
    0x06, 0x11, 0x06, 0x11, 0xc5, 0x08, 0xc5, 0x08, 0xa4, 0x08, 0xa4, 0x08, 0xc5, 0x08, 0xc5, 0x08, 0xa3, 0x08, 0xa3, 0x08, 0xe5, 0x10, 0xe5, 0x10,
    0x67, 0x21, 0x67, 0x21, 0x00, 0x00, 0x00, 0x00, 0xd1, 0x73, 0xd1, 0x73, 0xf1, 0x73, 0xf1, 0x73, 0x2b, 0x3a, 0x2b, 0x3a, 0xb4, 0x94, 0xb4, 0x94,
    0x63, 0x08, 0x63, 0x08, 0x73, 0x84, 0x73, 0x84, 0x94, 0x8c, 0x94, 0x8c, 0x87, 0x29, 0x87, 0x29, 0x83, 0x08, 0x83, 0x08, 0x83, 0x08, 0x83, 0x08,
    0x83, 0x08, 0x83, 0x08, 0x83, 0x08, 0x83, 0x08, 0x63, 0x08, 0x63, 0x08, 0xe6, 0x10, 0xe6, 0x10, 0xe6, 0x10, 0xe6, 0x10, 0xe6, 0x10, 0xe6, 0x10,
    0xe5, 0x10, 0xe5, 0x10, 0xe5, 0x08, 0xe5, 0x08, 0xe5, 0x08, 0xe5, 0x08, 0xe5, 0x08, 0xe5, 0x08, 0xe5, 0x10, 0xe5, 0x10, 0xe5, 0x08, 0xe5, 0x08,
    0xc5, 0x08, 0xc5, 0x08, 0xc5, 0x08, 0xc5, 0x08, 0xc5, 0x08, 0xc5, 0x08, 0xc5, 0x10, 0xc5, 0x10, 0xc5, 0x10, 0xc5, 0x10, 0xe5, 0x10, 0xe5, 0x10,
    0xe5, 0x08, 0xe5, 0x08, 0xe5, 0x08, 0xe5, 0x08, 0xc5, 0x08, 0xc5, 0x08, 0xc5, 0x10, 0xc5, 0x10, 0xe5, 0x10, 0xe5, 0x10, 0xe5, 0x10, 0xe5, 0x10,
    0xe5, 0x10, 0xe5, 0x10, 0x83, 0x08, 0x83, 0x08, 0xe6, 0x10, 0xe6, 0x10, 0x62, 0x08, 0x62, 0x08, 0x06, 0x11, 0x06, 0x11, 0x67, 0x21, 0x67, 0x21,
    0xa8, 0x29, 0xa8, 0x29, 0x47, 0x21, 0x47, 0x21, 0x84, 0x08, 0x84, 0x08, 0x87, 0x29, 0x87, 0x29, 0x06, 0x19, 0x06, 0x19, 0xe5, 0x10, 0xe5, 0x10,
    0xe5, 0x08, 0xe5, 0x08, 0xe5, 0x08, 0xe5, 0x08, 0xe5, 0x10, 0xe5, 0x10, 0xe5, 0x10, 0xe5, 0x10, 0xe5, 0x10, 0xe5, 0x10, 0xe5, 0x10, 0xe5, 0x10,
    0xe5, 0x10, 0xe5, 0x10, 0xe5, 0x10, 0xe5, 0x10, 0xe5, 0x10, 0xe5, 0x10, 0xe5, 0x10, 0xe5, 0x10, 0xe5, 0x08, 0xe5, 0x08, 0xe5, 0x10, 0xe5, 0x10,
    0xc5, 0x08, 0xc5, 0x08, 0xc5, 0x08, 0xc5, 0x08, 0xe5, 0x10, 0xe5, 0x10, 0xc5, 0x10, 0xc5, 0x10, 0xe5, 0x10, 0xe5, 0x10, 0xe5, 0x10, 0xe5, 0x10,
    0xe5, 0x08, 0xe5, 0x08, 0xe5, 0x08, 0xe5, 0x08, 0xe5, 0x08, 0xe5, 0x08, 0xe5, 0x08, 0xe5, 0x08, 0xe5, 0x08, 0xe5, 0x08, 0xe5, 0x08, 0xe5, 0x08,
    0xe5, 0x10, 0xe5, 0x10, 0x83, 0x08, 0x83, 0x08, 0x63, 0x08, 0x63, 0x08, 0x83, 0x08, 0x83, 0x08, 0x83, 0x08, 0x83, 0x08, 0x83, 0x08, 0x83, 0x08,
    0x83, 0x08, 0x83, 0x08, 0x63, 0x08, 0x63, 0x08, 0x63, 0x08, 0x63, 0x08, 0x83, 0x08, 0x83, 0x08, 0x63, 0x08, 0x63, 0x08, 0x83, 0x08, 0x83, 0x08,
    0x63, 0x08, 0x63, 0x08, 0x83, 0x08, 0x83, 0x08, 0xa4, 0x08, 0xa4, 0x08, 0xc4, 0x08, 0xc4, 0x08, 0xa4, 0x08, 0xa4, 0x08, 0xa9, 0x21, 0xa9, 0x21,
    0x88, 0x21, 0x88, 0x21, 0x89, 0x21, 0x89, 0x21, 0xa9, 0x29, 0xa9, 0x29, 0xa9, 0x29, 0xa9, 0x29, 0xa9, 0x21, 0xa9, 0x21, 0x88, 0x21, 0x88, 0x21,
    0x89, 0x21, 0x89, 0x21, 0x89, 0x21, 0x89, 0x21, 0x89, 0x21, 0x89, 0x21, 0x89, 0x21, 0x89, 0x21, 0xc9, 0x29, 0xc9, 0x29, 0xa9, 0x29, 0xa9, 0x29,
    0x06, 0x11, 0x06, 0x11, 0xc5, 0x08, 0xc5, 0x08, 0xa4, 0x08, 0xa4, 0x08, 0xc5, 0x08, 0xc5, 0x08, 0xa3, 0x08, 0xa3, 0x08, 0xe5, 0x10, 0xe5, 0x10,
    0x67, 0x21, 0x67, 0x21, 0x00, 0x00, 0x00, 0x00, 0xd1, 0x73, 0xd1, 0x73, 0xf1, 0x73, 0xf1, 0x73, 0x2b, 0x3a, 0x2b, 0x3a, 0xb4, 0x94, 0xb4, 0x94,
    0x63, 0x08, 0x63, 0x08, 0x73, 0x84, 0x73, 0x84, 0x94, 0x8c, 0x94, 0x8c, 0x87, 0x29, 0x87, 0x29, 0x83, 0x08, 0x83, 0x08, 0x83, 0x08, 0x83, 0x08,
    0x83, 0x08, 0x83, 0x08, 0x83, 0x08, 0x83, 0x08, 0x63, 0x08, 0x63, 0x08, 0xe6, 0x10, 0xe6, 0x10, 0xe6, 0x10, 0xe6, 0x10, 0xe6, 0x10, 0xe6, 0x10,
    0xe5, 0x10, 0xe5, 0x10, 0xe5, 0x08, 0xe5, 0x08, 0xe5, 0x08, 0xe5, 0x08, 0xe5, 0x08, 0xe5, 0x08, 0xe5, 0x10, 0xe5, 0x10, 0xe5, 0x08, 0xe5, 0x08,
    0xc5, 0x08, 0xc5, 0x08, 0xc5, 0x08, 0xc5, 0x08, 0xc5, 0x08, 0xc5, 0x08, 0xc5, 0x10, 0xc5, 0x10, 0xc5, 0x10, 0xc5, 0x10, 0xe5, 0x10, 0xe5, 0x10,
    0xe5, 0x08, 0xe5, 0x08, 0xe5, 0x08, 0xe5, 0x08, 0xc5, 0x08, 0xc5, 0x08, 0xc5, 0x10, 0xc5, 0x10, 0xe5, 0x10, 0xe5, 0x10, 0xe5, 0x10, 0xe5, 0x10,
    0xe5, 0x10, 0xe5, 0x10, 0x83, 0x08, 0x83, 0x08, 0xe6, 0x10, 0xe6, 0x10, 0x62, 0x08, 0x62, 0x08, 0x06, 0x11, 0x06, 0x11, 0x67, 0x21, 0x67, 0x21,
    0xa8, 0x29, 0xa8, 0x29, 0x47, 0x21, 0x47, 0x21, 0x84, 0x08, 0x84, 0x08, 0x87, 0x29, 0x87, 0x29, 0x06, 0x19, 0x06, 0x19, 0xe5, 0x10, 0xe5, 0x10,
    0xe5, 0x08, 0xe5, 0x08, 0xe5, 0x08, 0xe5, 0x08, 0xe5, 0x10, 0xe5, 0x10, 0xe5, 0x10, 0xe5, 0x10, 0xe5, 0x10, 0xe5, 0x10, 0xe5, 0x10, 0xe5, 0x10,
    0xe5, 0x10, 0xe5, 0x10, 0xe5, 0x10, 0xe5, 0x10, 0xe5, 0x10, 0xe5, 0x10, 0xe5, 0x10, 0xe5, 0x10, 0xe5, 0x08, 0xe5, 0x08, 0xe5, 0x10, 0xe5, 0x10,
    0xc5, 0x08, 0xc5, 0x08, 0xe5, 0x08, 0xe5, 0x08, 0xc5, 0x10, 0xc5, 0x10, 0xc5, 0x08, 0xc5, 0x08, 0xc5, 0x08, 0xc5, 0x08, 0xe5, 0x10, 0xe5, 0x10,
    0xc5, 0x08, 0xc5, 0x08, 0xc5, 0x08, 0xc5, 0x08, 0xc5, 0x08, 0xc5, 0x08, 0xc5, 0x08, 0xc5, 0x08, 0xc5, 0x08, 0xc5, 0x08, 0xe5, 0x10, 0xe5, 0x10,
    0xe5, 0x10, 0xe5, 0x10, 0xe6, 0x10, 0xe6, 0x10, 0xe5, 0x10, 0xe5, 0x10, 0x83, 0x08, 0x83, 0x08, 0x83, 0x08, 0x83, 0x08, 0x83, 0x08, 0x83, 0x08,
    0x83, 0x08, 0x83, 0x08, 0x63, 0x08, 0x63, 0x08, 0x83, 0x08, 0x83, 0x08, 0x83, 0x08, 0x83, 0x08, 0x63, 0x08, 0x63, 0x08, 0xe5, 0x08, 0xe5, 0x08,
    0xc5, 0x08, 0xc5, 0x08, 0xe5, 0x10, 0xe5, 0x10, 0xe5, 0x10, 0xe5, 0x10, 0xc4, 0x08, 0xc4, 0x08, 0xc4, 0x08, 0xc4, 0x08, 0x63, 0x08, 0x63, 0x08,
    0x63, 0x08, 0x63, 0x08, 0x62, 0x08, 0x62, 0x08, 0x63, 0x08, 0x63, 0x08, 0x63, 0x08, 0x63, 0x08, 0x63, 0x08, 0x63, 0x08, 0x63, 0x08, 0x63, 0x08,
    0x83, 0x08, 0x83, 0x08, 0x62, 0x08, 0x62, 0x08, 0x62, 0x08, 0x62, 0x08, 0x62, 0x08, 0x62, 0x08, 0x83, 0x08, 0x83, 0x08, 0x83, 0x08, 0x83, 0x08,
    0x83, 0x08, 0x83, 0x08, 0x83, 0x08, 0x83, 0x08, 0x83, 0x08, 0x83, 0x08, 0x63, 0x08, 0x63, 0x08, 0xe5, 0x10, 0xe5, 0x10, 0xe5, 0x10, 0xe5, 0x10,
    0x06, 0x19, 0x06, 0x19, 0xa8, 0x29, 0xa8, 0x29, 0x0a, 0x32, 0x0a, 0x32, 0x83, 0x08, 0x83, 0x08, 0xee, 0x52, 0xee, 0x52, 0xf2, 0x73, 0xf2, 0x73,
    0x67, 0x21, 0x67, 0x21, 0x32, 0x7c, 0x32, 0x7c, 0x47, 0x21, 0x47, 0x21, 0x06, 0x19, 0x06, 0x19, 0x63, 0x08, 0x63, 0x08, 0x63, 0x08, 0x63, 0x08,
    0x83, 0x08, 0x83, 0x08, 0x83, 0x08, 0x83, 0x08, 0x83, 0x08, 0x83, 0x08, 0x63, 0x08, 0x63, 0x08, 0x63, 0x08, 0x63, 0x08, 0x63, 0x08, 0x63, 0x08,
    0x63, 0x08, 0x63, 0x08, 0x83, 0x08, 0x83, 0x08, 0x63, 0x08, 0x63, 0x08, 0x83, 0x08, 0x83, 0x08, 0x83, 0x08, 0x83, 0x08, 0x83, 0x08, 0x83, 0x08,
    0x63, 0x08, 0x63, 0x08, 0x63, 0x08, 0x63, 0x08, 0x83, 0x08, 0x83, 0x08, 0x63, 0x08, 0x63, 0x08, 0x63, 0x08, 0x63, 0x08, 0x83, 0x08, 0x83, 0x08,
    0x83, 0x08, 0x83, 0x08, 0x83, 0x08, 0x83, 0x08, 0x83, 0x08, 0x83, 0x08, 0x83, 0x08, 0x83, 0x08, 0x83, 0x08, 0x83, 0x08, 0x83, 0x08, 0x83, 0x08,
    0x83, 0x08, 0x83, 0x08, 0x63, 0x08, 0x63, 0x08, 0xe6, 0x10, 0xe6, 0x10, 0xe5, 0x10, 0xe5, 0x10, 0xe6, 0x10, 0xe6, 0x10, 0x06, 0x19, 0x06, 0x19,
    0x46, 0x19, 0x46, 0x19, 0x2a, 0x3a, 0x2a, 0x3a, 0x0a, 0x3a, 0x0a, 0x3a, 0x06, 0x11, 0x06, 0x11, 0x83, 0x08, 0x83, 0x08, 0x63, 0x08, 0x63, 0x08,
    0x83, 0x08, 0x83, 0x08, 0x63, 0x08, 0x63, 0x08, 0x63, 0x08, 0x63, 0x08, 0x83, 0x08, 0x83, 0x08, 0x83, 0x08, 0x83, 0x08, 0xe5, 0x08, 0xe5, 0x08,
    0xe5, 0x10, 0xe5, 0x10, 0xe5, 0x08, 0xe5, 0x08, 0xe5, 0x08, 0xe5, 0x08, 0xe5, 0x08, 0xe5, 0x08, 0xe5, 0x08, 0xe5, 0x08, 0xc5, 0x10, 0xc5, 0x10,
    0xc5, 0x08, 0xc5, 0x08, 0xe5, 0x08, 0xe5, 0x08, 0xc5, 0x10, 0xc5, 0x10, 0xc5, 0x08, 0xc5, 0x08, 0xc5, 0x08, 0xc5, 0x08, 0xe5, 0x10, 0xe5, 0x10,
    0xc5, 0x08, 0xc5, 0x08, 0xc5, 0x08, 0xc5, 0x08, 0xc5, 0x08, 0xc5, 0x08, 0xc5, 0x08, 0xc5, 0x08, 0xc5, 0x08, 0xc5, 0x08, 0xe5, 0x10, 0xe5, 0x10,
    0xe5, 0x10, 0xe5, 0x10, 0xe6, 0x10, 0xe6, 0x10, 0xe5, 0x10, 0xe5, 0x10, 0x83, 0x08, 0x83, 0x08, 0x83, 0x08, 0x83, 0x08, 0x83, 0x08, 0x83, 0x08,
    0x83, 0x08, 0x83, 0x08, 0x63, 0x08, 0x63, 0x08, 0x83, 0x08, 0x83, 0x08, 0x83, 0x08, 0x83, 0x08, 0x63, 0x08, 0x63, 0x08, 0xe5, 0x08, 0xe5, 0x08,
    0xc5, 0x08, 0xc5, 0x08, 0xe5, 0x10, 0xe5, 0x10, 0xe5, 0x10, 0xe5, 0x10, 0xc4, 0x08, 0xc4, 0x08, 0xc4, 0x08, 0xc4, 0x08, 0x63, 0x08, 0x63, 0x08,
    0x63, 0x08, 0x63, 0x08, 0x62, 0x08, 0x62, 0x08, 0x63, 0x08, 0x63, 0x08, 0x63, 0x08, 0x63, 0x08, 0x63, 0x08, 0x63, 0x08, 0x63, 0x08, 0x63, 0x08,
    0x83, 0x08, 0x83, 0x08, 0x62, 0x08, 0x62, 0x08, 0x62, 0x08, 0x62, 0x08, 0x62, 0x08, 0x62, 0x08, 0x83, 0x08, 0x83, 0x08, 0x83, 0x08, 0x83, 0x08,
    0x83, 0x08, 0x83, 0x08, 0x83, 0x08, 0x83, 0x08, 0x83, 0x08, 0x83, 0x08, 0x63, 0x08, 0x63, 0x08, 0xe5, 0x10, 0xe5, 0x10, 0xe5, 0x10, 0xe5, 0x10,
    0x06, 0x19, 0x06, 0x19, 0xa8, 0x29, 0xa8, 0x29, 0x0a, 0x32, 0x0a, 0x32, 0x83, 0x08, 0x83, 0x08, 0xee, 0x52, 0xee, 0x52, 0xf2, 0x73, 0xf2, 0x73,
    0x67, 0x21, 0x67, 0x21, 0x32, 0x7c, 0x32, 0x7c, 0x47, 0x21, 0x47, 0x21, 0x06, 0x19, 0x06, 0x19, 0x63, 0x08, 0x63, 0x08, 0x63, 0x08, 0x63, 0x08,
    0x83, 0x08, 0x83, 0x08, 0x83, 0x08, 0x83, 0x08, 0x83, 0x08, 0x83, 0x08, 0x63, 0x08, 0x63, 0x08, 0x63, 0x08, 0x63, 0x08, 0x63, 0x08, 0x63, 0x08,
    0x63, 0x08, 0x63, 0x08, 0x83, 0x08, 0x83, 0x08, 0x63, 0x08, 0x63, 0x08, 0x83, 0x08, 0x83, 0x08, 0x83, 0x08, 0x83, 0x08, 0x83, 0x08, 0x83, 0x08,
    0x63, 0x08, 0x63, 0x08, 0x63, 0x08, 0x63, 0x08, 0x83, 0x08, 0x83, 0x08, 0x63, 0x08, 0x63, 0x08, 0x63, 0x08, 0x63, 0x08, 0x83, 0x08, 0x83, 0x08,
    0x83, 0x08, 0x83, 0x08, 0x83, 0x08, 0x83, 0x08, 0x83, 0x08, 0x83, 0x08, 0x83, 0x08, 0x83, 0x08, 0x83, 0x08, 0x83, 0x08, 0x83, 0x08, 0x83, 0x08,
    0x83, 0x08, 0x83, 0x08, 0x63, 0x08, 0x63, 0x08, 0xe6, 0x10, 0xe6, 0x10, 0xe5, 0x10, 0xe5, 0x10, 0xe6, 0x10, 0xe6, 0x10, 0x06, 0x19, 0x06, 0x19,
    0x46, 0x19, 0x46, 0x19, 0x2a, 0x3a, 0x2a, 0x3a, 0x0a, 0x3a, 0x0a, 0x3a, 0x06, 0x11, 0x06, 0x11, 0x83, 0x08, 0x83, 0x08, 0x63, 0x08, 0x63, 0x08,
    0x83, 0x08, 0x83, 0x08, 0x63, 0x08, 0x63, 0x08, 0x63, 0x08, 0x63, 0x08, 0x83, 0x08, 0x83, 0x08, 0x83, 0x08, 0x83, 0x08, 0xe5, 0x08, 0xe5, 0x08,
    0xe5, 0x10, 0xe5, 0x10, 0xe5, 0x08, 0xe5, 0x08, 0xe5, 0x08, 0xe5, 0x08, 0xe5, 0x08, 0xe5, 0x08, 0xe5, 0x08, 0xe5, 0x08, 0xc5, 0x10, 0xc5, 0x10,
    0xc5, 0x08, 0xc5, 0x08, 0xc5, 0x08, 0xc5, 0x08, 0xc5, 0x10, 0xc5, 0x10, 0xe5, 0x08, 0xe5, 0x08, 0xe5, 0x08, 0xe5, 0x08, 0xe5, 0x08, 0xe5, 0x08,
    0xe5, 0x10, 0xe5, 0x10, 0xe5, 0x08, 0xe5, 0x08, 0xe5, 0x10, 0xe5, 0x10, 0xe5, 0x08, 0xe5, 0x08, 0xe5, 0x08, 0xe5, 0x08, 0xe5, 0x10, 0xe5, 0x10,
    0xe5, 0x08, 0xe5, 0x08, 0xa4, 0x08, 0xa4, 0x08, 0x84, 0x08, 0x84, 0x08, 0x62, 0x08, 0x62, 0x08, 0x83, 0x08, 0x83, 0x08, 0x63, 0x08, 0x63, 0x08,
    0x83, 0x08, 0x83, 0x08, 0x83, 0x08, 0x83, 0x08, 0x63, 0x08, 0x63, 0x08, 0x83, 0x08, 0x83, 0x08, 0xc5, 0x08, 0xc5, 0x08, 0xc5, 0x10, 0xc5, 0x10,
    0xe5, 0x08, 0xe5, 0x08, 0xc5, 0x08, 0xc5, 0x08, 0xa4, 0x08, 0xa4, 0x08, 0x83, 0x08, 0x83, 0x08, 0x83, 0x08, 0x83, 0x08, 0x83, 0x08, 0x83, 0x08,
    0x83, 0x08, 0x83, 0x08, 0x63, 0x08, 0x63, 0x08, 0x83, 0x08, 0x83, 0x08, 0x63, 0x08, 0x63, 0x08, 0x83, 0x08, 0x83, 0x08, 0x83, 0x08, 0x83, 0x08,
    0x83, 0x08, 0x83, 0x08, 0x83, 0x08, 0x83, 0x08, 0x83, 0x08, 0x83, 0x08, 0x63, 0x08, 0x63, 0x08, 0x63, 0x08, 0x63, 0x08, 0x83, 0x08, 0x83, 0x08,
    0x83, 0x08, 0x83, 0x08, 0x83, 0x08, 0x83, 0x08, 0x83, 0x08, 0x83, 0x08, 0x06, 0x11, 0x06, 0x11, 0x83, 0x08, 0x83, 0x08, 0x06, 0x11, 0x06, 0x11,
    0x06, 0x19, 0x06, 0x19, 0x26, 0x19, 0x26, 0x19, 0x83, 0x08, 0x83, 0x08, 0x8c, 0x4a, 0x8c, 0x4a, 0x4f, 0x5b, 0x4f, 0x5b, 0x50, 0x5b, 0x50, 0x5b,
    0xf5, 0x9c, 0xf5, 0x9c, 0x62, 0x08, 0x62, 0x08, 0x67, 0x21, 0x67, 0x21, 0x83, 0x08, 0x83, 0x08, 0x63, 0x08, 0x63, 0x08, 0x63, 0x08, 0x63, 0x08,
    0x83, 0x08, 0x83, 0x08, 0x63, 0x08, 0x63, 0x08, 0x83, 0x08, 0x83, 0x08, 0x83, 0x08, 0x83, 0x08, 0x63, 0x08, 0x63, 0x08, 0x63, 0x08, 0x63, 0x08,
    0x83, 0x08, 0x83, 0x08, 0x83, 0x08, 0x83, 0x08, 0x63, 0x08, 0x63, 0x08, 0x83, 0x08, 0x83, 0x08, 0x83, 0x08, 0x83, 0x08, 0x63, 0x08, 0x63, 0x08,
    0x63, 0x08, 0x63, 0x08, 0x83, 0x08, 0x83, 0x08, 0x83, 0x08, 0x83, 0x08, 0x83, 0x08, 0x83, 0x08, 0x83, 0x08, 0x83, 0x08, 0x83, 0x08, 0x83, 0x08,
    0x83, 0x08, 0x83, 0x08, 0x63, 0x08, 0x63, 0x08, 0x83, 0x08, 0x83, 0x08, 0x83, 0x08, 0x83, 0x08, 0x63, 0x08, 0x63, 0x08, 0x83, 0x08, 0x83, 0x08,
    0x83, 0x08, 0x83, 0x08, 0x83, 0x08, 0x83, 0x08, 0x63, 0x08, 0x63, 0x08, 0x83, 0x08, 0x83, 0x08, 0x83, 0x08, 0x83, 0x08, 0x83, 0x08, 0x83, 0x08,
    0x83, 0x08, 0x83, 0x08, 0x83, 0x08, 0x83, 0x08, 0x83, 0x08, 0x83, 0x08, 0x83, 0x08, 0x83, 0x08, 0x83, 0x08, 0x83, 0x08, 0x83, 0x08, 0x83, 0x08,
    0x83, 0x08, 0x83, 0x08, 0xc5, 0x08, 0xc5, 0x08, 0xe5, 0x10, 0xe5, 0x10, 0xe5, 0x10, 0xe5, 0x10, 0xc5, 0x08, 0xc5, 0x08, 0xe5, 0x10, 0xe5, 0x10,
    0xe5, 0x08, 0xe5, 0x08, 0xe5, 0x10, 0xe5, 0x10, 0xe5, 0x08, 0xe5, 0x08, 0xe5, 0x08, 0xe5, 0x08, 0xe5, 0x08, 0xe5, 0x08, 0xe5, 0x10, 0xe5, 0x10,
    0xc5, 0x08, 0xc5, 0x08, 0xc5, 0x08, 0xc5, 0x08, 0xc5, 0x10, 0xc5, 0x10, 0xe5, 0x08, 0xe5, 0x08, 0xe5, 0x08, 0xe5, 0x08, 0xe5, 0x08, 0xe5, 0x08,
    0xe5, 0x10, 0xe5, 0x10, 0xe5, 0x08, 0xe5, 0x08, 0xe5, 0x10, 0xe5, 0x10, 0xe5, 0x08, 0xe5, 0x08, 0xe5, 0x08, 0xe5, 0x08, 0xe5, 0x10, 0xe5, 0x10,
    0xe5, 0x08, 0xe5, 0x08, 0xa4, 0x08, 0xa4, 0x08, 0x84, 0x08, 0x84, 0x08, 0x62, 0x08, 0x62, 0x08, 0x83, 0x08, 0x83, 0x08, 0x63, 0x08, 0x63, 0x08,
    0x83, 0x08, 0x83, 0x08, 0x83, 0x08, 0x83, 0x08, 0x63, 0x08, 0x63, 0x08, 0x83, 0x08, 0x83, 0x08, 0xc5, 0x08, 0xc5, 0x08, 0xc5, 0x10, 0xc5, 0x10,
    0xe5, 0x08, 0xe5, 0x08, 0xc5, 0x08, 0xc5, 0x08, 0xa4, 0x08, 0xa4, 0x08, 0x83, 0x08, 0x83, 0x08, 0x83, 0x08, 0x83, 0x08, 0x83, 0x08, 0x83, 0x08,
    0x83, 0x08, 0x83, 0x08, 0x63, 0x08, 0x63, 0x08, 0x83, 0x08, 0x83, 0x08, 0x63, 0x08, 0x63, 0x08, 0x83, 0x08, 0x83, 0x08, 0x83, 0x08, 0x83, 0x08,
    0x83, 0x08, 0x83, 0x08, 0x83, 0x08, 0x83, 0x08, 0x83, 0x08, 0x83, 0x08, 0x63, 0x08, 0x63, 0x08, 0x63, 0x08, 0x63, 0x08, 0x83, 0x08, 0x83, 0x08,
    0x83, 0x08, 0x83, 0x08, 0x83, 0x08, 0x83, 0x08, 0x83, 0x08, 0x83, 0x08, 0x06, 0x11, 0x06, 0x11, 0x83, 0x08, 0x83, 0x08, 0x06, 0x11, 0x06, 0x11,
    0x06, 0x19, 0x06, 0x19, 0x26, 0x19, 0x26, 0x19, 0x83, 0x08, 0x83, 0x08, 0x8c, 0x4a, 0x8c, 0x4a, 0x4f, 0x5b, 0x4f, 0x5b, 0x50, 0x5b, 0x50, 0x5b,
    0xf5, 0x9c, 0xf5, 0x9c, 0x62, 0x08, 0x62, 0x08, 0x67, 0x21, 0x67, 0x21, 0x83, 0x08, 0x83, 0x08, 0x63, 0x08, 0x63, 0x08, 0x63, 0x08, 0x63, 0x08,
    0x83, 0x08, 0x83, 0x08, 0x63, 0x08, 0x63, 0x08, 0x83, 0x08, 0x83, 0x08, 0x83, 0x08, 0x83, 0x08, 0x63, 0x08, 0x63, 0x08, 0x63, 0x08, 0x63, 0x08,
    0x83, 0x08, 0x83, 0x08, 0x83, 0x08, 0x83, 0x08, 0x63, 0x08, 0x63, 0x08, 0x83, 0x08, 0x83, 0x08, 0x83, 0x08, 0x83, 0x08, 0x63, 0x08, 0x63, 0x08,
    0x63, 0x08, 0x63, 0x08, 0x83, 0x08, 0x83, 0x08, 0x83, 0x08, 0x83, 0x08, 0x83, 0x08, 0x83, 0x08, 0x83, 0x08, 0x83, 0x08, 0x83, 0x08, 0x83, 0x08,
    0x83, 0x08, 0x83, 0x08, 0x63, 0x08, 0x63, 0x08, 0x83, 0x08, 0x83, 0x08, 0x83, 0x08, 0x83, 0x08, 0x63, 0x08, 0x63, 0x08, 0x83, 0x08, 0x83, 0x08,
    0x83, 0x08, 0x83, 0x08, 0x83, 0x08, 0x83, 0x08, 0x63, 0x08, 0x63, 0x08, 0x83, 0x08, 0x83, 0x08, 0x83, 0x08, 0x83, 0x08, 0x83, 0x08, 0x83, 0x08,
    0x83, 0x08, 0x83, 0x08, 0x83, 0x08, 0x83, 0x08, 0x83, 0x08, 0x83, 0x08, 0x83, 0x08, 0x83, 0x08, 0x83, 0x08, 0x83, 0x08, 0x83, 0x08, 0x83, 0x08,
    0x83, 0x08, 0x83, 0x08, 0xc5, 0x08, 0xc5, 0x08, 0xe5, 0x10, 0xe5, 0x10, 0xe5, 0x10, 0xe5, 0x10, 0xc5, 0x08, 0xc5, 0x08, 0xe5, 0x10, 0xe5, 0x10,
    0xe5, 0x08, 0xe5, 0x08, 0xe5, 0x10, 0xe5, 0x10, 0xe5, 0x08, 0xe5, 0x08, 0xe5, 0x08, 0xe5, 0x08, 0xe5, 0x08, 0xe5, 0x08, 0xe5, 0x10, 0xe5, 0x10,
    0xc5, 0x08, 0xc5, 0x08, 0xc5, 0x10, 0xc5, 0x10, 0xc5, 0x10, 0xc5, 0x10, 0xc5, 0x10, 0xc5, 0x10, 0xe5, 0x08, 0xe5, 0x08, 0xc5, 0x08, 0xc5, 0x08,
    0xe5, 0x10, 0xe5, 0x10, 0xe5, 0x10, 0xe5, 0x10, 0x83, 0x08, 0x83, 0x08, 0x83, 0x08, 0x83, 0x08, 0x83, 0x08, 0x83, 0x08, 0x83, 0x08, 0x83, 0x08,
    0x83, 0x08, 0x83, 0x08, 0x83, 0x08, 0x83, 0x08, 0x63, 0x08, 0x63, 0x08, 0x63, 0x08, 0x63, 0x08, 0x63, 0x08, 0x63, 0x08, 0x63, 0x08, 0x63, 0x08,
    0x83, 0x08, 0x83, 0x08, 0x83, 0x08, 0x83, 0x08, 0x83, 0x08, 0x83, 0x08, 0x63, 0x08, 0x63, 0x08, 0x63, 0x08, 0x63, 0x08, 0x83, 0x08, 0x83, 0x08,
    0x63, 0x08, 0x63, 0x08, 0x83, 0x08, 0x83, 0x08, 0x63, 0x08, 0x63, 0x08, 0x83, 0x08, 0x83, 0x08, 0x83, 0x08, 0x83, 0x08, 0x83, 0x08, 0x83, 0x08,
    0x83, 0x08, 0x83, 0x08, 0x63, 0x08, 0x63, 0x08, 0x83, 0x08, 0x83, 0x08, 0x83, 0x08, 0x83, 0x08, 0x83, 0x08, 0x83, 0x08, 0x63, 0x08, 0x63, 0x08,
    0x83, 0x08, 0x83, 0x08, 0x83, 0x08, 0x83, 0x08, 0x83, 0x08, 0x83, 0x08, 0x83, 0x08, 0x83, 0x08, 0x83, 0x08, 0x83, 0x08, 0x63, 0x08, 0x63, 0x08,
    0x83, 0x08, 0x83, 0x08, 0x83, 0x08, 0x83, 0x08, 0x63, 0x08, 0x63, 0x08, 0x63, 0x08, 0x63, 0x08, 0xe5, 0x10, 0xe5, 0x10, 0xe5, 0x10, 0xe5, 0x10,
    0xe5, 0x10, 0xe5, 0x10, 0x06, 0x11, 0x06, 0x11, 0x67, 0x21, 0x67, 0x21, 0x46, 0x21, 0x46, 0x21, 0x06, 0x19, 0x06, 0x19, 0xa4, 0x10, 0xa4, 0x10,
    0x46, 0x21, 0x46, 0x21, 0xa8, 0x31, 0xa8, 0x31, 0x26, 0x19, 0x26, 0x19, 0x63, 0x08, 0x63, 0x08, 0x83, 0x08, 0x83, 0x08, 0x83, 0x08, 0x83, 0x08,
    0x83, 0x08, 0x83, 0x08, 0x83, 0x08, 0x83, 0x08, 0x83, 0x08, 0x83, 0x08, 0x83, 0x08, 0x83, 0x08, 0x83, 0x08, 0x83, 0x08, 0x83, 0x08, 0x83, 0x08,
    0x63, 0x08, 0x63, 0x08, 0x83, 0x08, 0x83, 0x08, 0x63, 0x08, 0x63, 0x08, 0x63, 0x08, 0x63, 0x08, 0x83, 0x08, 0x83, 0x08, 0x83, 0x08, 0x83, 0x08,
    0x63, 0x08, 0x63, 0x08, 0x83, 0x08, 0x83, 0x08, 0x63, 0x08, 0x63, 0x08, 0x63, 0x08, 0x63, 0x08, 0x83, 0x08, 0x83, 0x08, 0x83, 0x08, 0x83, 0x08,
    0x83, 0x08, 0x83, 0x08, 0x83, 0x08, 0x83, 0x08, 0x83, 0x08, 0x83, 0x08, 0x83, 0x08, 0x83, 0x08, 0x83, 0x08, 0x83, 0x08, 0x83, 0x08, 0x83, 0x08,
    0x83, 0x08, 0x83, 0x08, 0x83, 0x08, 0x83, 0x08, 0xe5, 0x08, 0xe5, 0x08, 0xe5, 0x08, 0xe5, 0x08, 0xe5, 0x08, 0xe5, 0x08, 0xe5, 0x10, 0xe5, 0x10,
    0xc5, 0x10, 0xc5, 0x10, 0xe5, 0x08, 0xe5, 0x08, 0xe5, 0x08, 0xe5, 0x08, 0xe5, 0x08, 0xe5, 0x08, 0xe5, 0x08, 0xe5, 0x08, 0xe5, 0x08, 0xe5, 0x08,
    0xe5, 0x10, 0xe5, 0x10, 0xe5, 0x10, 0xe5, 0x10, 0xe5, 0x08, 0xe5, 0x08, 0xe5, 0x10, 0xe5, 0x10, 0xe5, 0x10, 0xe5, 0x10, 0xe5, 0x10, 0xe5, 0x10,
    0xe5, 0x08, 0xe5, 0x08, 0xe5, 0x08, 0xe5, 0x08, 0xe5, 0x08, 0xe5, 0x08, 0xe5, 0x08, 0xe5, 0x08, 0xe5, 0x08, 0xe5, 0x08, 0xc5, 0x08, 0xc5, 0x08,
    0xc5, 0x08, 0xc5, 0x08, 0xc5, 0x10, 0xc5, 0x10, 0xc5, 0x10, 0xc5, 0x10, 0xc5, 0x10, 0xc5, 0x10, 0xe5, 0x08, 0xe5, 0x08, 0xc5, 0x08, 0xc5, 0x08,
    0xe5, 0x10, 0xe5, 0x10, 0xe5, 0x10, 0xe5, 0x10, 0x83, 0x08, 0x83, 0x08, 0x83, 0x08, 0x83, 0x08, 0x83, 0x08, 0x83, 0x08, 0x83, 0x08, 0x83, 0x08,
    0x83, 0x08, 0x83, 0x08, 0x83, 0x08, 0x83, 0x08, 0x63, 0x08, 0x63, 0x08, 0x63, 0x08, 0x63, 0x08, 0x63, 0x08, 0x63, 0x08, 0x63, 0x08, 0x63, 0x08,
    0x83, 0x08, 0x83, 0x08, 0x83, 0x08, 0x83, 0x08, 0x83, 0x08, 0x83, 0x08, 0x63, 0x08, 0x63, 0x08, 0x63, 0x08, 0x63, 0x08, 0x83, 0x08, 0x83, 0x08,
    0x63, 0x08, 0x63, 0x08, 0x83, 0x08, 0x83, 0x08, 0x63, 0x08, 0x63, 0x08, 0x83, 0x08, 0x83, 0x08, 0x83, 0x08, 0x83, 0x08, 0x83, 0x08, 0x83, 0x08,
    0x83, 0x08, 0x83, 0x08, 0x63, 0x08, 0x63, 0x08, 0x83, 0x08, 0x83, 0x08, 0x83, 0x08, 0x83, 0x08, 0x83, 0x08, 0x83, 0x08, 0x63, 0x08, 0x63, 0x08,
    0x83, 0x08, 0x83, 0x08, 0x83, 0x08, 0x83, 0x08, 0x83, 0x08, 0x83, 0x08, 0x83, 0x08, 0x83, 0x08, 0x83, 0x08, 0x83, 0x08, 0x63, 0x08, 0x63, 0x08,
    0x83, 0x08, 0x83, 0x08, 0x83, 0x08, 0x83, 0x08, 0x63, 0x08, 0x63, 0x08, 0x63, 0x08, 0x63, 0x08, 0xe5, 0x10, 0xe5, 0x10, 0xe5, 0x10, 0xe5, 0x10,
    0xe5, 0x10, 0xe5, 0x10, 0x06, 0x11, 0x06, 0x11, 0x67, 0x21, 0x67, 0x21, 0x46, 0x21, 0x46, 0x21, 0x06, 0x19, 0x06, 0x19, 0xa4, 0x10, 0xa4, 0x10,
    0x46, 0x21, 0x46, 0x21, 0xa8, 0x31, 0xa8, 0x31, 0x26, 0x19, 0x26, 0x19, 0x63, 0x08, 0x63, 0x08, 0x83, 0x08, 0x83, 0x08, 0x83, 0x08, 0x83, 0x08,
    0x83, 0x08, 0x83, 0x08, 0x83, 0x08, 0x83, 0x08, 0x83, 0x08, 0x83, 0x08, 0x83, 0x08, 0x83, 0x08, 0x83, 0x08, 0x83, 0x08, 0x83, 0x08, 0x83, 0x08,
    0x63, 0x08, 0x63, 0x08, 0x83, 0x08, 0x83, 0x08, 0x63, 0x08, 0x63, 0x08, 0x63, 0x08, 0x63, 0x08, 0x83, 0x08, 0x83, 0x08, 0x83, 0x08, 0x83, 0x08,
    0x63, 0x08, 0x63, 0x08, 0x83, 0x08, 0x83, 0x08, 0x63, 0x08, 0x63, 0x08, 0x63, 0x08, 0x63, 0x08, 0x83, 0x08, 0x83, 0x08, 0x83, 0x08, 0x83, 0x08,
    0x83, 0x08, 0x83, 0x08, 0x83, 0x08, 0x83, 0x08, 0x83, 0x08, 0x83, 0x08, 0x83, 0x08, 0x83, 0x08, 0x83, 0x08, 0x83, 0x08, 0x83, 0x08, 0x83, 0x08,
    0x83, 0x08, 0x83, 0x08, 0x83, 0x08, 0x83, 0x08, 0xe5, 0x08, 0xe5, 0x08, 0xe5, 0x08, 0xe5, 0x08, 0xe5, 0x08, 0xe5, 0x08, 0xe5, 0x10, 0xe5, 0x10,
    0xc5, 0x10, 0xc5, 0x10, 0xe5, 0x08, 0xe5, 0x08, 0xe5, 0x08, 0xe5, 0x08, 0xe5, 0x08, 0xe5, 0x08, 0xe5, 0x08, 0xe5, 0x08, 0xe5, 0x08, 0xe5, 0x08,
    0xe5, 0x10, 0xe5, 0x10, 0xe5, 0x10, 0xe5, 0x10, 0xe5, 0x08, 0xe5, 0x08, 0xe5, 0x10, 0xe5, 0x10, 0xe5, 0x10, 0xe5, 0x10, 0xe5, 0x10, 0xe5, 0x10,
    0xe5, 0x08, 0xe5, 0x08, 0xe5, 0x08, 0xe5, 0x08, 0xe5, 0x08, 0xe5, 0x08, 0xe5, 0x08, 0xe5, 0x08, 0xe5, 0x08, 0xe5, 0x08, 0xc5, 0x08, 0xc5, 0x08,
    0xe5, 0x08, 0xe5, 0x08, 0xc5, 0x10, 0xc5, 0x10, 0xe5, 0x08, 0xe5, 0x08, 0xc5, 0x10, 0xc5, 0x10, 0xe5, 0x10, 0xe5, 0x10, 0xe5, 0x10, 0xe5, 0x10,
    0xc5, 0x10, 0xc5, 0x10, 0xc5, 0x08, 0xc5, 0x08, 0xe6, 0x10, 0xe6, 0x10, 0xc5, 0x08, 0xc5, 0x08, 0x63, 0x08, 0x63, 0x08, 0x63, 0x08, 0x63, 0x08,
    0x83, 0x08, 0x83, 0x08, 0x83, 0x08, 0x83, 0x08, 0x63, 0x08, 0x63, 0x08, 0x83, 0x08, 0x83, 0x08, 0x63, 0x08, 0x63, 0x08, 0x83, 0x08, 0x83, 0x08,
    0x83, 0x08, 0x83, 0x08, 0x63, 0x08, 0x63, 0x08, 0x83, 0x08, 0x83, 0x08, 0x83, 0x08, 0x83, 0x08, 0x63, 0x08, 0x63, 0x08, 0x83, 0x08, 0x83, 0x08,
    0x83, 0x08, 0x83, 0x08, 0x63, 0x08, 0x63, 0x08, 0x63, 0x08, 0x63, 0x08, 0x63, 0x08, 0x63, 0x08, 0x83, 0x08, 0x83, 0x08, 0x83, 0x08, 0x83, 0x08,
    0x83, 0x08, 0x83, 0x08, 0x83, 0x08, 0x83, 0x08, 0x83, 0x08, 0x83, 0x08, 0x83, 0x08, 0x83, 0x08, 0x63, 0x08, 0x63, 0x08, 0x83, 0x08, 0x83, 0x08,
    0x63, 0x08, 0x63, 0x08, 0x83, 0x08, 0x83, 0x08, 0x83, 0x08, 0x83, 0x08, 0x83, 0x08, 0x83, 0x08, 0x83, 0x08, 0x83, 0x08, 0x83, 0x08, 0x83, 0x08,
    0x83, 0x08, 0x83, 0x08, 0x63, 0x08, 0x63, 0x08, 0x83, 0x08, 0x83, 0x08, 0x63, 0x08, 0x63, 0x08, 0xc4, 0x08, 0xc4, 0x08, 0xc5, 0x10, 0xc5, 0x10,
    0x83, 0x00, 0x83, 0x00, 0x42, 0x00, 0x42, 0x00, 0xe5, 0x10, 0xe5, 0x10, 0x47, 0x21, 0x47, 0x21, 0x26, 0x19, 0x26, 0x19, 0xc8, 0x31, 0xc8, 0x31,
    0x26, 0x19, 0x26, 0x19, 0x05, 0x11, 0x05, 0x11, 0x63, 0x08, 0x63, 0x08, 0x63, 0x08, 0x63, 0x08, 0x83, 0x08, 0x83, 0x08, 0x63, 0x08, 0x63, 0x08,
    0x83, 0x08, 0x83, 0x08, 0x63, 0x08, 0x63, 0x08, 0x83, 0x08, 0x83, 0x08, 0x83, 0x08, 0x83, 0x08, 0x63, 0x08, 0x63, 0x08, 0x63, 0x08, 0x63, 0x08,
    0x83, 0x08, 0x83, 0x08, 0x83, 0x08, 0x83, 0x08, 0x83, 0x08, 0x83, 0x08, 0x83, 0x08, 0x83, 0x08, 0x63, 0x08, 0x63, 0x08, 0x83, 0x08, 0x83, 0x08,
    0x83, 0x08, 0x83, 0x08, 0x63, 0x08, 0x63, 0x08, 0xe5, 0x08, 0xe5, 0x08, 0xe5, 0x08, 0xe5, 0x08, 0xe5, 0x08, 0xe5, 0x08, 0xe6, 0x08, 0xe6, 0x08,
    0xe5, 0x10, 0xe5, 0x10, 0xe5, 0x08, 0xe5, 0x08, 0xc5, 0x10, 0xc5, 0x10, 0xe5, 0x10, 0xe5, 0x10, 0xe5, 0x10, 0xe5, 0x10, 0xe5, 0x10, 0xe5, 0x10,
    0xe5, 0x08, 0xe5, 0x08, 0xe5, 0x08, 0xe5, 0x08, 0xc5, 0x08, 0xc5, 0x08, 0xc5, 0x08, 0xc5, 0x08, 0xe5, 0x08, 0xe5, 0x08, 0xe5, 0x10, 0xe5, 0x10,
    0xe5, 0x08, 0xe5, 0x08, 0xe5, 0x10, 0xe5, 0x10, 0xe5, 0x10, 0xe5, 0x10, 0xc5, 0x10, 0xc5, 0x10, 0xe5, 0x08, 0xe5, 0x08, 0xe5, 0x10, 0xe5, 0x10,
    0xe6, 0x10, 0xe6, 0x10, 0xc5, 0x08, 0xc5, 0x08, 0xe5, 0x08, 0xe5, 0x08, 0xe5, 0x10, 0xe5, 0x10, 0xe5, 0x10, 0xe5, 0x10, 0xe5, 0x10, 0xe5, 0x10,
    0xe5, 0x10, 0xe5, 0x10, 0xe5, 0x10, 0xe5, 0x10, 0xe5, 0x10, 0xe5, 0x10, 0xe5, 0x08, 0xe5, 0x08, 0xe5, 0x08, 0xe5, 0x08, 0xe5, 0x10, 0xe5, 0x10,
    0xe5, 0x08, 0xe5, 0x08, 0xc5, 0x10, 0xc5, 0x10, 0xe5, 0x08, 0xe5, 0x08, 0xc5, 0x10, 0xc5, 0x10, 0xe5, 0x10, 0xe5, 0x10, 0xe5, 0x10, 0xe5, 0x10,
    0xc5, 0x10, 0xc5, 0x10, 0xc5, 0x08, 0xc5, 0x08, 0xe6, 0x10, 0xe6, 0x10, 0xc5, 0x08, 0xc5, 0x08, 0x63, 0x08, 0x63, 0x08, 0x63, 0x08, 0x63, 0x08,
    0x83, 0x08, 0x83, 0x08, 0x83, 0x08, 0x83, 0x08, 0x63, 0x08, 0x63, 0x08, 0x83, 0x08, 0x83, 0x08, 0x63, 0x08, 0x63, 0x08, 0x83, 0x08, 0x83, 0x08,
    0x83, 0x08, 0x83, 0x08, 0x63, 0x08, 0x63, 0x08, 0x83, 0x08, 0x83, 0x08, 0x83, 0x08, 0x83, 0x08, 0x63, 0x08, 0x63, 0x08, 0x83, 0x08, 0x83, 0x08,
    0x83, 0x08, 0x83, 0x08, 0x63, 0x08, 0x63, 0x08, 0x63, 0x08, 0x63, 0x08, 0x63, 0x08, 0x63, 0x08, 0x83, 0x08, 0x83, 0x08, 0x83, 0x08, 0x83, 0x08,
    0x83, 0x08, 0x83, 0x08, 0x83, 0x08, 0x83, 0x08, 0x83, 0x08, 0x83, 0x08, 0x83, 0x08, 0x83, 0x08, 0x63, 0x08, 0x63, 0x08, 0x83, 0x08, 0x83, 0x08,
    0x63, 0x08, 0x63, 0x08, 0x83, 0x08, 0x83, 0x08, 0x83, 0x08, 0x83, 0x08, 0x83, 0x08, 0x83, 0x08, 0x83, 0x08, 0x83, 0x08, 0x83, 0x08, 0x83, 0x08,
    0x83, 0x08, 0x83, 0x08, 0x63, 0x08, 0x63, 0x08, 0x83, 0x08, 0x83, 0x08, 0x63, 0x08, 0x63, 0x08, 0xc4, 0x08, 0xc4, 0x08, 0xc5, 0x10, 0xc5, 0x10,
    0x83, 0x00, 0x83, 0x00, 0x42, 0x00, 0x42, 0x00, 0xe5, 0x10, 0xe5, 0x10, 0x47, 0x21, 0x47, 0x21, 0x26, 0x19, 0x26, 0x19, 0xc8, 0x31, 0xc8, 0x31,
    0x26, 0x19, 0x26, 0x19, 0x05, 0x11, 0x05, 0x11, 0x63, 0x08, 0x63, 0x08, 0x63, 0x08, 0x63, 0x08, 0x83, 0x08, 0x83, 0x08, 0x63, 0x08, 0x63, 0x08,
    0x83, 0x08, 0x83, 0x08, 0x63, 0x08, 0x63, 0x08, 0x83, 0x08, 0x83, 0x08, 0x83, 0x08, 0x83, 0x08, 0x63, 0x08, 0x63, 0x08, 0x63, 0x08, 0x63, 0x08,
    0x83, 0x08, 0x83, 0x08, 0x83, 0x08, 0x83, 0x08, 0x83, 0x08, 0x83, 0x08, 0x83, 0x08, 0x83, 0x08, 0x63, 0x08, 0x63, 0x08, 0x83, 0x08, 0x83, 0x08,
    0x83, 0x08, 0x83, 0x08, 0x63, 0x08, 0x63, 0x08, 0xe5, 0x08, 0xe5, 0x08, 0xe5, 0x08, 0xe5, 0x08, 0xe5, 0x08, 0xe5, 0x08, 0xe6, 0x08, 0xe6, 0x08,
    0xe5, 0x10, 0xe5, 0x10, 0xe5, 0x08, 0xe5, 0x08, 0xc5, 0x10, 0xc5, 0x10, 0xe5, 0x10, 0xe5, 0x10, 0xe5, 0x10, 0xe5, 0x10, 0xe5, 0x10, 0xe5, 0x10,
    0xe5, 0x08, 0xe5, 0x08, 0xe5, 0x08, 0xe5, 0x08, 0xc5, 0x08, 0xc5, 0x08, 0xc5, 0x08, 0xc5, 0x08, 0xe5, 0x08, 0xe5, 0x08, 0xe5, 0x10, 0xe5, 0x10,
    0xe5, 0x08, 0xe5, 0x08, 0xe5, 0x10, 0xe5, 0x10, 0xe5, 0x10, 0xe5, 0x10, 0xc5, 0x10, 0xc5, 0x10, 0xe5, 0x08, 0xe5, 0x08, 0xe5, 0x10, 0xe5, 0x10,
    0xe6, 0x10, 0xe6, 0x10, 0xc5, 0x08, 0xc5, 0x08, 0xe5, 0x08, 0xe5, 0x08, 0xe5, 0x10, 0xe5, 0x10, 0xe5, 0x10, 0xe5, 0x10, 0xe5, 0x10, 0xe5, 0x10,
    0xe5, 0x10, 0xe5, 0x10, 0xe5, 0x10, 0xe5, 0x10, 0xe5, 0x10, 0xe5, 0x10, 0xe5, 0x08, 0xe5, 0x08, 0xe5, 0x08, 0xe5, 0x08, 0xe5, 0x10, 0xe5, 0x10,
    0xe5, 0x08, 0xe5, 0x08, 0xc5, 0x08, 0xc5, 0x08, 0xc5, 0x10, 0xc5, 0x10, 0xe5, 0x08, 0xe5, 0x08, 0xe5, 0x08, 0xe5, 0x08, 0xc5, 0x08, 0xc5, 0x08,
    0xe5, 0x10, 0xe5, 0x10, 0xe5, 0x08, 0xe5, 0x08, 0xc5, 0x10, 0xc5, 0x10, 0xc5, 0x10, 0xc5, 0x10, 0xc5, 0x10, 0xc5, 0x10, 0xc5, 0x08, 0xc5, 0x08,
    0xe5, 0x08, 0xe5, 0x08, 0xe5, 0x08, 0xe5, 0x08, 0xe5, 0x08, 0xe5, 0x08, 0xc5, 0x08, 0xc5, 0x08, 0xe5, 0x08, 0xe5, 0x08, 0xc5, 0x08, 0xc5, 0x08,
    0xc5, 0x08, 0xc5, 0x08, 0xc5, 0x08, 0xc5, 0x08, 0xc5, 0x08, 0xc5, 0x08, 0xc5, 0x08, 0xc5, 0x08, 0xc5, 0x08, 0xc5, 0x08, 0xc5, 0x08, 0xc5, 0x08,
    0x83, 0x08, 0x83, 0x08, 0x83, 0x08, 0x83, 0x08, 0x63, 0x08, 0x63, 0x08, 0x63, 0x08, 0x63, 0x08, 0x63, 0x08, 0x63, 0x08, 0x83, 0x08, 0x83, 0x08,
    0x63, 0x08, 0x63, 0x08, 0x63, 0x08, 0x63, 0x08, 0x83, 0x08, 0x83, 0x08, 0x63, 0x08, 0x63, 0x08, 0x83, 0x08, 0x83, 0x08, 0x63, 0x08, 0x63, 0x08,
    0x63, 0x08, 0x63, 0x08, 0x83, 0x08, 0x83, 0x08, 0x83, 0x08, 0x83, 0x08, 0x63, 0x08, 0x63, 0x08, 0x83, 0x08, 0x83, 0x08, 0x63, 0x08, 0x63, 0x08,
    0x83, 0x08, 0x83, 0x08, 0x63, 0x08, 0x63, 0x08, 0x63, 0x08, 0x63, 0x08, 0x63, 0x08, 0x63, 0x08, 0x63, 0x08, 0x63, 0x08, 0x63, 0x08, 0x63, 0x08,
    0x83, 0x08, 0x83, 0x08, 0x83, 0x08, 0x83, 0x08, 0x83, 0x08, 0x83, 0x08, 0xe5, 0x10, 0xe5, 0x10, 0xe5, 0x10, 0xe5, 0x10, 0xe5, 0x10, 0xe5, 0x10,
    0xa4, 0x08, 0xa4, 0x08, 0x63, 0x08, 0x63, 0x08, 0x83, 0x08, 0x83, 0x08, 0x63, 0x08, 0x63, 0x08, 0x83, 0x08, 0x83, 0x08, 0x62, 0x08, 0x62, 0x08,
    0x62, 0x08, 0x62, 0x08, 0x63, 0x08, 0x63, 0x08, 0x63, 0x08, 0x63, 0x08, 0xc5, 0x08, 0xc5, 0x08, 0xe5, 0x08, 0xe5, 0x08, 0xc5, 0x08, 0xc5, 0x08,
    0xe5, 0x08, 0xe5, 0x08, 0xe5, 0x08, 0xe5, 0x08, 0xe5, 0x08, 0xe5, 0x08, 0xc5, 0x08, 0xc5, 0x08, 0xc5, 0x08, 0xc5, 0x08, 0xe5, 0x08, 0xe5, 0x08,
    0xe5, 0x10, 0xe5, 0x10, 0xe5, 0x10, 0xe5, 0x10, 0xc5, 0x08, 0xc5, 0x08, 0xe5, 0x08, 0xe5, 0x08, 0xe5, 0x08, 0xe5, 0x08, 0xe5, 0x10, 0xe5, 0x10,
    0xe5, 0x08, 0xe5, 0x08, 0xe5, 0x10, 0xe5, 0x10, 0xe5, 0x08, 0xe5, 0x08, 0xc5, 0x08, 0xc5, 0x08, 0xe5, 0x08, 0xe5, 0x08, 0xc5, 0x08, 0xc5, 0x08,
    0xe5, 0x08, 0xe5, 0x08, 0xc5, 0x10, 0xc5, 0x10, 0xe5, 0x08, 0xe5, 0x08, 0xe5, 0x08, 0xe5, 0x08, 0xe5, 0x08, 0xe5, 0x08, 0xc5, 0x10, 0xc5, 0x10,
    0xe5, 0x10, 0xe5, 0x10, 0xe5, 0x10, 0xe5, 0x10, 0xe5, 0x10, 0xe5, 0x10, 0xe5, 0x10, 0xe5, 0x10, 0xe5, 0x08, 0xe5, 0x08, 0xe5, 0x10, 0xe5, 0x10,
    0xe5, 0x08, 0xe5, 0x08, 0xe5, 0x08, 0xe5, 0x08, 0xe5, 0x08, 0xe5, 0x08, 0xe5, 0x10, 0xe5, 0x10, 0xe5, 0x10, 0xe5, 0x10, 0xe5, 0x08, 0xe5, 0x08,
    0xe5, 0x08, 0xe5, 0x08, 0xe5, 0x10, 0xe5, 0x10, 0xe5, 0x10, 0xe5, 0x10, 0xe5, 0x08, 0xe5, 0x08, 0xe5, 0x08, 0xe5, 0x08, 0xc5, 0x08, 0xc5, 0x08,
    0xe5, 0x08, 0xe5, 0x08, 0xc5, 0x08, 0xc5, 0x08, 0xc5, 0x10, 0xc5, 0x10, 0xe5, 0x08, 0xe5, 0x08, 0xe5, 0x08, 0xe5, 0x08, 0xc5, 0x08, 0xc5, 0x08,
    0xe5, 0x10, 0xe5, 0x10, 0xe5, 0x08, 0xe5, 0x08, 0xc5, 0x10, 0xc5, 0x10, 0xc5, 0x10, 0xc5, 0x10, 0xc5, 0x10, 0xc5, 0x10, 0xc5, 0x08, 0xc5, 0x08,
    0xe5, 0x08, 0xe5, 0x08, 0xe5, 0x08, 0xe5, 0x08, 0xe5, 0x08, 0xe5, 0x08, 0xc5, 0x08, 0xc5, 0x08, 0xe5, 0x08, 0xe5, 0x08, 0xc5, 0x08, 0xc5, 0x08,
    0xc5, 0x08, 0xc5, 0x08, 0xc5, 0x08, 0xc5, 0x08, 0xc5, 0x08, 0xc5, 0x08, 0xc5, 0x08, 0xc5, 0x08, 0xc5, 0x08, 0xc5, 0x08, 0xc5, 0x08, 0xc5, 0x08,
    0x83, 0x08, 0x83, 0x08, 0x83, 0x08, 0x83, 0x08, 0x63, 0x08, 0x63, 0x08, 0x63, 0x08, 0x63, 0x08, 0x63, 0x08, 0x63, 0x08, 0x83, 0x08, 0x83, 0x08,
    0x63, 0x08, 0x63, 0x08, 0x63, 0x08, 0x63, 0x08, 0x83, 0x08, 0x83, 0x08, 0x63, 0x08, 0x63, 0x08, 0x83, 0x08, 0x83, 0x08, 0x63, 0x08, 0x63, 0x08,
    0x63, 0x08, 0x63, 0x08, 0x83, 0x08, 0x83, 0x08, 0x83, 0x08, 0x83, 0x08, 0x63, 0x08, 0x63, 0x08, 0x83, 0x08, 0x83, 0x08, 0x63, 0x08, 0x63, 0x08,
    0x83, 0x08, 0x83, 0x08, 0x63, 0x08, 0x63, 0x08, 0x63, 0x08, 0x63, 0x08, 0x63, 0x08, 0x63, 0x08, 0x63, 0x08, 0x63, 0x08, 0x63, 0x08, 0x63, 0x08,
    0x83, 0x08, 0x83, 0x08, 0x83, 0x08, 0x83, 0x08, 0x83, 0x08, 0x83, 0x08, 0xe5, 0x10, 0xe5, 0x10, 0xe5, 0x10, 0xe5, 0x10, 0xe5, 0x10, 0xe5, 0x10,
    0xa4, 0x08, 0xa4, 0x08, 0x63, 0x08, 0x63, 0x08, 0x83, 0x08, 0x83, 0x08, 0x63, 0x08, 0x63, 0x08, 0x83, 0x08, 0x83, 0x08, 0x62, 0x08, 0x62, 0x08,
    0x62, 0x08, 0x62, 0x08, 0x63, 0x08, 0x63, 0x08, 0x63, 0x08, 0x63, 0x08, 0xc5, 0x08, 0xc5, 0x08, 0xe5, 0x08, 0xe5, 0x08, 0xc5, 0x08, 0xc5, 0x08,
    0xe5, 0x08, 0xe5, 0x08, 0xe5, 0x08, 0xe5, 0x08, 0xe5, 0x08, 0xe5, 0x08, 0xc5, 0x08, 0xc5, 0x08, 0xc5, 0x08, 0xc5, 0x08, 0xe5, 0x08, 0xe5, 0x08,
    0xe5, 0x10, 0xe5, 0x10, 0xe5, 0x10, 0xe5, 0x10, 0xc5, 0x08, 0xc5, 0x08, 0xe5, 0x08, 0xe5, 0x08, 0xe5, 0x08, 0xe5, 0x08, 0xe5, 0x10, 0xe5, 0x10,
    0xe5, 0x08, 0xe5, 0x08, 0xe5, 0x10, 0xe5, 0x10, 0xe5, 0x08, 0xe5, 0x08, 0xc5, 0x08, 0xc5, 0x08, 0xe5, 0x08, 0xe5, 0x08, 0xc5, 0x08, 0xc5, 0x08,
    0xe5, 0x08, 0xe5, 0x08, 0xc5, 0x10, 0xc5, 0x10, 0xe5, 0x08, 0xe5, 0x08, 0xe5, 0x08, 0xe5, 0x08, 0xe5, 0x08, 0xe5, 0x08, 0xc5, 0x10, 0xc5, 0x10,
    0xe5, 0x10, 0xe5, 0x10, 0xe5, 0x10, 0xe5, 0x10, 0xe5, 0x10, 0xe5, 0x10, 0xe5, 0x10, 0xe5, 0x10, 0xe5, 0x08, 0xe5, 0x08, 0xe5, 0x10, 0xe5, 0x10,
    0xe5, 0x08, 0xe5, 0x08, 0xe5, 0x08, 0xe5, 0x08, 0xe5, 0x08, 0xe5, 0x08, 0xe5, 0x10, 0xe5, 0x10, 0xe5, 0x10, 0xe5, 0x10, 0xe5, 0x08, 0xe5, 0x08,
    0xe5, 0x08, 0xe5, 0x08, 0xe5, 0x10, 0xe5, 0x10, 0xe5, 0x10, 0xe5, 0x10, 0xe5, 0x08, 0xe5, 0x08, 0xe5, 0x08, 0xe5, 0x08, 0xc5, 0x08, 0xc5, 0x08,
    0xe5, 0x08, 0xe5, 0x08, 0xe5, 0x08, 0xe5, 0x08, 0xe5, 0x10, 0xe5, 0x10, 0xc5, 0x10, 0xc5, 0x10, 0xe5, 0x08, 0xe5, 0x08, 0xc5, 0x08, 0xc5, 0x08,
    0xc5, 0x08, 0xc5, 0x08, 0xe5, 0x10, 0xe5, 0x10, 0xc5, 0x08, 0xc5, 0x08, 0xe5, 0x08, 0xe5, 0x08, 0xc5, 0x08, 0xc5, 0x08, 0xe5, 0x10, 0xe5, 0x10,
    0xe5, 0x10, 0xe5, 0x10, 0xc5, 0x08, 0xc5, 0x08, 0xc5, 0x08, 0xc5, 0x08, 0xc5, 0x08, 0xc5, 0x08, 0xe5, 0x08, 0xe5, 0x08, 0xe5, 0x08, 0xe5, 0x08,
    0xc5, 0x08, 0xc5, 0x08, 0xe5, 0x08, 0xe5, 0x08, 0xe5, 0x08, 0xe5, 0x08, 0xe5, 0x08, 0xe5, 0x08, 0xc5, 0x08, 0xc5, 0x08, 0xc5, 0x08, 0xc5, 0x08,
    0xe5, 0x10, 0xe5, 0x10, 0xc5, 0x08, 0xc5, 0x08, 0xe5, 0x08, 0xe5, 0x08, 0xc5, 0x08, 0xc5, 0x08, 0xe5, 0x08, 0xe5, 0x08, 0xe5, 0x08, 0xe5, 0x08,
    0xe5, 0x08, 0xe5, 0x08, 0xe5, 0x08, 0xe5, 0x08, 0xe5, 0x08, 0xe5, 0x08, 0xc5, 0x08, 0xc5, 0x08, 0xe5, 0x08, 0xe5, 0x08, 0xc5, 0x08, 0xc5, 0x08,
    0xe5, 0x08, 0xe5, 0x08, 0xe5, 0x08, 0xe5, 0x08, 0xe5, 0x10, 0xe5, 0x10, 0xe5, 0x10, 0xe5, 0x10, 0xc5, 0x08, 0xc5, 0x08, 0xc5, 0x08, 0xc5, 0x08,
    0x84, 0x08, 0x84, 0x08, 0x83, 0x08, 0x83, 0x08, 0x83, 0x08, 0x83, 0x08, 0x83, 0x08, 0x83, 0x08, 0x83, 0x08, 0x83, 0x08, 0x83, 0x08, 0x83, 0x08,
    0x83, 0x08, 0x83, 0x08, 0x83, 0x08, 0x83, 0x08, 0x83, 0x08, 0x83, 0x08, 0x83, 0x08, 0x83, 0x08, 0xe5, 0x08, 0xe5, 0x08, 0xc5, 0x08, 0xc5, 0x08,
    0xe5, 0x08, 0xe5, 0x08, 0xe5, 0x08, 0xe5, 0x08, 0xe5, 0x10, 0xe5, 0x10, 0xc5, 0x08, 0xc5, 0x08, 0xc5, 0x08, 0xc5, 0x08, 0xc5, 0x08, 0xc5, 0x08,
    0xe5, 0x10, 0xe5, 0x10, 0xe5, 0x10, 0xe5, 0x10, 0xc5, 0x08, 0xc5, 0x08, 0xe5, 0x08, 0xe5, 0x08, 0xe5, 0x10, 0xe5, 0x10, 0xc5, 0x08, 0xc5, 0x08,
    0xe5, 0x08, 0xe5, 0x08, 0xe5, 0x08, 0xe5, 0x08, 0xc5, 0x08, 0xc5, 0x08, 0xc5, 0x08, 0xc5, 0x08, 0xe5, 0x08, 0xe5, 0x08, 0xc5, 0x08, 0xc5, 0x08,
    0xc5, 0x10, 0xc5, 0x10, 0xc5, 0x08, 0xc5, 0x08, 0xe5, 0x10, 0xe5, 0x10, 0xe5, 0x10, 0xe5, 0x10, 0xe5, 0x10, 0xe5, 0x10, 0xe5, 0x08, 0xe5, 0x08,
    0xe5, 0x08, 0xe5, 0x08, 0xe5, 0x08, 0xe5, 0x08, 0xe5, 0x08, 0xe5, 0x08, 0xe5, 0x10, 0xe5, 0x10, 0xe5, 0x10, 0xe5, 0x10, 0xc5, 0x10, 0xc5, 0x10,
    0xe5, 0x10, 0xe5, 0x10, 0xc5, 0x10, 0xc5, 0x10, 0xe5, 0x08, 0xe5, 0x08, 0xc5, 0x10, 0xc5, 0x10, 0xe5, 0x10, 0xe5, 0x10, 0xe5, 0x10, 0xe5, 0x10,
    0xe5, 0x10, 0xe5, 0x10, 0xc5, 0x08, 0xc5, 0x08, 0xe5, 0x10, 0xe5, 0x10, 0xe5, 0x10, 0xe5, 0x10, 0xe5, 0x10, 0xe5, 0x10, 0xe5, 0x08, 0xe5, 0x08,
    0xc5, 0x10, 0xc5, 0x10, 0xe5, 0x10, 0xe5, 0x10, 0xe5, 0x10, 0xe5, 0x10, 0xe5, 0x10, 0xe5, 0x10, 0xe5, 0x10, 0xe5, 0x10, 0xe5, 0x10, 0xe5, 0x10,
    0xe5, 0x08, 0xe5, 0x08, 0xe5, 0x08, 0xe5, 0x08, 0xe5, 0x08, 0xe5, 0x08, 0xc5, 0x08, 0xc5, 0x08, 0xe5, 0x10, 0xe5, 0x10, 0xe5, 0x10, 0xe5, 0x10,
    0xe5, 0x08, 0xe5, 0x08, 0xe5, 0x08, 0xe5, 0x08, 0xe5, 0x10, 0xe5, 0x10, 0xc5, 0x10, 0xc5, 0x10, 0xe5, 0x08, 0xe5, 0x08, 0xc5, 0x08, 0xc5, 0x08,
    0xc5, 0x08, 0xc5, 0x08, 0xe5, 0x10, 0xe5, 0x10, 0xc5, 0x08, 0xc5, 0x08, 0xe5, 0x08, 0xe5, 0x08, 0xc5, 0x08, 0xc5, 0x08, 0xe5, 0x10, 0xe5, 0x10,
    0xe5, 0x10, 0xe5, 0x10, 0xc5, 0x08, 0xc5, 0x08, 0xc5, 0x08, 0xc5, 0x08, 0xc5, 0x08, 0xc5, 0x08, 0xe5, 0x08, 0xe5, 0x08, 0xe5, 0x08, 0xe5, 0x08,
    0xc5, 0x08, 0xc5, 0x08, 0xe5, 0x08, 0xe5, 0x08, 0xe5, 0x08, 0xe5, 0x08, 0xe5, 0x08, 0xe5, 0x08, 0xc5, 0x08, 0xc5, 0x08, 0xc5, 0x08, 0xc5, 0x08,
    0xe5, 0x10, 0xe5, 0x10, 0xc5, 0x08, 0xc5, 0x08, 0xe5, 0x08, 0xe5, 0x08, 0xc5, 0x08, 0xc5, 0x08, 0xe5, 0x08, 0xe5, 0x08, 0xe5, 0x08, 0xe5, 0x08,
    0xe5, 0x08, 0xe5, 0x08, 0xe5, 0x08, 0xe5, 0x08, 0xe5, 0x08, 0xe5, 0x08, 0xc5, 0x08, 0xc5, 0x08, 0xe5, 0x08, 0xe5, 0x08, 0xc5, 0x08, 0xc5, 0x08,
    0xe5, 0x08, 0xe5, 0x08, 0xe5, 0x08, 0xe5, 0x08, 0xe5, 0x10, 0xe5, 0x10, 0xe5, 0x10, 0xe5, 0x10, 0xc5, 0x08, 0xc5, 0x08, 0xc5, 0x08, 0xc5, 0x08,
    0x84, 0x08, 0x84, 0x08, 0x83, 0x08, 0x83, 0x08, 0x83, 0x08, 0x83, 0x08, 0x83, 0x08, 0x83, 0x08, 0x83, 0x08, 0x83, 0x08, 0x83, 0x08, 0x83, 0x08,
    0x83, 0x08, 0x83, 0x08, 0x83, 0x08, 0x83, 0x08, 0x83, 0x08, 0x83, 0x08, 0x83, 0x08, 0x83, 0x08, 0xe5, 0x08, 0xe5, 0x08, 0xc5, 0x08, 0xc5, 0x08,
    0xe5, 0x08, 0xe5, 0x08, 0xe5, 0x08, 0xe5, 0x08, 0xe5, 0x10, 0xe5, 0x10, 0xc5, 0x08, 0xc5, 0x08, 0xc5, 0x08, 0xc5, 0x08, 0xc5, 0x08, 0xc5, 0x08,
    0xe5, 0x10, 0xe5, 0x10, 0xe5, 0x10, 0xe5, 0x10, 0xc5, 0x08, 0xc5, 0x08, 0xe5, 0x08, 0xe5, 0x08, 0xe5, 0x10, 0xe5, 0x10, 0xc5, 0x08, 0xc5, 0x08,
    0xe5, 0x08, 0xe5, 0x08, 0xe5, 0x08, 0xe5, 0x08, 0xc5, 0x08, 0xc5, 0x08, 0xc5, 0x08, 0xc5, 0x08, 0xe5, 0x08, 0xe5, 0x08, 0xc5, 0x08, 0xc5, 0x08,
    0xc5, 0x10, 0xc5, 0x10, 0xc5, 0x08, 0xc5, 0x08, 0xe5, 0x10, 0xe5, 0x10, 0xe5, 0x10, 0xe5, 0x10, 0xe5, 0x10, 0xe5, 0x10, 0xe5, 0x08, 0xe5, 0x08,
    0xe5, 0x08, 0xe5, 0x08, 0xe5, 0x08, 0xe5, 0x08, 0xe5, 0x08, 0xe5, 0x08, 0xe5, 0x10, 0xe5, 0x10, 0xe5, 0x10, 0xe5, 0x10, 0xc5, 0x10, 0xc5, 0x10,
    0xe5, 0x10, 0xe5, 0x10, 0xc5, 0x10, 0xc5, 0x10, 0xe5, 0x08, 0xe5, 0x08, 0xc5, 0x10, 0xc5, 0x10, 0xe5, 0x10, 0xe5, 0x10, 0xe5, 0x10, 0xe5, 0x10,
    0xe5, 0x10, 0xe5, 0x10, 0xc5, 0x08, 0xc5, 0x08, 0xe5, 0x10, 0xe5, 0x10, 0xe5, 0x10, 0xe5, 0x10, 0xe5, 0x10, 0xe5, 0x10, 0xe5, 0x08, 0xe5, 0x08,
    0xc5, 0x10, 0xc5, 0x10, 0xe5, 0x10, 0xe5, 0x10, 0xe5, 0x10, 0xe5, 0x10, 0xe5, 0x10, 0xe5, 0x10, 0xe5, 0x10, 0xe5, 0x10, 0xe5, 0x10, 0xe5, 0x10,
    0xe5, 0x08, 0xe5, 0x08, 0xe5, 0x08, 0xe5, 0x08, 0xe5, 0x08, 0xe5, 0x08, 0xc5, 0x08, 0xc5, 0x08, 0xe5, 0x10, 0xe5, 0x10, 0xe5, 0x10, 0xe5, 0x10,
    0xc5, 0x08, 0xc5, 0x08, 0xe5, 0x10, 0xe5, 0x10, 0xe5, 0x10, 0xe5, 0x10, 0xc5, 0x08, 0xc5, 0x08, 0xe5, 0x10, 0xe5, 0x10, 0xc5, 0x08, 0xc5, 0x08,
    0xe5, 0x10, 0xe5, 0x10, 0xe5, 0x10, 0xe5, 0x10, 0xe5, 0x08, 0xe5, 0x08, 0xe5, 0x08, 0xe5, 0x08, 0xc5, 0x08, 0xc5, 0x08, 0xe5, 0x08, 0xe5, 0x08,
    0xe5, 0x08, 0xe5, 0x08, 0xe5, 0x08, 0xe5, 0x08, 0xc5, 0x08, 0xc5, 0x08, 0xe5, 0x08, 0xe5, 0x08, 0xe5, 0x08, 0xe5, 0x08, 0xc5, 0x08, 0xc5, 0x08,
    0xe5, 0x08, 0xe5, 0x08, 0xe5, 0x08, 0xe5, 0x08, 0xe5, 0x08, 0xe5, 0x08, 0xe5, 0x08, 0xe5, 0x08, 0xe5, 0x08, 0xe5, 0x08, 0xc5, 0x08, 0xc5, 0x08,
    0xe5, 0x10, 0xe5, 0x10, 0xe5, 0x08, 0xe5, 0x08, 0xc5, 0x08, 0xc5, 0x08, 0xe5, 0x10, 0xe5, 0x10, 0xe5, 0x08, 0xe5, 0x08, 0xe5, 0x08, 0xe5, 0x08,
    0xe5, 0x10, 0xe5, 0x10, 0xe5, 0x08, 0xe5, 0x08, 0xe5, 0x08, 0xe5, 0x08, 0xe5, 0x08, 0xe5, 0x08, 0xc5, 0x08, 0xc5, 0x08, 0xc5, 0x08, 0xc5, 0x08,
    0xe5, 0x08, 0xe5, 0x08, 0xe5, 0x08, 0xe5, 0x08, 0xc5, 0x08, 0xc5, 0x08, 0xc5, 0x10, 0xc5, 0x10, 0xc5, 0x08, 0xc5, 0x08, 0xe5, 0x08, 0xe5, 0x08,
    0xc5, 0x08, 0xc5, 0x08, 0xe5, 0x08, 0xe5, 0x08, 0xe5, 0x10, 0xe5, 0x10, 0xc5, 0x08, 0xc5, 0x08, 0xe5, 0x08, 0xe5, 0x08, 0xe5, 0x08, 0xe5, 0x08,
    0xe5, 0x10, 0xe5, 0x10, 0xe5, 0x08, 0xe5, 0x08, 0xe5, 0x08, 0xe5, 0x08, 0xc5, 0x08, 0xc5, 0x08, 0xc5, 0x08, 0xc5, 0x08, 0xe5, 0x08, 0xe5, 0x08,
    0xe5, 0x08, 0xe5, 0x08, 0xe5, 0x08, 0xe5, 0x08, 0xe5, 0x10, 0xe5, 0x10, 0xc5, 0x08, 0xc5, 0x08, 0xc5, 0x08, 0xc5, 0x08, 0xc5, 0x08, 0xc5, 0x08,
    0xc5, 0x08, 0xc5, 0x08, 0xe5, 0x10, 0xe5, 0x10, 0xc5, 0x08, 0xc5, 0x08, 0xe5, 0x08, 0xe5, 0x08, 0xe5, 0x10, 0xe5, 0x10, 0xc5, 0x10, 0xc5, 0x10,
    0xe5, 0x10, 0xe5, 0x10, 0xe5, 0x08, 0xe5, 0x08, 0xc5, 0x08, 0xc5, 0x08, 0xe5, 0x08, 0xe5, 0x08, 0xc5, 0x08, 0xc5, 0x08, 0xe5, 0x10, 0xe5, 0x10,
    0xe5, 0x08, 0xe5, 0x08, 0xe5, 0x10, 0xe5, 0x10, 0xc5, 0x10, 0xc5, 0x10, 0xe5, 0x10, 0xe5, 0x10, 0xe5, 0x10, 0xe5, 0x10, 0xe5, 0x08, 0xe5, 0x08,
    0xe5, 0x10, 0xe5, 0x10, 0xe5, 0x10, 0xe5, 0x10, 0xe5, 0x10, 0xe5, 0x10, 0xe5, 0x08, 0xe5, 0x08, 0xe5, 0x10, 0xe5, 0x10, 0xe5, 0x08, 0xe5, 0x08,
    0xe5, 0x10, 0xe5, 0x10, 0xe5, 0x10, 0xe5, 0x10, 0xe5, 0x08, 0xe5, 0x08, 0xe5, 0x08, 0xe5, 0x08, 0xe5, 0x08, 0xe5, 0x08, 0xc5, 0x08, 0xc5, 0x08,
    0xe5, 0x10, 0xe5, 0x10, 0xe5, 0x08, 0xe5, 0x08, 0xe5, 0x10, 0xe5, 0x10, 0xe5, 0x10, 0xe5, 0x10, 0xe5, 0x10, 0xe5, 0x10, 0xe5, 0x08, 0xe5, 0x08,
    0xe5, 0x10, 0xe5, 0x10, 0xe5, 0x08, 0xe5, 0x08, 0xe5, 0x08, 0xe5, 0x08, 0xe5, 0x08, 0xe5, 0x08, 0xe5, 0x10, 0xe5, 0x10, 0xe5, 0x10, 0xe5, 0x10,
    0xe5, 0x10, 0xe5, 0x10, 0xe5, 0x10, 0xe5, 0x10, 0xe5, 0x10, 0xe5, 0x10, 0xc5, 0x10, 0xc5, 0x10, 0xe5, 0x10, 0xe5, 0x10, 0xc5, 0x10, 0xc5, 0x10,
    0xc5, 0x08, 0xc5, 0x08, 0xe5, 0x10, 0xe5, 0x10, 0xe5, 0x10, 0xe5, 0x10, 0xc5, 0x08, 0xc5, 0x08, 0xe5, 0x10, 0xe5, 0x10, 0xc5, 0x08, 0xc5, 0x08,
    0xe5, 0x10, 0xe5, 0x10, 0xe5, 0x10, 0xe5, 0x10, 0xe5, 0x08, 0xe5, 0x08, 0xe5, 0x08, 0xe5, 0x08, 0xc5, 0x08, 0xc5, 0x08, 0xe5, 0x08, 0xe5, 0x08,
    0xe5, 0x08, 0xe5, 0x08, 0xe5, 0x08, 0xe5, 0x08, 0xc5, 0x08, 0xc5, 0x08, 0xe5, 0x08, 0xe5, 0x08, 0xe5, 0x08, 0xe5, 0x08, 0xc5, 0x08, 0xc5, 0x08,
    0xe5, 0x08, 0xe5, 0x08, 0xe5, 0x08, 0xe5, 0x08, 0xe5, 0x08, 0xe5, 0x08, 0xe5, 0x08, 0xe5, 0x08, 0xe5, 0x08, 0xe5, 0x08, 0xc5, 0x08, 0xc5, 0x08,
    0xe5, 0x10, 0xe5, 0x10, 0xe5, 0x08, 0xe5, 0x08, 0xc5, 0x08, 0xc5, 0x08, 0xe5, 0x10, 0xe5, 0x10, 0xe5, 0x08, 0xe5, 0x08, 0xe5, 0x08, 0xe5, 0x08,
    0xe5, 0x10, 0xe5, 0x10, 0xe5, 0x08, 0xe5, 0x08, 0xe5, 0x08, 0xe5, 0x08, 0xe5, 0x08, 0xe5, 0x08, 0xc5, 0x08, 0xc5, 0x08, 0xc5, 0x08, 0xc5, 0x08,
    0xe5, 0x08, 0xe5, 0x08, 0xe5, 0x08, 0xe5, 0x08, 0xc5, 0x08, 0xc5, 0x08, 0xc5, 0x10, 0xc5, 0x10, 0xc5, 0x08, 0xc5, 0x08, 0xe5, 0x08, 0xe5, 0x08,
    0xc5, 0x08, 0xc5, 0x08, 0xe5, 0x08, 0xe5, 0x08, 0xe5, 0x10, 0xe5, 0x10, 0xc5, 0x08, 0xc5, 0x08, 0xe5, 0x08, 0xe5, 0x08, 0xe5, 0x08, 0xe5, 0x08,
    0xe5, 0x10, 0xe5, 0x10, 0xe5, 0x08, 0xe5, 0x08, 0xe5, 0x08, 0xe5, 0x08, 0xc5, 0x08, 0xc5, 0x08, 0xc5, 0x08, 0xc5, 0x08, 0xe5, 0x08, 0xe5, 0x08,
    0xe5, 0x08, 0xe5, 0x08, 0xe5, 0x08, 0xe5, 0x08, 0xe5, 0x10, 0xe5, 0x10, 0xc5, 0x08, 0xc5, 0x08, 0xc5, 0x08, 0xc5, 0x08, 0xc5, 0x08, 0xc5, 0x08,
    0xc5, 0x08, 0xc5, 0x08, 0xe5, 0x10, 0xe5, 0x10, 0xc5, 0x08, 0xc5, 0x08, 0xe5, 0x08, 0xe5, 0x08, 0xe5, 0x10, 0xe5, 0x10, 0xc5, 0x10, 0xc5, 0x10,
    0xe5, 0x10, 0xe5, 0x10, 0xe5, 0x08, 0xe5, 0x08, 0xc5, 0x08, 0xc5, 0x08, 0xe5, 0x08, 0xe5, 0x08, 0xc5, 0x08, 0xc5, 0x08, 0xe5, 0x10, 0xe5, 0x10,
    0xe5, 0x08, 0xe5, 0x08, 0xe5, 0x10, 0xe5, 0x10, 0xc5, 0x10, 0xc5, 0x10, 0xe5, 0x10, 0xe5, 0x10, 0xe5, 0x10, 0xe5, 0x10, 0xe5, 0x08, 0xe5, 0x08,
    0xe5, 0x10, 0xe5, 0x10, 0xe5, 0x10, 0xe5, 0x10, 0xe5, 0x10, 0xe5, 0x10, 0xe5, 0x08, 0xe5, 0x08, 0xe5, 0x10, 0xe5, 0x10, 0xe5, 0x08, 0xe5, 0x08,
    0xe5, 0x10, 0xe5, 0x10, 0xe5, 0x10, 0xe5, 0x10, 0xe5, 0x08, 0xe5, 0x08, 0xe5, 0x08, 0xe5, 0x08, 0xe5, 0x08, 0xe5, 0x08, 0xc5, 0x08, 0xc5, 0x08,
    0xe5, 0x10, 0xe5, 0x10, 0xe5, 0x08, 0xe5, 0x08, 0xe5, 0x10, 0xe5, 0x10, 0xe5, 0x10, 0xe5, 0x10, 0xe5, 0x10, 0xe5, 0x10, 0xe5, 0x08, 0xe5, 0x08,
    0xe5, 0x10, 0xe5, 0x10, 0xe5, 0x08, 0xe5, 0x08, 0xe5, 0x08, 0xe5, 0x08, 0xe5, 0x08, 0xe5, 0x08, 0xe5, 0x10, 0xe5, 0x10, 0xe5, 0x10, 0xe5, 0x10,
    0xe5, 0x10, 0xe5, 0x10, 0xe5, 0x10, 0xe5, 0x10, 0xe5, 0x10, 0xe5, 0x10, 0xc5, 0x10, 0xc5, 0x10, 0xe5, 0x10, 0xe5, 0x10, 0xc5, 0x10, 0xc5, 0x10,
    0xc5, 0x08, 0xc5, 0x08, 0xc5, 0x08, 0xc5, 0x08, 0xe5, 0x10, 0xe5, 0x10, 0xe5, 0x10, 0xe5, 0x10, 0xe5, 0x08, 0xe5, 0x08, 0xe5, 0x08, 0xe5, 0x08,
    0xe5, 0x10, 0xe5, 0x10, 0xc5, 0x10, 0xc5, 0x10, 0xc5, 0x08, 0xc5, 0x08, 0xe5, 0x10, 0xe5, 0x10, 0xe5, 0x08, 0xe5, 0x08, 0xe5, 0x10, 0xe5, 0x10,
    0xe5, 0x08, 0xe5, 0x08, 0xe5, 0x08, 0xe5, 0x08, 0xc5, 0x08, 0xc5, 0x08, 0xc5, 0x08, 0xc5, 0x08, 0xc5, 0x08, 0xc5, 0x08, 0xe5, 0x08, 0xe5, 0x08,
    0xe5, 0x08, 0xe5, 0x08, 0xe5, 0x08, 0xe5, 0x08, 0xc5, 0x08, 0xc5, 0x08, 0xe5, 0x08, 0xe5, 0x08, 0xe5, 0x08, 0xe5, 0x08, 0xe5, 0x08, 0xe5, 0x08,
    0xe5, 0x08, 0xe5, 0x08, 0xe5, 0x10, 0xe5, 0x10, 0xe5, 0x10, 0xe5, 0x10, 0xe5, 0x08, 0xe5, 0x08, 0xe5, 0x08, 0xe5, 0x08, 0xe5, 0x08, 0xe5, 0x08,
    0xc5, 0x08, 0xc5, 0x08, 0xc5, 0x08, 0xc5, 0x08, 0xe5, 0x08, 0xe5, 0x08, 0xe5, 0x10, 0xe5, 0x10, 0xc5, 0x08, 0xc5, 0x08, 0xe5, 0x08, 0xe5, 0x08,
    0xc5, 0x08, 0xc5, 0x08, 0xc5, 0x10, 0xc5, 0x10, 0xe5, 0x08, 0xe5, 0x08, 0xe5, 0x08, 0xe5, 0x08, 0xe5, 0x08, 0xe5, 0x08, 0xe5, 0x10, 0xe5, 0x10,
    0xc5, 0x08, 0xc5, 0x08, 0xe5, 0x10, 0xe5, 0x10, 0xe5, 0x08, 0xe5, 0x08, 0xe5, 0x08, 0xe5, 0x08, 0xe5, 0x08, 0xe5, 0x08, 0xe5, 0x08, 0xe5, 0x08,
    0xe5, 0x08, 0xe5, 0x08, 0xe5, 0x08, 0xe5, 0x08, 0xe5, 0x10, 0xe5, 0x10, 0xe5, 0x10, 0xe5, 0x10, 0xe5, 0x08, 0xe5, 0x08, 0xe5, 0x08, 0xe5, 0x08,
    0xe5, 0x08, 0xe5, 0x08, 0xc5, 0x08, 0xc5, 0x08, 0xc5, 0x08, 0xc5, 0x08, 0xc5, 0x08, 0xc5, 0x08, 0xc5, 0x08, 0xc5, 0x08, 0xc5, 0x08, 0xc5, 0x08,
    0xc5, 0x08, 0xc5, 0x08, 0xe5, 0x08, 0xe5, 0x08, 0xe5, 0x08, 0xe5, 0x08, 0xc5, 0x10, 0xc5, 0x10, 0xe5, 0x08, 0xe5, 0x08, 0xe5, 0x08, 0xe5, 0x08,
    0xc5, 0x08, 0xc5, 0x08, 0xe5, 0x10, 0xe5, 0x10, 0xe5, 0x08, 0xe5, 0x08, 0xc5, 0x10, 0xc5, 0x10, 0xe5, 0x08, 0xe5, 0x08, 0xc5, 0x10, 0xc5, 0x10,
    0xc5, 0x08, 0xc5, 0x08, 0xe5, 0x10, 0xe5, 0x10, 0xc5, 0x08, 0xc5, 0x08, 0xc5, 0x08, 0xc5, 0x08, 0xe5, 0x10, 0xe5, 0x10, 0xe5, 0x08, 0xe5, 0x08,
    0xe5, 0x10, 0xe5, 0x10, 0xe5, 0x10, 0xe5, 0x10, 0xe5, 0x08, 0xe5, 0x08, 0xe5, 0x08, 0xe5, 0x08, 0xe5, 0x10, 0xe5, 0x10, 0xe5, 0x10, 0xe5, 0x10,
    0xe5, 0x10, 0xe5, 0x10, 0xe5, 0x10, 0xe5, 0x10, 0xe5, 0x10, 0xe5, 0x10, 0xe5, 0x10, 0xe5, 0x10, 0xc5, 0x10, 0xc5, 0x10, 0xe5, 0x10, 0xe5, 0x10,
    0xe5, 0x10, 0xe5, 0x10, 0xe5, 0x08, 0xe5, 0x08, 0xc5, 0x08, 0xc5, 0x08, 0xe5, 0x10, 0xe5, 0x10, 0xc5, 0x08, 0xc5, 0x08, 0xe5, 0x08, 0xe5, 0x08,
    0xe5, 0x10, 0xe5, 0x10, 0xc5, 0x08, 0xc5, 0x08, 0xe5, 0x08, 0xe5, 0x08, 0xc5, 0x08, 0xc5, 0x08, 0xe5, 0x08, 0xe5, 0x08, 0xe5, 0x08, 0xe5, 0x08,
    0xe5, 0x08, 0xe5, 0x08, 0xe5, 0x08, 0xe5, 0x08, 0xe5, 0x10, 0xe5, 0x10, 0xe5, 0x08, 0xe5, 0x08, 0xe5, 0x08, 0xe5, 0x08, 0xe5, 0x10, 0xe5, 0x10,
    0xc5, 0x08, 0xc5, 0x08, 0xc5, 0x08, 0xc5, 0x08, 0xe5, 0x10, 0xe5, 0x10, 0xe5, 0x10, 0xe5, 0x10, 0xe5, 0x08, 0xe5, 0x08, 0xe5, 0x08, 0xe5, 0x08,
    0xe5, 0x10, 0xe5, 0x10, 0xc5, 0x10, 0xc5, 0x10, 0xc5, 0x08, 0xc5, 0x08, 0xe5, 0x10, 0xe5, 0x10, 0xe5, 0x08, 0xe5, 0x08, 0xe5, 0x10, 0xe5, 0x10,
    0xe5, 0x08, 0xe5, 0x08, 0xe5, 0x08, 0xe5, 0x08, 0xc5, 0x08, 0xc5, 0x08, 0xc5, 0x08, 0xc5, 0x08, 0xc5, 0x08, 0xc5, 0x08, 0xe5, 0x08, 0xe5, 0x08,
    0xe5, 0x08, 0xe5, 0x08, 0xe5, 0x08, 0xe5, 0x08, 0xc5, 0x08, 0xc5, 0x08, 0xe5, 0x08, 0xe5, 0x08, 0xe5, 0x08, 0xe5, 0x08, 0xe5, 0x08, 0xe5, 0x08,
    0xe5, 0x08, 0xe5, 0x08, 0xe5, 0x10, 0xe5, 0x10, 0xe5, 0x10, 0xe5, 0x10, 0xe5, 0x08, 0xe5, 0x08, 0xe5, 0x08, 0xe5, 0x08, 0xe5, 0x08, 0xe5, 0x08,
    0xc5, 0x08, 0xc5, 0x08, 0xc5, 0x08, 0xc5, 0x08, 0xe5, 0x08, 0xe5, 0x08, 0xe5, 0x10, 0xe5, 0x10, 0xc5, 0x08, 0xc5, 0x08, 0xe5, 0x08, 0xe5, 0x08,
    0xc5, 0x08, 0xc5, 0x08, 0xc5, 0x10, 0xc5, 0x10, 0xe5, 0x08, 0xe5, 0x08, 0xe5, 0x08, 0xe5, 0x08, 0xe5, 0x08, 0xe5, 0x08, 0xe5, 0x10, 0xe5, 0x10,
    0xc5, 0x08, 0xc5, 0x08, 0xe5, 0x10, 0xe5, 0x10, 0xe5, 0x08, 0xe5, 0x08, 0xe5, 0x08, 0xe5, 0x08, 0xe5, 0x08, 0xe5, 0x08, 0xe5, 0x08, 0xe5, 0x08,
    0xe5, 0x08, 0xe5, 0x08, 0xe5, 0x08, 0xe5, 0x08, 0xe5, 0x10, 0xe5, 0x10, 0xe5, 0x10, 0xe5, 0x10, 0xe5, 0x08, 0xe5, 0x08, 0xe5, 0x08, 0xe5, 0x08,
    0xe5, 0x08, 0xe5, 0x08, 0xc5, 0x08, 0xc5, 0x08, 0xc5, 0x08, 0xc5, 0x08, 0xc5, 0x08, 0xc5, 0x08, 0xc5, 0x08, 0xc5, 0x08, 0xc5, 0x08, 0xc5, 0x08,
    0xc5, 0x08, 0xc5, 0x08, 0xe5, 0x08, 0xe5, 0x08, 0xe5, 0x08, 0xe5, 0x08, 0xc5, 0x10, 0xc5, 0x10, 0xe5, 0x08, 0xe5, 0x08, 0xe5, 0x08, 0xe5, 0x08,
    0xc5, 0x08, 0xc5, 0x08, 0xe5, 0x10, 0xe5, 0x10, 0xe5, 0x08, 0xe5, 0x08, 0xc5, 0x10, 0xc5, 0x10, 0xe5, 0x08, 0xe5, 0x08, 0xc5, 0x10, 0xc5, 0x10,
    0xc5, 0x08, 0xc5, 0x08, 0xe5, 0x10, 0xe5, 0x10, 0xc5, 0x08, 0xc5, 0x08, 0xc5, 0x08, 0xc5, 0x08, 0xe5, 0x10, 0xe5, 0x10, 0xe5, 0x08, 0xe5, 0x08,
    0xe5, 0x10, 0xe5, 0x10, 0xe5, 0x10, 0xe5, 0x10, 0xe5, 0x08, 0xe5, 0x08, 0xe5, 0x08, 0xe5, 0x08, 0xe5, 0x10, 0xe5, 0x10, 0xe5, 0x10, 0xe5, 0x10,
    0xe5, 0x10, 0xe5, 0x10, 0xe5, 0x10, 0xe5, 0x10, 0xe5, 0x10, 0xe5, 0x10, 0xe5, 0x10, 0xe5, 0x10, 0xc5, 0x10, 0xc5, 0x10, 0xe5, 0x10, 0xe5, 0x10,
    0xe5, 0x10, 0xe5, 0x10, 0xe5, 0x08, 0xe5, 0x08, 0xc5, 0x08, 0xc5, 0x08, 0xe5, 0x10, 0xe5, 0x10, 0xc5, 0x08, 0xc5, 0x08, 0xe5, 0x08, 0xe5, 0x08,
    0xe5, 0x10, 0xe5, 0x10, 0xc5, 0x08, 0xc5, 0x08, 0xe5, 0x08, 0xe5, 0x08, 0xc5, 0x08, 0xc5, 0x08, 0xe5, 0x08, 0xe5, 0x08, 0xe5, 0x08, 0xe5, 0x08,
    0xe5, 0x08, 0xe5, 0x08, 0xe5, 0x08, 0xe5, 0x08, 0xe5, 0x10, 0xe5, 0x10, 0xe5, 0x08, 0xe5, 0x08, 0xe5, 0x08, 0xe5, 0x08, 0xe5, 0x10, 0xe5, 0x10,
    0xc5, 0x10, 0xc5, 0x10, 0xc5, 0x08, 0xc5, 0x08, 0xe5, 0x10, 0xe5, 0x10, 0xc5, 0x08, 0xc5, 0x08, 0xe5, 0x10, 0xe5, 0x10, 0xe5, 0x08, 0xe5, 0x08,
    0xe5, 0x10, 0xe5, 0x10, 0xe5, 0x08, 0xe5, 0x08, 0xc5, 0x08, 0xc5, 0x08, 0xe5, 0x08, 0xe5, 0x08, 0xe5, 0x08, 0xe5, 0x08, 0xe5, 0x08, 0xe5, 0x08,
    0xe5, 0x10, 0xe5, 0x10, 0xc5, 0x08, 0xc5, 0x08, 0xe5, 0x08, 0xe5, 0x08, 0xc5, 0x08, 0xc5, 0x08, 0xc5, 0x08, 0xc5, 0x08, 0xe5, 0x08, 0xe5, 0x08,
    0xe5, 0x08, 0xe5, 0x08, 0xe5, 0x08, 0xe5, 0x08, 0xe5, 0x08, 0xe5, 0x08, 0xe5, 0x08, 0xe5, 0x08, 0xc5, 0x08, 0xc5, 0x08, 0xe5, 0x08, 0xe5, 0x08,
    0xc5, 0x08, 0xc5, 0x08, 0xc5, 0x10, 0xc5, 0x10, 0xe5, 0x08, 0xe5, 0x08, 0xc5, 0x10, 0xc5, 0x10, 0xe5, 0x10, 0xe5, 0x10, 0xe5, 0x08, 0xe5, 0x08,
    0xc5, 0x10, 0xc5, 0x10, 0xc5, 0x08, 0xc5, 0x08, 0xe5, 0x08, 0xe5, 0x08, 0xc5, 0x08, 0xc5, 0x08, 0xe5, 0x08, 0xe5, 0x08, 0xe5, 0x08, 0xe5, 0x08,
    0xc5, 0x10, 0xc5, 0x10, 0xe5, 0x08, 0xe5, 0x08, 0xe5, 0x10, 0xe5, 0x10, 0xc5, 0x08, 0xc5, 0x08, 0xc5, 0x08, 0xc5, 0x08, 0xc5, 0x08, 0xc5, 0x08,
    0xc5, 0x08, 0xc5, 0x08, 0xe5, 0x10, 0xe5, 0x10, 0xc5, 0x08, 0xc5, 0x08, 0xe5, 0x08, 0xe5, 0x08, 0xe5, 0x10, 0xe5, 0x10, 0xc5, 0x08, 0xc5, 0x08,
    0xe5, 0x08, 0xe5, 0x08, 0xe5, 0x08, 0xe5, 0x08, 0xe5, 0x08, 0xe5, 0x08, 0xe5, 0x08, 0xe5, 0x08, 0xe5, 0x08, 0xe5, 0x08, 0xe5, 0x08, 0xe5, 0x08,
    0xe5, 0x08, 0xe5, 0x08, 0xe5, 0x10, 0xe5, 0x10, 0xe5, 0x08, 0xe5, 0x08, 0xc5, 0x08, 0xc5, 0x08, 0xc5, 0x10, 0xc5, 0x10, 0xe5, 0x10, 0xe5, 0x10,
    0xc5, 0x08, 0xc5, 0x08, 0xc5, 0x08, 0xc5, 0x08, 0xe5, 0x08, 0xe5, 0x08, 0xe5, 0x08, 0xe5, 0x08, 0xc5, 0x10, 0xc5, 0x10, 0xe5, 0x10, 0xe5, 0x10,
    0xc5, 0x08, 0xc5, 0x08, 0xc5, 0x08, 0xc5, 0x08, 0xe5, 0x08, 0xe5, 0x08, 0xc5, 0x08, 0xc5, 0x08, 0xe5, 0x08, 0xe5, 0x08, 0xe5, 0x10, 0xe5, 0x10,
    0xe5, 0x08, 0xe5, 0x08, 0xc5, 0x08, 0xc5, 0x08, 0xe5, 0x10, 0xe5, 0x10, 0xc5, 0x08, 0xc5, 0x08, 0xc5, 0x10, 0xc5, 0x10, 0xc5, 0x08, 0xc5, 0x08,
    0xe5, 0x08, 0xe5, 0x08, 0xe5, 0x10, 0xe5, 0x10, 0xc5, 0x08, 0xc5, 0x08, 0xe5, 0x08, 0xe5, 0x08, 0xe5, 0x08, 0xe5, 0x08, 0xe5, 0x08, 0xe5, 0x08,
    0xc5, 0x08, 0xc5, 0x08, 0xc5, 0x08, 0xc5, 0x08, 0xe5, 0x10, 0xe5, 0x10, 0xe5, 0x10, 0xe5, 0x10, 0xe5, 0x10, 0xe5, 0x10, 0xe5, 0x10, 0xe5, 0x10,
    0xe5, 0x08, 0xe5, 0x08, 0xe5, 0x08, 0xe5, 0x08, 0xc5, 0x10, 0xc5, 0x10, 0xe6, 0x10, 0xe6, 0x10, 0xe5, 0x08, 0xe5, 0x08, 0xe5, 0x08, 0xe5, 0x08,
    0xc5, 0x08, 0xc5, 0x08, 0xe5, 0x10, 0xe5, 0x10, 0xe5, 0x10, 0xe5, 0x10, 0xc5, 0x08, 0xc5, 0x08, 0xe5, 0x10, 0xe5, 0x10, 0xc5, 0x08, 0xc5, 0x08,
    0xe5, 0x08, 0xe5, 0x08, 0xe5, 0x08, 0xe5, 0x08, 0xc5, 0x10, 0xc5, 0x10, 0xe5, 0x10, 0xe5, 0x10, 0xe5, 0x10, 0xe5, 0x10, 0xe5, 0x08, 0xe5, 0x08,
    0xc5, 0x10, 0xc5, 0x10, 0xc5, 0x08, 0xc5, 0x08, 0xe5, 0x10, 0xe5, 0x10, 0xc5, 0x08, 0xc5, 0x08, 0xe5, 0x10, 0xe5, 0x10, 0xe5, 0x08, 0xe5, 0x08,
    0xe5, 0x10, 0xe5, 0x10, 0xe5, 0x08, 0xe5, 0x08, 0xc5, 0x08, 0xc5, 0x08, 0xe5, 0x08, 0xe5, 0x08, 0xe5, 0x08, 0xe5, 0x08, 0xe5, 0x08, 0xe5, 0x08,
    0xe5, 0x10, 0xe5, 0x10, 0xc5, 0x08, 0xc5, 0x08, 0xe5, 0x08, 0xe5, 0x08, 0xc5, 0x08, 0xc5, 0x08, 0xc5, 0x08, 0xc5, 0x08, 0xe5, 0x08, 0xe5, 0x08,
    0xe5, 0x08, 0xe5, 0x08, 0xe5, 0x08, 0xe5, 0x08, 0xe5, 0x08, 0xe5, 0x08, 0xe5, 0x08, 0xe5, 0x08, 0xc5, 0x08, 0xc5, 0x08, 0xe5, 0x08, 0xe5, 0x08,
    0xc5, 0x08, 0xc5, 0x08, 0xc5, 0x10, 0xc5, 0x10, 0xe5, 0x08, 0xe5, 0x08, 0xc5, 0x10, 0xc5, 0x10, 0xe5, 0x10, 0xe5, 0x10, 0xe5, 0x08, 0xe5, 0x08,
    0xc5, 0x10, 0xc5, 0x10, 0xc5, 0x08, 0xc5, 0x08, 0xe5, 0x08, 0xe5, 0x08, 0xc5, 0x08, 0xc5, 0x08, 0xe5, 0x08, 0xe5, 0x08, 0xe5, 0x08, 0xe5, 0x08,
    0xc5, 0x10, 0xc5, 0x10, 0xe5, 0x08, 0xe5, 0x08, 0xe5, 0x10, 0xe5, 0x10, 0xc5, 0x08, 0xc5, 0x08, 0xc5, 0x08, 0xc5, 0x08, 0xc5, 0x08, 0xc5, 0x08,
    0xc5, 0x08, 0xc5, 0x08, 0xe5, 0x10, 0xe5, 0x10, 0xc5, 0x08, 0xc5, 0x08, 0xe5, 0x08, 0xe5, 0x08, 0xe5, 0x10, 0xe5, 0x10, 0xc5, 0x08, 0xc5, 0x08,
    0xe5, 0x08, 0xe5, 0x08, 0xe5, 0x08, 0xe5, 0x08, 0xe5, 0x08, 0xe5, 0x08, 0xe5, 0x08, 0xe5, 0x08, 0xe5, 0x08, 0xe5, 0x08, 0xe5, 0x08, 0xe5, 0x08,
    0xe5, 0x08, 0xe5, 0x08, 0xe5, 0x10, 0xe5, 0x10, 0xe5, 0x08, 0xe5, 0x08, 0xc5, 0x08, 0xc5, 0x08, 0xc5, 0x10, 0xc5, 0x10, 0xe5, 0x10, 0xe5, 0x10,
    0xc5, 0x08, 0xc5, 0x08, 0xc5, 0x08, 0xc5, 0x08, 0xe5, 0x08, 0xe5, 0x08, 0xe5, 0x08, 0xe5, 0x08, 0xc5, 0x10, 0xc5, 0x10, 0xe5, 0x10, 0xe5, 0x10,
    0xc5, 0x08, 0xc5, 0x08, 0xc5, 0x08, 0xc5, 0x08, 0xe5, 0x08, 0xe5, 0x08, 0xc5, 0x08, 0xc5, 0x08, 0xe5, 0x08, 0xe5, 0x08, 0xe5, 0x10, 0xe5, 0x10,
    0xe5, 0x08, 0xe5, 0x08, 0xc5, 0x08, 0xc5, 0x08, 0xe5, 0x10, 0xe5, 0x10, 0xc5, 0x08, 0xc5, 0x08, 0xc5, 0x10, 0xc5, 0x10, 0xc5, 0x08, 0xc5, 0x08,
    0xe5, 0x08, 0xe5, 0x08, 0xe5, 0x10, 0xe5, 0x10, 0xc5, 0x08, 0xc5, 0x08, 0xe5, 0x08, 0xe5, 0x08, 0xe5, 0x08, 0xe5, 0x08, 0xe5, 0x08, 0xe5, 0x08,
    0xc5, 0x08, 0xc5, 0x08, 0xc5, 0x08, 0xc5, 0x08, 0xe5, 0x10, 0xe5, 0x10, 0xe5, 0x10, 0xe5, 0x10, 0xe5, 0x10, 0xe5, 0x10, 0xe5, 0x10, 0xe5, 0x10,
    0xe5, 0x08, 0xe5, 0x08, 0xe5, 0x08, 0xe5, 0x08, 0xc5, 0x10, 0xc5, 0x10, 0xe6, 0x10, 0xe6, 0x10, 0xe5, 0x08, 0xe5, 0x08, 0xe5, 0x08, 0xe5, 0x08,
    0xc5, 0x08, 0xc5, 0x08, 0xe5, 0x10, 0xe5, 0x10, 0xe5, 0x10, 0xe5, 0x10, 0xc5, 0x08, 0xc5, 0x08, 0xe5, 0x10, 0xe5, 0x10, 0xc5, 0x08, 0xc5, 0x08,
    0xe5, 0x08, 0xe5, 0x08, 0xe5, 0x08, 0xe5, 0x08, 0xc5, 0x10, 0xc5, 0x10, 0xe5, 0x10, 0xe5, 0x10, 0xe5, 0x10, 0xe5, 0x10, 0xe5, 0x08, 0xe5, 0x08
};

const lv_image_dsc_t carcard_polo = {
    .header = {.magic = LV_IMAGE_HEADER_MAGIC, .cf = LV_COLOR_FORMAT_RGB565,
               .w = 216, .h = 100, .stride = 432},
    .data_size = sizeof(pixels), .data = pixels,
};
