#include "lvgl.h"

static const uint8_t pixels[] = {
    0xc5, 0x08, 0xc5, 0x08, 0xc5, 0x08, 0xc5, 0x08, 0xc5, 0x08, 0xc5, 0x08, 0xc5, 0x08, 0xc5, 0x08, 0xc5, 0x08, 0xc5, 0x08, 0xc5, 0x08, 0xc5, 0x08,
    0xc5, 0x08, 0xc5, 0x08, 0xc5, 0x08, 0xc5, 0x08, 0xc5, 0x08, 0xc5, 0x08, 0xe5, 0x10, 0xe5, 0x10, 0xc5, 0x08, 0xc5, 0x08, 0xc5, 0x08, 0xc5, 0x08,
    0xc5, 0x08, 0xc5, 0x08, 0xc5, 0x08, 0xc5, 0x08, 0xc5, 0x10, 0xc5, 0x10, 0xc5, 0x08, 0xc5, 0x08, 0xc5, 0x10, 0xc5, 0x10, 0xc5, 0x08, 0xc5, 0x08,
    0xc5, 0x10, 0xc5, 0x10, 0xe5, 0x10, 0xe5, 0x10, 0xe5, 0x10, 0xe5, 0x10, 0xe5, 0x10, 0xe5, 0x10, 0xe5, 0x10, 0xe5, 0x10, 0xc5, 0x08, 0xc5, 0x08,
    0xc5, 0x08, 0xc5, 0x08, 0xe5, 0x10, 0xe5, 0x10, 0xc5, 0x08, 0xc5, 0x08, 0xc5, 0x08, 0xc5, 0x08, 0xe5, 0x10, 0xe5, 0x10, 0xc5, 0x08, 0xc5, 0x08,
    0xc5, 0x10, 0xc5, 0x10, 0xc5, 0x08, 0xc5, 0x08, 0xc5, 0x08, 0xc5, 0x08, 0xe5, 0x10, 0xe5, 0x10, 0xc5, 0x08, 0xc5, 0x08, 0xc5, 0x08, 0xc5, 0x08,
    0xe5, 0x10, 0xe5, 0x10, 0xe5, 0x10, 0xe5, 0x10, 0xc5, 0x08, 0xc5, 0x08, 0xc5, 0x10, 0xc5, 0x10, 0xc5, 0x08, 0xc5, 0x08, 0xc5, 0x08, 0xc5, 0x08,
    0xc5, 0x08, 0xc5, 0x08, 0xc5, 0x08, 0xc5, 0x08, 0xc5, 0x08, 0xc5, 0x08, 0xc5, 0x08, 0xc5, 0x08, 0xc5, 0x08, 0xc5, 0x08, 0xe5, 0x08, 0xe5, 0x08,
    0xc5, 0x08, 0xc5, 0x08, 0xe5, 0x08, 0xe5, 0x08, 0xc5, 0x08, 0xc5, 0x08, 0xe5, 0x10, 0xe5, 0x10, 0xc5, 0x08, 0xc5, 0x08, 0xe5, 0x08, 0xe5, 0x08,
    0xe5, 0x10, 0xe5, 0x10, 0xc5, 0x08, 0xc5, 0x08, 0xe5, 0x10, 0xe5, 0x10, 0xc5, 0x08, 0xc5, 0x08, 0xc5, 0x08, 0xc5, 0x08, 0xc5, 0x08, 0xc5, 0x08,
    0xc5, 0x10, 0xc5, 0x10, 0xc5, 0x10, 0xc5, 0x10, 0xe5, 0x10, 0xe5, 0x10, 0xc5, 0x08, 0xc5, 0x08, 0xe5, 0x10, 0xe5, 0x10, 0xe5, 0x08, 0xe5, 0x08,
    0xe5, 0x10, 0xe5, 0x10, 0xe5, 0x10, 0xe5, 0x10, 0xc5, 0x08, 0xc5, 0x08, 0xc5, 0x08, 0xc5, 0x08, 0xe5, 0x10, 0xe5, 0x10, 0xc5, 0x08, 0xc5, 0x08,
    0xc5, 0x08, 0xc5, 0x08, 0xc5, 0x08, 0xc5, 0x08, 0xe5, 0x08, 0xe5, 0x08, 0xe5, 0x10, 0xe5, 0x10, 0xc5, 0x08, 0xc5, 0x08, 0xe5, 0x08, 0xe5, 0x08,
    0xc5, 0x10, 0xc5, 0x10, 0xe5, 0x10, 0xe5, 0x10, 0xc5, 0x10, 0xc5, 0x10, 0xc5, 0x08, 0xc5, 0x08, 0xc5, 0x08, 0xc5, 0x08, 0xc5, 0x08, 0xc5, 0x08,
    0xc5, 0x08, 0xc5, 0x08, 0xc5, 0x08, 0xc5, 0x08, 0xe5, 0x10, 0xe5, 0x10, 0xe5, 0x10, 0xe5, 0x10, 0xc5, 0x08, 0xc5, 0x08, 0xe5, 0x10, 0xe5, 0x10,
    0xe5, 0x10, 0xe5, 0x10, 0xe5, 0x10, 0xe5, 0x10, 0xe5, 0x10, 0xe5, 0x10, 0xe5, 0x10, 0xe5, 0x10, 0xe5, 0x08, 0xe5, 0x08, 0xe5, 0x08, 0xe5, 0x08,
    0xe5, 0x10, 0xe5, 0x10, 0xe5, 0x10, 0xe5, 0x10, 0xe5, 0x10, 0xe5, 0x10, 0xe5, 0x10, 0xe5, 0x10, 0xe5, 0x10, 0xe5, 0x10, 0xc5, 0x10, 0xc5, 0x10,
    0xc5, 0x08, 0xc5, 0x08, 0xc5, 0x10, 0xc5, 0x10, 0xc5, 0x08, 0xc5, 0x08, 0xe5, 0x10, 0xe5, 0x10, 0xc5, 0x08, 0xc5, 0x08, 0xe5, 0x10, 0xe5, 0x10,
    0xc5, 0x08, 0xc5, 0x08, 0xc5, 0x08, 0xc5, 0x08, 0xc5, 0x08, 0xc5, 0x08, 0xc5, 0x08, 0xc5, 0x08, 0xc5, 0x08, 0xc5, 0x08, 0xc5, 0x08, 0xc5, 0x08,
    0xc5, 0x08, 0xc5, 0x08, 0xc5, 0x08, 0xc5, 0x08, 0xc5, 0x08, 0xc5, 0x08, 0xe5, 0x10, 0xe5, 0x10, 0xc5, 0x08, 0xc5, 0x08, 0xc5, 0x08, 0xc5, 0x08,
    0xc5, 0x08, 0xc5, 0x08, 0xc5, 0x08, 0xc5, 0x08, 0xc5, 0x10, 0xc5, 0x10, 0xc5, 0x08, 0xc5, 0x08, 0xc5, 0x10, 0xc5, 0x10, 0xc5, 0x08, 0xc5, 0x08,
    0xc5, 0x10, 0xc5, 0x10, 0xe5, 0x10, 0xe5, 0x10, 0xe5, 0x10, 0xe5, 0x10, 0xe5, 0x10, 0xe5, 0x10, 0xe5, 0x10, 0xe5, 0x10, 0xc5, 0x08, 0xc5, 0x08,
    0xc5, 0x08, 0xc5, 0x08, 0xe5, 0x10, 0xe5, 0x10, 0xc5, 0x08, 0xc5, 0x08, 0xc5, 0x08, 0xc5, 0x08, 0xe5, 0x10, 0xe5, 0x10, 0xc5, 0x08, 0xc5, 0x08,
    0xc5, 0x10, 0xc5, 0x10, 0xc5, 0x08, 0xc5, 0x08, 0xc5, 0x08, 0xc5, 0x08, 0xe5, 0x10, 0xe5, 0x10, 0xc5, 0x08, 0xc5, 0x08, 0xc5, 0x08, 0xc5, 0x08,
    0xe5, 0x10, 0xe5, 0x10, 0xe5, 0x10, 0xe5, 0x10, 0xc5, 0x08, 0xc5, 0x08, 0xc5, 0x10, 0xc5, 0x10, 0xc5, 0x08, 0xc5, 0x08, 0xc5, 0x08, 0xc5, 0x08,
    0xc5, 0x08, 0xc5, 0x08, 0xc5, 0x08, 0xc5, 0x08, 0xc5, 0x08, 0xc5, 0x08, 0xc5, 0x08, 0xc5, 0x08, 0xc5, 0x08, 0xc5, 0x08, 0xe5, 0x08, 0xe5, 0x08,
    0xc5, 0x08, 0xc5, 0x08, 0xe5, 0x08, 0xe5, 0x08, 0xc5, 0x08, 0xc5, 0x08, 0xe5, 0x10, 0xe5, 0x10, 0xc5, 0x08, 0xc5, 0x08, 0xe5, 0x08, 0xe5, 0x08,
    0xe5, 0x10, 0xe5, 0x10, 0xc5, 0x08, 0xc5, 0x08, 0xe5, 0x10, 0xe5, 0x10, 0xc5, 0x08, 0xc5, 0x08, 0xc5, 0x08, 0xc5, 0x08, 0xc5, 0x08, 0xc5, 0x08,
    0xc5, 0x10, 0xc5, 0x10, 0xc5, 0x10, 0xc5, 0x10, 0xe5, 0x10, 0xe5, 0x10, 0xc5, 0x08, 0xc5, 0x08, 0xe5, 0x10, 0xe5, 0x10, 0xe5, 0x08, 0xe5, 0x08,
    0xe5, 0x10, 0xe5, 0x10, 0xe5, 0x10, 0xe5, 0x10, 0xc5, 0x08, 0xc5, 0x08, 0xc5, 0x08, 0xc5, 0x08, 0xe5, 0x10, 0xe5, 0x10, 0xc5, 0x08, 0xc5, 0x08,
    0xc5, 0x08, 0xc5, 0x08, 0xc5, 0x08, 0xc5, 0x08, 0xe5, 0x08, 0xe5, 0x08, 0xe5, 0x10, 0xe5, 0x10, 0xc5, 0x08, 0xc5, 0x08, 0xe5, 0x08, 0xe5, 0x08,
    0xc5, 0x10, 0xc5, 0x10, 0xe5, 0x10, 0xe5, 0x10, 0xc5, 0x10, 0xc5, 0x10, 0xc5, 0x08, 0xc5, 0x08, 0xc5, 0x08, 0xc5, 0x08, 0xc5, 0x08, 0xc5, 0x08,
    0xc5, 0x08, 0xc5, 0x08, 0xc5, 0x08, 0xc5, 0x08, 0xe5, 0x10, 0xe5, 0x10, 0xe5, 0x10, 0xe5, 0x10, 0xc5, 0x08, 0xc5, 0x08, 0xe5, 0x10, 0xe5, 0x10,
    0xe5, 0x10, 0xe5, 0x10, 0xe5, 0x10, 0xe5, 0x10, 0xe5, 0x10, 0xe5, 0x10, 0xe5, 0x10, 0xe5, 0x10, 0xe5, 0x08, 0xe5, 0x08, 0xe5, 0x08, 0xe5, 0x08,
    0xe5, 0x10, 0xe5, 0x10, 0xe5, 0x10, 0xe5, 0x10, 0xe5, 0x10, 0xe5, 0x10, 0xe5, 0x10, 0xe5, 0x10, 0xe5, 0x10, 0xe5, 0x10, 0xc5, 0x10, 0xc5, 0x10,
    0xc5, 0x08, 0xc5, 0x08, 0xc5, 0x10, 0xc5, 0x10, 0xc5, 0x08, 0xc5, 0x08, 0xe5, 0x10, 0xe5, 0x10, 0xc5, 0x08, 0xc5, 0x08, 0xe5, 0x10, 0xe5, 0x10,
    0xc5, 0x08, 0xc5, 0x08, 0xc5, 0x08, 0xc5, 0x08, 0xc5, 0x10, 0xc5, 0x10, 0xc5, 0x08, 0xc5, 0x08, 0xc5, 0x08, 0xc5, 0x08, 0xe5, 0x08, 0xe5, 0x08,
    0xc5, 0x10, 0xc5, 0x10, 0xc5, 0x08, 0xc5, 0x08, 0xc5, 0x08, 0xc5, 0x08, 0xc5, 0x10, 0xc5, 0x10, 0xc5, 0x10, 0xc5, 0x10, 0xc5, 0x08, 0xc5, 0x08,
    0xc5, 0x08, 0xc5, 0x08, 0xc5, 0x08, 0xc5, 0x08, 0xc5, 0x08, 0xc5, 0x08, 0xc5, 0x08, 0xc5, 0x08, 0xc5, 0x08, 0xc5, 0x08, 0xc5, 0x08, 0xc5, 0x08,
    0xc5, 0x08, 0xc5, 0x08, 0xc5, 0x10, 0xc5, 0x10, 0xc5, 0x10, 0xc5, 0x10, 0xe5, 0x10, 0xe5, 0x10, 0xc5, 0x10, 0xc5, 0x10, 0xc5, 0x08, 0xc5, 0x08,
    0xc5, 0x08, 0xc5, 0x08, 0xc5, 0x08, 0xc5, 0x08, 0xc5, 0x08, 0xc5, 0x08, 0xc5, 0x08, 0xc5, 0x08, 0xc5, 0x10, 0xc5, 0x10, 0xe5, 0x10, 0xe5, 0x10,
    0xc5, 0x08, 0xc5, 0x08, 0xc5, 0x10, 0xc5, 0x10, 0xc5, 0x08, 0xc5, 0x08, 0xe5, 0x10, 0xe5, 0x10, 0xc5, 0x08, 0xc5, 0x08, 0xc5, 0x08, 0xc5, 0x08,
    0xe5, 0x10, 0xe5, 0x10, 0xc5, 0x08, 0xc5, 0x08, 0xc5, 0x08, 0xc5, 0x08, 0xc5, 0x08, 0xc5, 0x08, 0xc5, 0x08, 0xc5, 0x08, 0xc5, 0x08, 0xc5, 0x08,
    0xc5, 0x08, 0xc5, 0x08, 0xc5, 0x08, 0xc5, 0x08, 0xc5, 0x08, 0xc5, 0x08, 0xc5, 0x08, 0xc5, 0x08, 0xc5, 0x08, 0xc5, 0x08, 0xc5, 0x08, 0xc5, 0x08,
    0xc5, 0x10, 0xc5, 0x10, 0xc5, 0x08, 0xc5, 0x08, 0xe5, 0x10, 0xe5, 0x10, 0xe5, 0x10, 0xe5, 0x10, 0xc5, 0x08, 0xc5, 0x08, 0xe5, 0x10, 0xe5, 0x10,
    0xc5, 0x10, 0xc5, 0x10, 0xc5, 0x08, 0xc5, 0x08, 0xc5, 0x08, 0xc5, 0x08, 0xc5, 0x08, 0xc5, 0x08, 0xc5, 0x08, 0xc5, 0x08, 0xe5, 0x10, 0xe5, 0x10,
    0xc5, 0x10, 0xc5, 0x10, 0xc5, 0x08, 0xc5, 0x08, 0xc5, 0x08, 0xc5, 0x08, 0xc5, 0x08, 0xc5, 0x08, 0xe5, 0x08, 0xe5, 0x08, 0xe5, 0x10, 0xe5, 0x10,
    0xe5, 0x10, 0xe5, 0x10, 0xe5, 0x10, 0xe5, 0x10, 0xe5, 0x10, 0xe5, 0x10, 0xe5, 0x10, 0xe5, 0x10, 0xe5, 0x08, 0xe5, 0x08, 0xe5, 0x10, 0xe5, 0x10,
    0xc5, 0x08, 0xc5, 0x08, 0xc5, 0x10, 0xc5, 0x10, 0xe5, 0x10, 0xe5, 0x10, 0xe5, 0x10, 0xe5, 0x10, 0xc5, 0x08, 0xc5, 0x08, 0xe5, 0x08, 0xe5, 0x08,
    0xc5, 0x08, 0xc5, 0x08, 0xc5, 0x10, 0xc5, 0x10, 0xc5, 0x08, 0xc5, 0x08, 0xc5, 0x08, 0xc5, 0x08, 0xc5, 0x08, 0xc5, 0x08, 0xe5, 0x10, 0xe5, 0x10,
    0xc5, 0x10, 0xc5, 0x10, 0xc5, 0x10, 0xc5, 0x10, 0xc5, 0x10, 0xc5, 0x10, 0xc5, 0x08, 0xc5, 0x08, 0xe5, 0x10, 0xe5, 0x10, 0xc5, 0x10, 0xc5, 0x10,
    0xc5, 0x08, 0xc5, 0x08, 0xe5, 0x10, 0xe5, 0x10, 0xe5, 0x10, 0xe5, 0x10, 0xe5, 0x10, 0xe5, 0x10, 0xe5, 0x10, 0xe5, 0x10, 0xe5, 0x10, 0xe5, 0x10,
    0xc5, 0x08, 0xc5, 0x08, 0xe5, 0x10, 0xe5, 0x10, 0xe5, 0x10, 0xe5, 0x10, 0xc5, 0x10, 0xc5, 0x10, 0xc5, 0x08, 0xc5, 0x08, 0xe5, 0x08, 0xe5, 0x08,
    0xe5, 0x08, 0xe5, 0x08, 0xc5, 0x08, 0xc5, 0x08, 0xc5, 0x08, 0xc5, 0x08, 0xc5, 0x10, 0xc5, 0x10, 0xe5, 0x08, 0xe5, 0x08, 0xc5, 0x10, 0xc5, 0x10,
    0xc5, 0x08, 0xc5, 0x08, 0xc5, 0x08, 0xc5, 0x08, 0xc5, 0x10, 0xc5, 0x10, 0xc5, 0x08, 0xc5, 0x08, 0xc5, 0x08, 0xc5, 0x08, 0xe5, 0x08, 0xe5, 0x08,
    0xc5, 0x10, 0xc5, 0x10, 0xc5, 0x08, 0xc5, 0x08, 0xc5, 0x08, 0xc5, 0x08, 0xc5, 0x10, 0xc5, 0x10, 0xc5, 0x10, 0xc5, 0x10, 0xc5, 0x08, 0xc5, 0x08,
    0xc5, 0x08, 0xc5, 0x08, 0xc5, 0x08, 0xc5, 0x08, 0xc5, 0x08, 0xc5, 0x08, 0xc5, 0x08, 0xc5, 0x08, 0xc5, 0x08, 0xc5, 0x08, 0xc5, 0x08, 0xc5, 0x08,
    0xc5, 0x08, 0xc5, 0x08, 0xc5, 0x10, 0xc5, 0x10, 0xc5, 0x10, 0xc5, 0x10, 0xe5, 0x10, 0xe5, 0x10, 0xc5, 0x10, 0xc5, 0x10, 0xc5, 0x08, 0xc5, 0x08,
    0xc5, 0x08, 0xc5, 0x08, 0xc5, 0x08, 0xc5, 0x08, 0xc5, 0x08, 0xc5, 0x08, 0xc5, 0x08, 0xc5, 0x08, 0xc5, 0x10, 0xc5, 0x10, 0xe5, 0x10, 0xe5, 0x10,
    0xc5, 0x08, 0xc5, 0x08, 0xc5, 0x10, 0xc5, 0x10, 0xc5, 0x08, 0xc5, 0x08, 0xe5, 0x10, 0xe5, 0x10, 0xc5, 0x08, 0xc5, 0x08, 0xc5, 0x08, 0xc5, 0x08,
    0xe5, 0x10, 0xe5, 0x10, 0xc5, 0x08, 0xc5, 0x08, 0xc5, 0x08, 0xc5, 0x08, 0xc5, 0x08, 0xc5, 0x08, 0xc5, 0x08, 0xc5, 0x08, 0xc5, 0x08, 0xc5, 0x08,
    0xc5, 0x08, 0xc5, 0x08, 0xc5, 0x08, 0xc5, 0x08, 0xc5, 0x08, 0xc5, 0x08, 0xc5, 0x08, 0xc5, 0x08, 0xc5, 0x08, 0xc5, 0x08, 0xc5, 0x08, 0xc5, 0x08,
    0xc5, 0x10, 0xc5, 0x10, 0xc5, 0x08, 0xc5, 0x08, 0xe5, 0x10, 0xe5, 0x10, 0xe5, 0x10, 0xe5, 0x10, 0xc5, 0x08, 0xc5, 0x08, 0xe5, 0x10, 0xe5, 0x10,
    0xc5, 0x10, 0xc5, 0x10, 0xc5, 0x08, 0xc5, 0x08, 0xc5, 0x08, 0xc5, 0x08, 0xc5, 0x08, 0xc5, 0x08, 0xc5, 0x08, 0xc5, 0x08, 0xe5, 0x10, 0xe5, 0x10,
    0xc5, 0x10, 0xc5, 0x10, 0xc5, 0x08, 0xc5, 0x08, 0xc5, 0x08, 0xc5, 0x08, 0xc5, 0x08, 0xc5, 0x08, 0xe5, 0x08, 0xe5, 0x08, 0xe5, 0x10, 0xe5, 0x10,
    0xe5, 0x10, 0xe5, 0x10, 0xe5, 0x10, 0xe5, 0x10, 0xe5, 0x10, 0xe5, 0x10, 0xe5, 0x10, 0xe5, 0x10, 0xe5, 0x08, 0xe5, 0x08, 0xe5, 0x10, 0xe5, 0x10,
    0xc5, 0x08, 0xc5, 0x08, 0xc5, 0x10, 0xc5, 0x10, 0xe5, 0x10, 0xe5, 0x10, 0xe5, 0x10, 0xe5, 0x10, 0xc5, 0x08, 0xc5, 0x08, 0xe5, 0x08, 0xe5, 0x08,
    0xc5, 0x08, 0xc5, 0x08, 0xc5, 0x10, 0xc5, 0x10, 0xc5, 0x08, 0xc5, 0x08, 0xc5, 0x08, 0xc5, 0x08, 0xc5, 0x08, 0xc5, 0x08, 0xe5, 0x10, 0xe5, 0x10,
    0xc5, 0x10, 0xc5, 0x10, 0xc5, 0x10, 0xc5, 0x10, 0xc5, 0x10, 0xc5, 0x10, 0xc5, 0x08, 0xc5, 0x08, 0xe5, 0x10, 0xe5, 0x10, 0xc5, 0x10, 0xc5, 0x10,
    0xc5, 0x08, 0xc5, 0x08, 0xe5, 0x10, 0xe5, 0x10, 0xe5, 0x10, 0xe5, 0x10, 0xe5, 0x10, 0xe5, 0x10, 0xe5, 0x10, 0xe5, 0x10, 0xe5, 0x10, 0xe5, 0x10,
    0xc5, 0x08, 0xc5, 0x08, 0xe5, 0x10, 0xe5, 0x10, 0xe5, 0x10, 0xe5, 0x10, 0xc5, 0x10, 0xc5, 0x10, 0xc5, 0x08, 0xc5, 0x08, 0xe5, 0x08, 0xe5, 0x08,
    0xe5, 0x08, 0xe5, 0x08, 0xc5, 0x08, 0xc5, 0x08, 0xc5, 0x08, 0xc5, 0x08, 0xc5, 0x10, 0xc5, 0x10, 0xe5, 0x08, 0xe5, 0x08, 0xc5, 0x10, 0xc5, 0x10,
    0xc5, 0x08, 0xc5, 0x08, 0xc5, 0x08, 0xc5, 0x08, 0xc5, 0x08, 0xc5, 0x08, 0xc5, 0x08, 0xc5, 0x08, 0xc5, 0x08, 0xc5, 0x08, 0xc5, 0x08, 0xc5, 0x08,
    0xc5, 0x08, 0xc5, 0x08, 0xc5, 0x08, 0xc5, 0x08, 0xc5, 0x10, 0xc5, 0x10, 0xc5, 0x08, 0xc5, 0x08, 0xc5, 0x08, 0xc5, 0x08, 0xc5, 0x08, 0xc5, 0x08,
    0xc5, 0x08, 0xc5, 0x08, 0xc5, 0x08, 0xc5, 0x08, 0xc5, 0x08, 0xc5, 0x08, 0xc5, 0x08, 0xc5, 0x08, 0xc5, 0x08, 0xc5, 0x08, 0xc5, 0x08, 0xc5, 0x08,
    0xc5, 0x08, 0xc5, 0x08, 0xe5, 0x08, 0xe5, 0x08, 0xc5, 0x08, 0xc5, 0x08, 0xc5, 0x08, 0xc5, 0x08, 0xe5, 0x08, 0xe5, 0x08, 0xc5, 0x08, 0xc5, 0x08,
    0xc5, 0x08, 0xc5, 0x08, 0xc5, 0x08, 0xc5, 0x08, 0xc5, 0x08, 0xc5, 0x08, 0xc5, 0x08, 0xc5, 0x08, 0xc5, 0x08, 0xc5, 0x08, 0xe5, 0x10, 0xe5, 0x10,
    0xc5, 0x08, 0xc5, 0x08, 0xc5, 0x08, 0xc5, 0x08, 0xc5, 0x08, 0xc5, 0x08, 0xe5, 0x10, 0xe5, 0x10, 0xc5, 0x08, 0xc5, 0x08, 0xc5, 0x08, 0xc5, 0x08,
    0xc5, 0x08, 0xc5, 0x08, 0xc5, 0x08, 0xc5, 0x08, 0xe5, 0x10, 0xe5, 0x10, 0xe5, 0x10, 0xe5, 0x10, 0xc5, 0x08, 0xc5, 0x08, 0xc5, 0x08, 0xc5, 0x08,
    0xc5, 0x08, 0xc5, 0x08, 0xc5, 0x08, 0xc5, 0x08, 0xc5, 0x08, 0xc5, 0x08, 0xc5, 0x08, 0xc5, 0x08, 0xc5, 0x08, 0xc5, 0x08, 0xc5, 0x08, 0xc5, 0x08,
    0xe5, 0x10, 0xe5, 0x10, 0xc5, 0x08, 0xc5, 0x08, 0xc5, 0x08, 0xc5, 0x08, 0xc5, 0x08, 0xc5, 0x08, 0xc5, 0x08, 0xc5, 0x08, 0xc5, 0x08, 0xc5, 0x08,
    0xc5, 0x08, 0xc5, 0x08, 0xc5, 0x08, 0xc5, 0x08, 0xc5, 0x08, 0xc5, 0x08, 0xc5, 0x08, 0xc5, 0x08, 0xc5, 0x08, 0xc5, 0x08, 0xc5, 0x10, 0xc5, 0x10,
    0xc5, 0x08, 0xc5, 0x08, 0xc5, 0x08, 0xc5, 0x08, 0xc5, 0x08, 0xc5, 0x08, 0xc5, 0x08, 0xc5, 0x08, 0xc5, 0x10, 0xc5, 0x10, 0xe5, 0x10, 0xe5, 0x10,
    0xc5, 0x08, 0xc5, 0x08, 0xe5, 0x08, 0xe5, 0x08, 0xc5, 0x08, 0xc5, 0x08, 0xc5, 0x08, 0xc5, 0x08, 0xc5, 0x08, 0xc5, 0x08, 0xc5, 0x08, 0xc5, 0x08,
    0xc5, 0x08, 0xc5, 0x08, 0xc5, 0x08, 0xc5, 0x08, 0xc5, 0x10, 0xc5, 0x10, 0xc5, 0x08, 0xc5, 0x08, 0xe5, 0x10, 0xe5, 0x10, 0xc5, 0x10, 0xc5, 0x10,
    0xc5, 0x08, 0xc5, 0x08, 0xc5, 0x10, 0xc5, 0x10, 0xc5, 0x10, 0xc5, 0x10, 0xe5, 0x08, 0xe5, 0x08, 0xc5, 0x10, 0xc5, 0x10, 0xe5, 0x10, 0xe5, 0x10,
    0xc5, 0x10, 0xc5, 0x10, 0xc5, 0x10, 0xc5, 0x10, 0xc5, 0x08, 0xc5, 0x08, 0xe5, 0x10, 0xe5, 0x10, 0xe5, 0x10, 0xe5, 0x10, 0xc5, 0x08, 0xc5, 0x08,
    0xe5, 0x10, 0xe5, 0x10, 0xe5, 0x10, 0xe5, 0x10, 0xc5, 0x10, 0xc5, 0x10, 0xc5, 0x10, 0xc5, 0x10, 0xc5, 0x08, 0xc5, 0x08, 0xe5, 0x08, 0xe5, 0x08,
    0xe5, 0x08, 0xe5, 0x08, 0xc5, 0x10, 0xc5, 0x10, 0xe5, 0x10, 0xe5, 0x10, 0xe5, 0x10, 0xe5, 0x10, 0xc5, 0x08, 0xc5, 0x08, 0xc5, 0x08, 0xc5, 0x08,
    0xe5, 0x08, 0xe5, 0x08, 0xc5, 0x10, 0xc5, 0x10, 0xe5, 0x08, 0xe5, 0x08, 0xc5, 0x10, 0xc5, 0x10, 0xc5, 0x10, 0xc5, 0x10, 0xc5, 0x08, 0xc5, 0x08,
    0xc5, 0x08, 0xc5, 0x08, 0xc5, 0x08, 0xc5, 0x08, 0xc5, 0x08, 0xc5, 0x08, 0xc5, 0x08, 0xc5, 0x08, 0xc5, 0x08, 0xc5, 0x08, 0xc5, 0x08, 0xc5, 0x08,
    0xc5, 0x08, 0xc5, 0x08, 0xc5, 0x08, 0xc5, 0x08, 0xc5, 0x10, 0xc5, 0x10, 0xc5, 0x08, 0xc5, 0x08, 0xc5, 0x08, 0xc5, 0x08, 0xc5, 0x08, 0xc5, 0x08,
    0xc5, 0x08, 0xc5, 0x08, 0xc5, 0x08, 0xc5, 0x08, 0xc5, 0x08, 0xc5, 0x08, 0xc5, 0x08, 0xc5, 0x08, 0xc5, 0x08, 0xc5, 0x08, 0xc5, 0x08, 0xc5, 0x08,
    0xc5, 0x08, 0xc5, 0x08, 0xe5, 0x08, 0xe5, 0x08, 0xc5, 0x08, 0xc5, 0x08, 0xc5, 0x08, 0xc5, 0x08, 0xe5, 0x08, 0xe5, 0x08, 0xc5, 0x08, 0xc5, 0x08,
    0xc5, 0x08, 0xc5, 0x08, 0xc5, 0x08, 0xc5, 0x08, 0xc5, 0x08, 0xc5, 0x08, 0xc5, 0x08, 0xc5, 0x08, 0xc5, 0x08, 0xc5, 0x08, 0xe5, 0x10, 0xe5, 0x10,
    0xc5, 0x08, 0xc5, 0x08, 0xc5, 0x08, 0xc5, 0x08, 0xc5, 0x08, 0xc5, 0x08, 0xe5, 0x10, 0xe5, 0x10, 0xc5, 0x08, 0xc5, 0x08, 0xc5, 0x08, 0xc5, 0x08,
    0xc5, 0x08, 0xc5, 0x08, 0xc5, 0x08, 0xc5, 0x08, 0xe5, 0x10, 0xe5, 0x10, 0xe5, 0x10, 0xe5, 0x10, 0xc5, 0x08, 0xc5, 0x08, 0xc5, 0x08, 0xc5, 0x08,
    0xc5, 0x08, 0xc5, 0x08, 0xc5, 0x08, 0xc5, 0x08, 0xc5, 0x08, 0xc5, 0x08, 0xc5, 0x08, 0xc5, 0x08, 0xc5, 0x08, 0xc5, 0x08, 0xc5, 0x08, 0xc5, 0x08,
    0xe5, 0x10, 0xe5, 0x10, 0xc5, 0x08, 0xc5, 0x08, 0xc5, 0x08, 0xc5, 0x08, 0xc5, 0x08, 0xc5, 0x08, 0xc5, 0x08, 0xc5, 0x08, 0xc5, 0x08, 0xc5, 0x08,
    0xc5, 0x08, 0xc5, 0x08, 0xc5, 0x08, 0xc5, 0x08, 0xc5, 0x08, 0xc5, 0x08, 0xc5, 0x08, 0xc5, 0x08, 0xc5, 0x08, 0xc5, 0x08, 0xc5, 0x10, 0xc5, 0x10,
    0xc5, 0x08, 0xc5, 0x08, 0xc5, 0x08, 0xc5, 0x08, 0xc5, 0x08, 0xc5, 0x08, 0xc5, 0x08, 0xc5, 0x08, 0xc5, 0x10, 0xc5, 0x10, 0xe5, 0x10, 0xe5, 0x10,
    0xc5, 0x08, 0xc5, 0x08, 0xe5, 0x08, 0xe5, 0x08, 0xc5, 0x08, 0xc5, 0x08, 0xc5, 0x08, 0xc5, 0x08, 0xc5, 0x08, 0xc5, 0x08, 0xc5, 0x08, 0xc5, 0x08,
    0xc5, 0x08, 0xc5, 0x08, 0xc5, 0x08, 0xc5, 0x08, 0xc5, 0x10, 0xc5, 0x10, 0xc5, 0x08, 0xc5, 0x08, 0xe5, 0x10, 0xe5, 0x10, 0xc5, 0x10, 0xc5, 0x10,
    0xc5, 0x08, 0xc5, 0x08, 0xc5, 0x10, 0xc5, 0x10, 0xc5, 0x10, 0xc5, 0x10, 0xe5, 0x08, 0xe5, 0x08, 0xc5, 0x10, 0xc5, 0x10, 0xe5, 0x10, 0xe5, 0x10,
    0xc5, 0x10, 0xc5, 0x10, 0xc5, 0x10, 0xc5, 0x10, 0xc5, 0x08, 0xc5, 0x08, 0xe5, 0x10, 0xe5, 0x10, 0xe5, 0x10, 0xe5, 0x10, 0xc5, 0x08, 0xc5, 0x08,
    0xe5, 0x10, 0xe5, 0x10, 0xe5, 0x10, 0xe5, 0x10, 0xc5, 0x10, 0xc5, 0x10, 0xc5, 0x10, 0xc5, 0x10, 0xc5, 0x08, 0xc5, 0x08, 0xe5, 0x08, 0xe5, 0x08,
    0xe5, 0x08, 0xe5, 0x08, 0xc5, 0x10, 0xc5, 0x10, 0xe5, 0x10, 0xe5, 0x10, 0xe5, 0x10, 0xe5, 0x10, 0xc5, 0x08, 0xc5, 0x08, 0xc5, 0x08, 0xc5, 0x08,
    0xe5, 0x08, 0xe5, 0x08, 0xc5, 0x10, 0xc5, 0x10, 0xe5, 0x08, 0xe5, 0x08, 0xc5, 0x10, 0xc5, 0x10, 0xc5, 0x10, 0xc5, 0x10, 0xc5, 0x08, 0xc5, 0x08,
    0xc5, 0x08, 0xc5, 0x08, 0xc5, 0x08, 0xc5, 0x08, 0xc5, 0x08, 0xc5, 0x08, 0xc5, 0x08, 0xc5, 0x08, 0xc5, 0x08, 0xc5, 0x08, 0xc5, 0x08, 0xc5, 0x08,
    0xc5, 0x08, 0xc5, 0x08, 0xc5, 0x08, 0xc5, 0x08, 0xc5, 0x08, 0xc5, 0x08, 0xc5, 0x08, 0xc5, 0x08, 0xc5, 0x08, 0xc5, 0x08, 0xc5, 0x08, 0xc5, 0x08,
    0xe5, 0x10, 0xe5, 0x10, 0xc5, 0x08, 0xc5, 0x08, 0xc5, 0x08, 0xc5, 0x08, 0xc5, 0x08, 0xc5, 0x08, 0xe5, 0x10, 0xe5, 0x10, 0xc5, 0x08, 0xc5, 0x08,
    0xe5, 0x08, 0xe5, 0x08, 0xc5, 0x08, 0xc5, 0x08, 0xc5, 0x08, 0xc5, 0x08, 0xc5, 0x08, 0xc5, 0x08, 0xc5, 0x08, 0xc5, 0x08, 0xc5, 0x08, 0xc5, 0x08,
    0xc5, 0x08, 0xc5, 0x08, 0xc5, 0x08, 0xc5, 0x08, 0xe5, 0x10, 0xe5, 0x10, 0xc5, 0x08, 0xc5, 0x08, 0xc5, 0x08, 0xc5, 0x08, 0xc5, 0x08, 0xc5, 0x08,
    0xe5, 0x10, 0xe5, 0x10, 0xc5, 0x08, 0xc5, 0x08, 0xc5, 0x08, 0xc5, 0x08, 0xc5, 0x08, 0xc5, 0x08, 0xc5, 0x08, 0xc5, 0x08, 0xc5, 0x08, 0xc5, 0x08,
    0xc5, 0x08, 0xc5, 0x08, 0xe5, 0x10, 0xe5, 0x10, 0xe5, 0x10, 0xe5, 0x10, 0xe5, 0x08, 0xe5, 0x08, 0xc5, 0x08, 0xc5, 0x08, 0xc5, 0x08, 0xc5, 0x08,
    0xc5, 0x08, 0xc5, 0x08, 0xc5, 0x08, 0xc5, 0x08, 0xc5, 0x08, 0xc5, 0x08, 0xc5, 0x08, 0xc5, 0x08, 0xc5, 0x08, 0xc5, 0x08, 0xc5, 0x08, 0xc5, 0x08,
    0xc5, 0x10, 0xc5, 0x10, 0xc5, 0x08, 0xc5, 0x08, 0xc5, 0x08, 0xc5, 0x08, 0xc5, 0x10, 0xc5, 0x10, 0xe5, 0x10, 0xe5, 0x10, 0xe5, 0x10, 0xe5, 0x10,
    0xe5, 0x10, 0xe5, 0x10, 0xc5, 0x10, 0xc5, 0x10, 0xe5, 0x08, 0xe5, 0x08, 0xc5, 0x08, 0xc5, 0x08, 0xc5, 0x08, 0xc5, 0x08, 0xc5, 0x10, 0xc5, 0x10,
    0xc5, 0x08, 0xc5, 0x08, 0xc5, 0x08, 0xc5, 0x08, 0xc5, 0x10, 0xc5, 0x10, 0xc5, 0x08, 0xc5, 0x08, 0xc5, 0x08, 0xc5, 0x08, 0xc5, 0x08, 0xc5, 0x08,
    0xc5, 0x08, 0xc5, 0x08, 0xc5, 0x10, 0xc5, 0x10, 0xc5, 0x10, 0xc5, 0x10, 0xc5, 0x08, 0xc5, 0x08, 0xc5, 0x08, 0xc5, 0x08, 0xc5, 0x08, 0xc5, 0x08,
    0xc5, 0x08, 0xc5, 0x08, 0xc5, 0x08, 0xc5, 0x08, 0xc5, 0x08, 0xc5, 0x08, 0xc5, 0x10, 0xc5, 0x10, 0xc5, 0x10, 0xc5, 0x10, 0xe5, 0x10, 0xe5, 0x10,
    0xc5, 0x08, 0xc5, 0x08, 0xc5, 0x08, 0xc5, 0x08, 0xe5, 0x10, 0xe5, 0x10, 0xc5, 0x10, 0xc5, 0x10, 0xc5, 0x08, 0xc5, 0x08, 0xc5, 0x08, 0xc5, 0x08,
    0xc5, 0x10, 0xc5, 0x10, 0xc5, 0x08, 0xc5, 0x08, 0xc5, 0x08, 0xc5, 0x08, 0xc5, 0x08, 0xc5, 0x08, 0xc5, 0x10, 0xc5, 0x10, 0xc5, 0x10, 0xc5, 0x10,
    0xc5, 0x10, 0xc5, 0x10, 0xc5, 0x08, 0xc5, 0x08, 0xe5, 0x10, 0xe5, 0x10, 0xe5, 0x08, 0xe5, 0x08, 0xc5, 0x08, 0xc5, 0x08, 0xe5, 0x08, 0xe5, 0x08,
    0xe5, 0x10, 0xe5, 0x10, 0xc5, 0x08, 0xc5, 0x08, 0xc5, 0x10, 0xc5, 0x10, 0xc5, 0x10, 0xc5, 0x10, 0xe5, 0x08, 0xe5, 0x08, 0xc5, 0x10, 0xc5, 0x10,
    0xe5, 0x10, 0xe5, 0x10, 0xc5, 0x08, 0xc5, 0x08, 0xc5, 0x10, 0xc5, 0x10, 0xc5, 0x08, 0xc5, 0x08, 0xc5, 0x08, 0xc5, 0x08, 0xc5, 0x08, 0xc5, 0x08,
    0xc5, 0x08, 0xc5, 0x08, 0xc5, 0x08, 0xc5, 0x08, 0xc5, 0x08, 0xc5, 0x08, 0xc5, 0x08, 0xc5, 0x08, 0xc5, 0x08, 0xc5, 0x08, 0xc5, 0x08, 0xc5, 0x08,
    0xc5, 0x08, 0xc5, 0x08, 0xc5, 0x08, 0xc5, 0x08, 0xc5, 0x08, 0xc5, 0x08, 0xc5, 0x08, 0xc5, 0x08, 0xc5, 0x08, 0xc5, 0x08, 0xc5, 0x08, 0xc5, 0x08,
    0xe5, 0x10, 0xe5, 0x10, 0xc5, 0x08, 0xc5, 0x08, 0xc5, 0x08, 0xc5, 0x08, 0xc5, 0x08, 0xc5, 0x08, 0xe5, 0x10, 0xe5, 0x10, 0xc5, 0x08, 0xc5, 0x08,
    0xe5, 0x08, 0xe5, 0x08, 0xc5, 0x08, 0xc5, 0x08, 0xc5, 0x08, 0xc5, 0x08, 0xc5, 0x08, 0xc5, 0x08, 0xc5, 0x08, 0xc5, 0x08, 0xc5, 0x08, 0xc5, 0x08,
    0xc5, 0x08, 0xc5, 0x08, 0xc5, 0x08, 0xc5, 0x08, 0xe5, 0x10, 0xe5, 0x10, 0xc5, 0x08, 0xc5, 0x08, 0xc5, 0x08, 0xc5, 0x08, 0xc5, 0x08, 0xc5, 0x08,
    0xe5, 0x10, 0xe5, 0x10, 0xc5, 0x08, 0xc5, 0x08, 0xc5, 0x08, 0xc5, 0x08, 0xc5, 0x08, 0xc5, 0x08, 0xc5, 0x08, 0xc5, 0x08, 0xc5, 0x08, 0xc5, 0x08,
    0xc5, 0x08, 0xc5, 0x08, 0xe5, 0x10, 0xe5, 0x10, 0xe5, 0x10, 0xe5, 0x10, 0xe5, 0x08, 0xe5, 0x08, 0xc5, 0x08, 0xc5, 0x08, 0xc5, 0x08, 0xc5, 0x08,
    0xc5, 0x08, 0xc5, 0x08, 0xc5, 0x08, 0xc5, 0x08, 0xc5, 0x08, 0xc5, 0x08, 0xc5, 0x08, 0xc5, 0x08, 0xc5, 0x08, 0xc5, 0x08, 0xc5, 0x08, 0xc5, 0x08,
    0xc5, 0x10, 0xc5, 0x10, 0xc5, 0x08, 0xc5, 0x08, 0xc5, 0x08, 0xc5, 0x08, 0xc5, 0x10, 0xc5, 0x10, 0xe5, 0x10, 0xe5, 0x10, 0xe5, 0x10, 0xe5, 0x10,
    0xe5, 0x10, 0xe5, 0x10, 0xc5, 0x10, 0xc5, 0x10, 0xe5, 0x08, 0xe5, 0x08, 0xc5, 0x08, 0xc5, 0x08, 0xc5, 0x08, 0xc5, 0x08, 0xc5, 0x10, 0xc5, 0x10,
    0xc5, 0x08, 0xc5, 0x08, 0xc5, 0x08, 0xc5, 0x08, 0xc5, 0x10, 0xc5, 0x10, 0xc5, 0x08, 0xc5, 0x08, 0xc5, 0x08, 0xc5, 0x08, 0xc5, 0x08, 0xc5, 0x08,
    0xc5, 0x08, 0xc5, 0x08, 0xc5, 0x10, 0xc5, 0x10, 0xc5, 0x10, 0xc5, 0x10, 0xc5, 0x08, 0xc5, 0x08, 0xc5, 0x08, 0xc5, 0x08, 0xc5, 0x08, 0xc5, 0x08,
    0xc5, 0x08, 0xc5, 0x08, 0xc5, 0x08, 0xc5, 0x08, 0xc5, 0x08, 0xc5, 0x08, 0xc5, 0x10, 0xc5, 0x10, 0xc5, 0x10, 0xc5, 0x10, 0xe5, 0x10, 0xe5, 0x10,
    0xc5, 0x08, 0xc5, 0x08, 0xc5, 0x08, 0xc5, 0x08, 0xe5, 0x10, 0xe5, 0x10, 0xc5, 0x10, 0xc5, 0x10, 0xc5, 0x08, 0xc5, 0x08, 0xc5, 0x08, 0xc5, 0x08,
    0xc5, 0x10, 0xc5, 0x10, 0xc5, 0x08, 0xc5, 0x08, 0xc5, 0x08, 0xc5, 0x08, 0xc5, 0x08, 0xc5, 0x08, 0xc5, 0x10, 0xc5, 0x10, 0xc5, 0x10, 0xc5, 0x10,
    0xc5, 0x10, 0xc5, 0x10, 0xc5, 0x08, 0xc5, 0x08, 0xe5, 0x10, 0xe5, 0x10, 0xe5, 0x08, 0xe5, 0x08, 0xc5, 0x08, 0xc5, 0x08, 0xe5, 0x08, 0xe5, 0x08,
    0xe5, 0x10, 0xe5, 0x10, 0xc5, 0x08, 0xc5, 0x08, 0xc5, 0x10, 0xc5, 0x10, 0xc5, 0x10, 0xc5, 0x10, 0xe5, 0x08, 0xe5, 0x08, 0xc5, 0x10, 0xc5, 0x10,
    0xe5, 0x10, 0xe5, 0x10, 0xc5, 0x08, 0xc5, 0x08, 0xc5, 0x10, 0xc5, 0x10, 0xc5, 0x08, 0xc5, 0x08, 0xc5, 0x08, 0xc5, 0x08, 0xc5, 0x08, 0xc5, 0x08,
    0xe5, 0x10, 0xe5, 0x10, 0xc5, 0x08, 0xc5, 0x08, 0xc5, 0x08, 0xc5, 0x08, 0xe5, 0x10, 0xe5, 0x10, 0xc5, 0x08, 0xc5, 0x08, 0xc5, 0x08, 0xc5, 0x08,
    0xc5, 0x08, 0xc5, 0x08, 0xc5, 0x08, 0xc5, 0x08, 0xc5, 0x08, 0xc5, 0x08, 0xc5, 0x08, 0xc5, 0x08, 0xc5, 0x08, 0xc5, 0x08, 0xc5, 0x08, 0xc5, 0x08,
    0xc5, 0x08, 0xc5, 0x08, 0xc5, 0x08, 0xc5, 0x08, 0xc5, 0x08, 0xc5, 0x08, 0xc5, 0x08, 0xc5, 0x08, 0xc5, 0x08, 0xc5, 0x08, 0xc5, 0x08, 0xc5, 0x08,
    0xc5, 0x08, 0xc5, 0x08, 0xc5, 0x10, 0xc5, 0x10, 0xc5, 0x08, 0xc5, 0x08, 0xc5, 0x08, 0xc5, 0x08, 0xc5, 0x08, 0xc5, 0x08, 0xc5, 0x08, 0xc5, 0x08,
    0xc5, 0x08, 0xc5, 0x08, 0xc5, 0x10, 0xc5, 0x10, 0xc5, 0x08, 0xc5, 0x08, 0xc5, 0x10, 0xc5, 0x10, 0xc5, 0x08, 0xc5, 0x08, 0xc5, 0x08, 0xc5, 0x08,
    0xc5, 0x10, 0xc5, 0x10, 0xc5, 0x08, 0xc5, 0x08, 0xc5, 0x08, 0xc5, 0x08, 0xc5, 0x08, 0xc5, 0x08, 0xc5, 0x08, 0xc5, 0x08, 0xc5, 0x08, 0xc5, 0x08,
    0xc5, 0x08, 0xc5, 0x08, 0xc5, 0x08, 0xc5, 0x08, 0xc5, 0x08, 0xc5, 0x08, 0xc5, 0x08, 0xc5, 0x08, 0xc5, 0x08, 0xc5, 0x08, 0xc5, 0x08, 0xc5, 0x08,
    0xc5, 0x08, 0xc5, 0x08, 0xc5, 0x08, 0xc5, 0x08, 0xc5, 0x08, 0xc5, 0x08, 0xc5, 0x10, 0xc5, 0x10, 0xc5, 0x10, 0xc5, 0x10, 0xc5, 0x08, 0xc5, 0x08,
    0xc5, 0x08, 0xc5, 0x08, 0xc5, 0x08, 0xc5, 0x08, 0xc5, 0x08, 0xc5, 0x08, 0xc5, 0x08, 0xc5, 0x08, 0xe5, 0x10, 0xe5, 0x10, 0xc5, 0x10, 0xc5, 0x10,
    0xe5, 0x10, 0xe5, 0x10, 0xc5, 0x10, 0xc5, 0x10, 0xc5, 0x10, 0xc5, 0x10, 0xc5, 0x10, 0xc5, 0x10, 0xc5, 0x08, 0xc5, 0x08, 0xc5, 0x08, 0xc5, 0x08,
    0xc5, 0x08, 0xc5, 0x08, 0xc5, 0x08, 0xc5, 0x08, 0xe5, 0x10, 0xe5, 0x10, 0xc5, 0x10, 0xc5, 0x10, 0xe5, 0x10, 0xe5, 0x10, 0xe5, 0x10, 0xe5, 0x10,
    0xa9, 0x29, 0xa9, 0x29, 0xdf, 0xff, 0xdf, 0xff, 0xff, 0xff, 0xff, 0xff, 0x9e, 0xf7, 0x9e, 0xf7, 0xdf, 0xff, 0xdf, 0xff, 0x9b, 0xce, 0x9b, 0xce,
    0x3a, 0xc6, 0x3a, 0xc6, 0xd8, 0xb5, 0xd8, 0xb5, 0x7a, 0xc6, 0x7a, 0xc6, 0x5d, 0xe7, 0x5d, 0xe7, 0xdf, 0xff, 0xdf, 0xff, 0xdf, 0xff, 0xdf, 0xff,
    0xbe, 0xf7, 0xbe, 0xf7, 0x35, 0xa5, 0x35, 0xa5, 0x0e, 0x5b, 0x0e, 0x5b, 0x2e, 0x5b, 0x2e, 0x5b, 0xe6, 0x10, 0xe6, 0x10, 0xc5, 0x08, 0xc5, 0x08,
    0xc5, 0x10, 0xc5, 0x10, 0xe5, 0x10, 0xe5, 0x10, 0xc5, 0x08, 0xc5, 0x08, 0xc5, 0x08, 0xc5, 0x08, 0xc5, 0x08, 0xc5, 0x08, 0xe5, 0x10, 0xe5, 0x10,
    0xc5, 0x08, 0xc5, 0x08, 0xe5, 0x10, 0xe5, 0x10, 0xe5, 0x10, 0xe5, 0x10, 0xe5, 0x08, 0xe5, 0x08, 0xc5, 0x10, 0xc5, 0x10, 0xe5, 0x10, 0xe5, 0x10,
    0xc5, 0x08, 0xc5, 0x08, 0xe5, 0x10, 0xe5, 0x10, 0xc5, 0x10, 0xc5, 0x10, 0xc5, 0x10, 0xc5, 0x10, 0xe5, 0x08, 0xe5, 0x08, 0xe5, 0x10, 0xe5, 0x10,
    0xc5, 0x10, 0xc5, 0x10, 0xe5, 0x08, 0xe5, 0x08, 0xc5, 0x10, 0xc5, 0x10, 0xc5, 0x10, 0xc5, 0x10, 0xc5, 0x08, 0xc5, 0x08, 0xc5, 0x08, 0xc5, 0x08,
    0xe5, 0x10, 0xe5, 0x10, 0xc5, 0x08, 0xc5, 0x08, 0xc5, 0x08, 0xc5, 0x08, 0xe5, 0x10, 0xe5, 0x10, 0xc5, 0x08, 0xc5, 0x08, 0xc5, 0x08, 0xc5, 0x08,
    0xc5, 0x08, 0xc5, 0x08, 0xc5, 0x08, 0xc5, 0x08, 0xc5, 0x08, 0xc5, 0x08, 0xc5, 0x08, 0xc5, 0x08, 0xc5, 0x08, 0xc5, 0x08, 0xc5, 0x08, 0xc5, 0x08,
    0xc5, 0x08, 0xc5, 0x08, 0xc5, 0x08, 0xc5, 0x08, 0xc5, 0x08, 0xc5, 0x08, 0xc5, 0x08, 0xc5, 0x08, 0xc5, 0x08, 0xc5, 0x08, 0xc5, 0x08, 0xc5, 0x08,
    0xc5, 0x08, 0xc5, 0x08, 0xc5, 0x10, 0xc5, 0x10, 0xc5, 0x08, 0xc5, 0x08, 0xc5, 0x08, 0xc5, 0x08, 0xc5, 0x08, 0xc5, 0x08, 0xc5, 0x08, 0xc5, 0x08,
    0xc5, 0x08, 0xc5, 0x08, 0xc5, 0x10, 0xc5, 0x10, 0xc5, 0x08, 0xc5, 0x08, 0xc5, 0x10, 0xc5, 0x10, 0xc5, 0x08, 0xc5, 0x08, 0xc5, 0x08, 0xc5, 0x08,
    0xc5, 0x10, 0xc5, 0x10, 0xc5, 0x08, 0xc5, 0x08, 0xc5, 0x08, 0xc5, 0x08, 0xc5, 0x08, 0xc5, 0x08, 0xc5, 0x08, 0xc5, 0x08, 0xc5, 0x08, 0xc5, 0x08,
    0xc5, 0x08, 0xc5, 0x08, 0xc5, 0x08, 0xc5, 0x08, 0xc5, 0x08, 0xc5, 0x08, 0xc5, 0x08, 0xc5, 0x08, 0xc5, 0x08, 0xc5, 0x08, 0xc5, 0x08, 0xc5, 0x08,
    0xc5, 0x08, 0xc5, 0x08, 0xc5, 0x08, 0xc5, 0x08, 0xc5, 0x08, 0xc5, 0x08, 0xc5, 0x10, 0xc5, 0x10, 0xc5, 0x10, 0xc5, 0x10, 0xc5, 0x08, 0xc5, 0x08,
    0xc5, 0x08, 0xc5, 0x08, 0xc5, 0x08, 0xc5, 0x08, 0xc5, 0x08, 0xc5, 0x08, 0xc5, 0x08, 0xc5, 0x08, 0xe5, 0x10, 0xe5, 0x10, 0xc5, 0x10, 0xc5, 0x10,
    0xe5, 0x10, 0xe5, 0x10, 0xc5, 0x10, 0xc5, 0x10, 0xc5, 0x10, 0xc5, 0x10, 0xc5, 0x10, 0xc5, 0x10, 0xc5, 0x08, 0xc5, 0x08, 0xc5, 0x08, 0xc5, 0x08,
    0xc5, 0x08, 0xc5, 0x08, 0xc5, 0x08, 0xc5, 0x08, 0xe5, 0x10, 0xe5, 0x10, 0xc5, 0x10, 0xc5, 0x10, 0xe5, 0x10, 0xe5, 0x10, 0xe5, 0x10, 0xe5, 0x10,
    0xa9, 0x29, 0xa9, 0x29, 0xdf, 0xff, 0xdf, 0xff, 0xff, 0xff, 0xff, 0xff, 0x9e, 0xf7, 0x9e, 0xf7, 0xdf, 0xff, 0xdf, 0xff, 0x9b, 0xce, 0x9b, 0xce,
    0x3a, 0xc6, 0x3a, 0xc6, 0xd8, 0xb5, 0xd8, 0xb5, 0x7a, 0xc6, 0x7a, 0xc6, 0x5d, 0xe7, 0x5d, 0xe7, 0xdf, 0xff, 0xdf, 0xff, 0xdf, 0xff, 0xdf, 0xff,
    0xbe, 0xf7, 0xbe, 0xf7, 0x35, 0xa5, 0x35, 0xa5, 0x0e, 0x5b, 0x0e, 0x5b, 0x2e, 0x5b, 0x2e, 0x5b, 0xe6, 0x10, 0xe6, 0x10, 0xc5, 0x08, 0xc5, 0x08,
    0xc5, 0x10, 0xc5, 0x10, 0xe5, 0x10, 0xe5, 0x10, 0xc5, 0x08, 0xc5, 0x08, 0xc5, 0x08, 0xc5, 0x08, 0xc5, 0x08, 0xc5, 0x08, 0xe5, 0x10, 0xe5, 0x10,
    0xc5, 0x08, 0xc5, 0x08, 0xe5, 0x10, 0xe5, 0x10, 0xe5, 0x10, 0xe5, 0x10, 0xe5, 0x08, 0xe5, 0x08, 0xc5, 0x10, 0xc5, 0x10, 0xe5, 0x10, 0xe5, 0x10,
    0xc5, 0x08, 0xc5, 0x08, 0xe5, 0x10, 0xe5, 0x10, 0xc5, 0x10, 0xc5, 0x10, 0xc5, 0x10, 0xc5, 0x10, 0xe5, 0x08, 0xe5, 0x08, 0xe5, 0x10, 0xe5, 0x10,
    0xc5, 0x10, 0xc5, 0x10, 0xe5, 0x08, 0xe5, 0x08, 0xc5, 0x10, 0xc5, 0x10, 0xc5, 0x10, 0xc5, 0x10, 0xc5, 0x08, 0xc5, 0x08, 0xc5, 0x08, 0xc5, 0x08,
    0xc5, 0x08, 0xc5, 0x08, 0xe5, 0x10, 0xe5, 0x10, 0xc5, 0x10, 0xc5, 0x10, 0xc5, 0x08, 0xc5, 0x08, 0xe5, 0x10, 0xe5, 0x10, 0xc5, 0x08, 0xc5, 0x08,
    0xc5, 0x08, 0xc5, 0x08, 0xc5, 0x10, 0xc5, 0x10, 0xc5, 0x08, 0xc5, 0x08, 0xc5, 0x10, 0xc5, 0x10, 0xc5, 0x08, 0xc5, 0x08, 0xc5, 0x10, 0xc5, 0x10,
    0xc5, 0x08, 0xc5, 0x08, 0xc5, 0x08, 0xc5, 0x08, 0xc5, 0x08, 0xc5, 0x08, 0xc5, 0x08, 0xc5, 0x08, 0xc5, 0x08, 0xc5, 0x08, 0xc5, 0x08, 0xc5, 0x08,
    0xc5, 0x08, 0xc5, 0x08, 0xc5, 0x10, 0xc5, 0x10, 0xe5, 0x10, 0xe5, 0x10, 0xc5, 0x08, 0xc5, 0x08, 0xe5, 0x08, 0xe5, 0x08, 0xc5, 0x08, 0xc5, 0x08,
    0xe5, 0x10, 0xe5, 0x10, 0xc5, 0x08, 0xc5, 0x08, 0xc5, 0x08, 0xc5, 0x08, 0xc5, 0x08, 0xc5, 0x08, 0xc5, 0x08, 0xc5, 0x08, 0xe5, 0x10, 0xe5, 0x10,
    0xc5, 0x08, 0xc5, 0x08, 0xe5, 0x10, 0xe5, 0x10, 0xc5, 0x08, 0xc5, 0x08, 0xc5, 0x08, 0xc5, 0x08, 0xc5, 0x08, 0xc5, 0x08, 0xe5, 0x08, 0xe5, 0x08,
    0xc5, 0x08, 0xc5, 0x08, 0xc5, 0x10, 0xc5, 0x10, 0xc5, 0x10, 0xc5, 0x10, 0xc5, 0x08, 0xc5, 0x08, 0xc5, 0x10, 0xc5, 0x10, 0xe5, 0x10, 0xe5, 0x10,
    0xc5, 0x10, 0xc5, 0x10, 0xc5, 0x10, 0xc5, 0x10, 0xff, 0xff, 0xff, 0xff, 0x73, 0x84, 0x73, 0x84, 0xc4, 0x08, 0xc4, 0x08, 0xe5, 0x10, 0xe5, 0x10,
    0xe5, 0x10, 0xe5, 0x10, 0x06, 0x11, 0x06, 0x11, 0xc4, 0x08, 0xc4, 0x08, 0x06, 0x11, 0x06, 0x11, 0xb8, 0xad, 0xb8, 0xad, 0xb8, 0xb5, 0xb8, 0xb5,
    0x98, 0xad, 0x98, 0xad, 0x98, 0xad, 0x98, 0xad, 0xb8, 0xad, 0xb8, 0xad, 0xd4, 0x94, 0xd4, 0x94, 0xf5, 0x94, 0xf5, 0x94, 0x15, 0x9d, 0x15, 0x9d,
    0x16, 0x9d, 0x16, 0x9d, 0xf5, 0x94, 0xf5, 0x94, 0x15, 0x9d, 0x15, 0x9d, 0x15, 0x9d, 0x15, 0x9d, 0xf5, 0x94, 0xf5, 0x94, 0xff, 0xff, 0xff, 0xff,
    0xb8, 0xad, 0xb8, 0xad, 0x6a, 0x4a, 0x6a, 0x4a, 0x77, 0xa5, 0x77, 0xa5, 0xb8, 0xad, 0xb8, 0xad, 0xb8, 0xad, 0xb8, 0xad, 0xb8, 0xad, 0xb8, 0xad,
    0x98, 0xad, 0x98, 0xad, 0xb8, 0xad, 0xb8, 0xad, 0x97, 0xad, 0x97, 0xad, 0x77, 0xa5, 0x77, 0xa5, 0xe6, 0x10, 0xe6, 0x10, 0x06, 0x11, 0x06, 0x11,
    0xc5, 0x08, 0xc5, 0x08, 0xc4, 0x08, 0xc4, 0x08, 0xbc, 0xd6, 0xbc, 0xd6, 0xe5, 0x10, 0xe5, 0x10, 0xc5, 0x08, 0xc5, 0x08, 0x06, 0x11, 0x06, 0x11,
    0x06, 0x11, 0x06, 0x11, 0xb0, 0x6b, 0xb0, 0x6b, 0xdf, 0xff, 0xdf, 0xff, 0x7e, 0xef, 0x7e, 0xef, 0xe6, 0x10, 0xe6, 0x10, 0xc5, 0x10, 0xc5, 0x10,
    0xe5, 0x10, 0xe5, 0x10, 0xc5, 0x08, 0xc5, 0x08, 0xc5, 0x10, 0xc5, 0x10, 0xc5, 0x10, 0xc5, 0x10, 0xc5, 0x10, 0xc5, 0x10, 0xe5, 0x10, 0xe5, 0x10,
    0xc5, 0x08, 0xc5, 0x08, 0xe5, 0x10, 0xe5, 0x10, 0xe5, 0x10, 0xe5, 0x10, 0xe5, 0x10, 0xe5, 0x10, 0xc5, 0x10, 0xc5, 0x10, 0xe5, 0x10, 0xe5, 0x10,
    0xe5, 0x10, 0xe5, 0x10, 0xe5, 0x10, 0xe5, 0x10, 0xe5, 0x10, 0xe5, 0x10, 0xe5, 0x10, 0xe5, 0x10, 0xc5, 0x08, 0xc5, 0x08, 0xe5, 0x10, 0xe5, 0x10,
    0xc5, 0x08, 0xc5, 0x08, 0xe5, 0x10, 0xe5, 0x10, 0xc5, 0x10, 0xc5, 0x10, 0xc5, 0x08, 0xc5, 0x08, 0xe5, 0x10, 0xe5, 0x10, 0xc5, 0x08, 0xc5, 0x08,
    0xc5, 0x08, 0xc5, 0x08, 0xc5, 0x10, 0xc5, 0x10, 0xc5, 0x08, 0xc5, 0x08, 0xc5, 0x10, 0xc5, 0x10, 0xc5, 0x08, 0xc5, 0x08, 0xc5, 0x10, 0xc5, 0x10,
    0xc5, 0x08, 0xc5, 0x08, 0xc5, 0x08, 0xc5, 0x08, 0xc5, 0x08, 0xc5, 0x08, 0xc5, 0x08, 0xc5, 0x08, 0xc5, 0x08, 0xc5, 0x08, 0xc5, 0x08, 0xc5, 0x08,
    0xc5, 0x08, 0xc5, 0x08, 0xc5, 0x10, 0xc5, 0x10, 0xe5, 0x10, 0xe5, 0x10, 0xc5, 0x08, 0xc5, 0x08, 0xe5, 0x08, 0xe5, 0x08, 0xc5, 0x08, 0xc5, 0x08,
    0xe5, 0x10, 0xe5, 0x10, 0xc5, 0x08, 0xc5, 0x08, 0xc5, 0x08, 0xc5, 0x08, 0xc5, 0x08, 0xc5, 0x08, 0xc5, 0x08, 0xc5, 0x08, 0xe5, 0x10, 0xe5, 0x10,
    0xc5, 0x08, 0xc5, 0x08, 0xe5, 0x10, 0xe5, 0x10, 0xc5, 0x08, 0xc5, 0x08, 0xc5, 0x08, 0xc5, 0x08, 0xc5, 0x08, 0xc5, 0x08, 0xe5, 0x08, 0xe5, 0x08,
    0xc5, 0x08, 0xc5, 0x08, 0xc5, 0x10, 0xc5, 0x10, 0xc5, 0x10, 0xc5, 0x10, 0xc5, 0x08, 0xc5, 0x08, 0xc5, 0x10, 0xc5, 0x10, 0xe5, 0x10, 0xe5, 0x10,
    0xc5, 0x10, 0xc5, 0x10, 0xc5, 0x10, 0xc5, 0x10, 0xff, 0xff, 0xff, 0xff, 0x73, 0x84, 0x73, 0x84, 0xc4, 0x08, 0xc4, 0x08, 0xe5, 0x10, 0xe5, 0x10,
    0xe5, 0x10, 0xe5, 0x10, 0x06, 0x11, 0x06, 0x11, 0xc4, 0x08, 0xc4, 0x08, 0x06, 0x11, 0x06, 0x11, 0xb8, 0xad, 0xb8, 0xad, 0xb8, 0xb5, 0xb8, 0xb5,
    0x98, 0xad, 0x98, 0xad, 0x98, 0xad, 0x98, 0xad, 0xb8, 0xad, 0xb8, 0xad, 0xd4, 0x94, 0xd4, 0x94, 0xf5, 0x94, 0xf5, 0x94, 0x15, 0x9d, 0x15, 0x9d,
    0x16, 0x9d, 0x16, 0x9d, 0xf5, 0x94, 0xf5, 0x94, 0x15, 0x9d, 0x15, 0x9d, 0x15, 0x9d, 0x15, 0x9d, 0xf5, 0x94, 0xf5, 0x94, 0xff, 0xff, 0xff, 0xff,
    0xb8, 0xad, 0xb8, 0xad, 0x6a, 0x4a, 0x6a, 0x4a, 0x77, 0xa5, 0x77, 0xa5, 0xb8, 0xad, 0xb8, 0xad, 0xb8, 0xad, 0xb8, 0xad, 0xb8, 0xad, 0xb8, 0xad,
    0x98, 0xad, 0x98, 0xad, 0xb8, 0xad, 0xb8, 0xad, 0x97, 0xad, 0x97, 0xad, 0x77, 0xa5, 0x77, 0xa5, 0xe6, 0x10, 0xe6, 0x10, 0x06, 0x11, 0x06, 0x11,
    0xc5, 0x08, 0xc5, 0x08, 0xc4, 0x08, 0xc4, 0x08, 0xbc, 0xd6, 0xbc, 0xd6, 0xe5, 0x10, 0xe5, 0x10, 0xc5, 0x08, 0xc5, 0x08, 0x06, 0x11, 0x06, 0x11,
    0x06, 0x11, 0x06, 0x11, 0xb0, 0x6b, 0xb0, 0x6b, 0xdf, 0xff, 0xdf, 0xff, 0x7e, 0xef, 0x7e, 0xef, 0xe6, 0x10, 0xe6, 0x10, 0xc5, 0x10, 0xc5, 0x10,
    0xe5, 0x10, 0xe5, 0x10, 0xc5, 0x08, 0xc5, 0x08, 0xc5, 0x10, 0xc5, 0x10, 0xc5, 0x10, 0xc5, 0x10, 0xc5, 0x10, 0xc5, 0x10, 0xe5, 0x10, 0xe5, 0x10,
    0xc5, 0x08, 0xc5, 0x08, 0xe5, 0x10, 0xe5, 0x10, 0xe5, 0x10, 0xe5, 0x10, 0xe5, 0x10, 0xe5, 0x10, 0xc5, 0x10, 0xc5, 0x10, 0xe5, 0x10, 0xe5, 0x10,
    0xe5, 0x10, 0xe5, 0x10, 0xe5, 0x10, 0xe5, 0x10, 0xe5, 0x10, 0xe5, 0x10, 0xe5, 0x10, 0xe5, 0x10, 0xc5, 0x08, 0xc5, 0x08, 0xe5, 0x10, 0xe5, 0x10,
    0xc5, 0x08, 0xc5, 0x08, 0xc5, 0x08, 0xc5, 0x08, 0xc5, 0x08, 0xc5, 0x08, 0xc5, 0x08, 0xc5, 0x08, 0xc5, 0x08, 0xc5, 0x08, 0xc5, 0x08, 0xc5, 0x08,
    0xc5, 0x10, 0xc5, 0x10, 0xc5, 0x10, 0xc5, 0x10, 0xc5, 0x08, 0xc5, 0x08, 0xe5, 0x10, 0xe5, 0x10, 0xc5, 0x10, 0xc5, 0x10, 0xc5, 0x08, 0xc5, 0x08,
    0xc5, 0x08, 0xc5, 0x08, 0xc5, 0x10, 0xc5, 0x10, 0xc5, 0x08, 0xc5, 0x08, 0xc5, 0x08, 0xc5, 0x08, 0xc5, 0x08, 0xc5, 0x08, 0xc5, 0x08, 0xc5, 0x08,
    0xc5, 0x08, 0xc5, 0x08, 0xc5, 0x10, 0xc5, 0x10, 0xc5, 0x08, 0xc5, 0x08, 0xc5, 0x10, 0xc5, 0x10, 0xe5, 0x10, 0xe5, 0x10, 0xe5, 0x10, 0xe5, 0x10,
    0xe5, 0x10, 0xe5, 0x10, 0xe5, 0x10, 0xe5, 0x10, 0xc5, 0x08, 0xc5, 0x08, 0xc5, 0x08, 0xc5, 0x08, 0xe5, 0x10, 0xe5, 0x10, 0xc5, 0x08, 0xc5, 0x08,
    0xc5, 0x10, 0xc5, 0x10, 0xc5, 0x10, 0xc5, 0x10, 0xc5, 0x10, 0xc5, 0x10, 0xe5, 0x10, 0xe5, 0x10, 0xc5, 0x08, 0xc5, 0x08, 0xc5, 0x08, 0xc5, 0x08,
    0xe5, 0x08, 0xe5, 0x08, 0xc5, 0x08, 0xc5, 0x08, 0xc5, 0x10, 0xc5, 0x10, 0xc5, 0x10, 0xc5, 0x10, 0xe5, 0x10, 0xe5, 0x10, 0xc5, 0x08, 0xc5, 0x08,
    0xe5, 0x10, 0xe5, 0x10, 0x6b, 0x3a, 0x6b, 0x3a, 0x6b, 0x42, 0x6b, 0x42, 0x98, 0xad, 0x98, 0xad, 0xb8, 0xad, 0xb8, 0xad, 0x15, 0x9d, 0x15, 0x9d,
    0xb4, 0x8c, 0xb4, 0x8c, 0x73, 0x84, 0x73, 0x84, 0xb4, 0x8c, 0xb4, 0x8c, 0xd5, 0x94, 0xd5, 0x94, 0xd4, 0x94, 0xd4, 0x94, 0xd5, 0x94, 0xd5, 0x94,
    0xf5, 0x94, 0xf5, 0x94, 0x73, 0x84, 0x73, 0x84, 0x53, 0x84, 0x53, 0x84, 0x52, 0x84, 0x52, 0x84, 0x73, 0x84, 0x73, 0x84, 0x73, 0x84, 0x73, 0x84,
    0x73, 0x84, 0x73, 0x84, 0x53, 0x7c, 0x53, 0x7c, 0x73, 0x84, 0x73, 0x84, 0xf5, 0x94, 0xf5, 0x94, 0xdf, 0xff, 0xdf, 0xff, 0xa8, 0x29, 0xa8, 0x29,
    0xdf, 0xff, 0xdf, 0xff, 0xf9, 0xb5, 0xf9, 0xb5, 0xd8, 0xb5, 0xd8, 0xb5, 0x19, 0xbe, 0x19, 0xbe, 0x19, 0xbe, 0x19, 0xbe, 0x19, 0xbe, 0x19, 0xbe,
    0x1a, 0xbe, 0x1a, 0xbe, 0x3a, 0xbe, 0x3a, 0xbe, 0x7a, 0xc6, 0x7a, 0xc6, 0x9b, 0xce, 0x9b, 0xce, 0x5a, 0xc6, 0x5a, 0xc6, 0x19, 0xbe, 0x19, 0xbe,
    0x19, 0xbe, 0x19, 0xbe, 0x3a, 0xc6, 0x3a, 0xc6, 0x7a, 0xc6, 0x7a, 0xc6, 0x5a, 0xc6, 0x5a, 0xc6, 0xbb, 0xd6, 0xbb, 0xd6, 0xbb, 0xd6, 0xbb, 0xd6,
    0x39, 0xc6, 0x39, 0xc6, 0xb0, 0x6b, 0xb0, 0x6b, 0xe5, 0x10, 0xe5, 0x10, 0xc4, 0x08, 0xc4, 0x08, 0x77, 0xa5, 0x77, 0xa5, 0x56, 0xa5, 0x56, 0xa5,
    0xc5, 0x10, 0xc5, 0x10, 0xe5, 0x10, 0xe5, 0x10, 0xc5, 0x08, 0xc5, 0x08, 0xc5, 0x10, 0xc5, 0x10, 0xe5, 0x10, 0xe5, 0x10, 0xc5, 0x08, 0xc5, 0x08,
    0xc5, 0x08, 0xc5, 0x08, 0xc5, 0x10, 0xc5, 0x10, 0xc5, 0x10, 0xc5, 0x10, 0xe5, 0x10, 0xe5, 0x10, 0xe5, 0x10, 0xe5, 0x10, 0xe5, 0x10, 0xe5, 0x10,
    0xc5, 0x10, 0xc5, 0x10, 0xe5, 0x10, 0xe5, 0x10, 0xc5, 0x08, 0xc5, 0x08, 0xe5, 0x10, 0xe5, 0x10, 0xe5, 0x10, 0xe5, 0x10, 0xe5, 0x10, 0xe5, 0x10,
    0xc5, 0x08, 0xc5, 0x08, 0xc5, 0x08, 0xc5, 0x08, 0xc5, 0x08, 0xc5, 0x08, 0xc5, 0x08, 0xc5, 0x08, 0xc5, 0x08, 0xc5, 0x08, 0xc5, 0x08, 0xc5, 0x08,
    0xc5, 0x10, 0xc5, 0x10, 0xc5, 0x10, 0xc5, 0x10, 0xc5, 0x08, 0xc5, 0x08, 0xe5, 0x10, 0xe5, 0x10, 0xc5, 0x10, 0xc5, 0x10, 0xc5, 0x08, 0xc5, 0x08,
    0xc5, 0x08, 0xc5, 0x08, 0xc5, 0x10, 0xc5, 0x10, 0xc5, 0x08, 0xc5, 0x08, 0xc5, 0x08, 0xc5, 0x08, 0xc5, 0x08, 0xc5, 0x08, 0xc5, 0x08, 0xc5, 0x08,
    0xc5, 0x08, 0xc5, 0x08, 0xc5, 0x10, 0xc5, 0x10, 0xc5, 0x08, 0xc5, 0x08, 0xc5, 0x10, 0xc5, 0x10, 0xe5, 0x10, 0xe5, 0x10, 0xe5, 0x10, 0xe5, 0x10,
    0xe5, 0x10, 0xe5, 0x10, 0xe5, 0x10, 0xe5, 0x10, 0xc5, 0x08, 0xc5, 0x08, 0xc5, 0x08, 0xc5, 0x08, 0xe5, 0x10, 0xe5, 0x10, 0xc5, 0x08, 0xc5, 0x08,
    0xc5, 0x10, 0xc5, 0x10, 0xc5, 0x10, 0xc5, 0x10, 0xc5, 0x10, 0xc5, 0x10, 0xe5, 0x10, 0xe5, 0x10, 0xc5, 0x08, 0xc5, 0x08, 0xc5, 0x08, 0xc5, 0x08,
    0xe5, 0x08, 0xe5, 0x08, 0xc5, 0x08, 0xc5, 0x08, 0xc5, 0x10, 0xc5, 0x10, 0xc5, 0x10, 0xc5, 0x10, 0xe5, 0x10, 0xe5, 0x10, 0xc5, 0x08, 0xc5, 0x08,
    0xe5, 0x10, 0xe5, 0x10, 0x6b, 0x3a, 0x6b, 0x3a, 0x6b, 0x42, 0x6b, 0x42, 0x98, 0xad, 0x98, 0xad, 0xb8, 0xad, 0xb8, 0xad, 0x15, 0x9d, 0x15, 0x9d,
    0xb4, 0x8c, 0xb4, 0x8c, 0x73, 0x84, 0x73, 0x84, 0xb4, 0x8c, 0xb4, 0x8c, 0xd5, 0x94, 0xd5, 0x94, 0xd4, 0x94, 0xd4, 0x94, 0xd5, 0x94, 0xd5, 0x94,
    0xf5, 0x94, 0xf5, 0x94, 0x73, 0x84, 0x73, 0x84, 0x53, 0x84, 0x53, 0x84, 0x52, 0x84, 0x52, 0x84, 0x73, 0x84, 0x73, 0x84, 0x73, 0x84, 0x73, 0x84,
    0x73, 0x84, 0x73, 0x84, 0x53, 0x7c, 0x53, 0x7c, 0x73, 0x84, 0x73, 0x84, 0xf5, 0x94, 0xf5, 0x94, 0xdf, 0xff, 0xdf, 0xff, 0xa8, 0x29, 0xa8, 0x29,
    0xdf, 0xff, 0xdf, 0xff, 0xf9, 0xb5, 0xf9, 0xb5, 0xd8, 0xb5, 0xd8, 0xb5, 0x19, 0xbe, 0x19, 0xbe, 0x19, 0xbe, 0x19, 0xbe, 0x19, 0xbe, 0x19, 0xbe,
    0x1a, 0xbe, 0x1a, 0xbe, 0x3a, 0xbe, 0x3a, 0xbe, 0x7a, 0xc6, 0x7a, 0xc6, 0x9b, 0xce, 0x9b, 0xce, 0x5a, 0xc6, 0x5a, 0xc6, 0x19, 0xbe, 0x19, 0xbe,
    0x19, 0xbe, 0x19, 0xbe, 0x3a, 0xc6, 0x3a, 0xc6, 0x7a, 0xc6, 0x7a, 0xc6, 0x5a, 0xc6, 0x5a, 0xc6, 0xbb, 0xd6, 0xbb, 0xd6, 0xbb, 0xd6, 0xbb, 0xd6,
    0x39, 0xc6, 0x39, 0xc6, 0xb0, 0x6b, 0xb0, 0x6b, 0xe5, 0x10, 0xe5, 0x10, 0xc4, 0x08, 0xc4, 0x08, 0x77, 0xa5, 0x77, 0xa5, 0x56, 0xa5, 0x56, 0xa5,
    0xc5, 0x10, 0xc5, 0x10, 0xe5, 0x10, 0xe5, 0x10, 0xc5, 0x08, 0xc5, 0x08, 0xc5, 0x10, 0xc5, 0x10, 0xe5, 0x10, 0xe5, 0x10, 0xc5, 0x08, 0xc5, 0x08,
    0xc5, 0x08, 0xc5, 0x08, 0xc5, 0x10, 0xc5, 0x10, 0xc5, 0x10, 0xc5, 0x10, 0xe5, 0x10, 0xe5, 0x10, 0xe5, 0x10, 0xe5, 0x10, 0xe5, 0x10, 0xe5, 0x10,
    0xc5, 0x10, 0xc5, 0x10, 0xe5, 0x10, 0xe5, 0x10, 0xc5, 0x08, 0xc5, 0x08, 0xe5, 0x10, 0xe5, 0x10, 0xe5, 0x10, 0xe5, 0x10, 0xe5, 0x10, 0xe5, 0x10,
    0xc5, 0x08, 0xc5, 0x08, 0xc5, 0x10, 0xc5, 0x10, 0xc5, 0x10, 0xc5, 0x10, 0xc5, 0x10, 0xc5, 0x10, 0xc5, 0x08, 0xc5, 0x08, 0xc5, 0x08, 0xc5, 0x08,
    0xc5, 0x08, 0xc5, 0x08, 0xc5, 0x08, 0xc5, 0x08, 0xc5, 0x10, 0xc5, 0x10, 0xc5, 0x08, 0xc5, 0x08, 0xe5, 0x10, 0xe5, 0x10, 0xc5, 0x10, 0xc5, 0x10,
    0xc5, 0x08, 0xc5, 0x08, 0xe5, 0x10, 0xe5, 0x10, 0xc5, 0x10, 0xc5, 0x10, 0xc5, 0x10, 0xc5, 0x10, 0xc5, 0x08, 0xc5, 0x08, 0xc5, 0x08, 0xc5, 0x08,
    0xc5, 0x08, 0xc5, 0x08, 0xe5, 0x10, 0xe5, 0x10, 0xc5, 0x08, 0xc5, 0x08, 0xc5, 0x10, 0xc5, 0x10, 0xe5, 0x10, 0xe5, 0x10, 0xc5, 0x08, 0xc5, 0x08,
    0xe5, 0x10, 0xe5, 0x10, 0xc5, 0x10, 0xc5, 0x10, 0xc5, 0x08, 0xc5, 0x08, 0xc5, 0x08, 0xc5, 0x08, 0xc5, 0x10, 0xc5, 0x10, 0xc5, 0x10, 0xc5, 0x10,
    0xc5, 0x08, 0xc5, 0x08, 0xe5, 0x10, 0xe5, 0x10, 0xc5, 0x08, 0xc5, 0x08, 0xc5, 0x08, 0xc5, 0x08, 0xe5, 0x10, 0xe5, 0x10, 0xc5, 0x08, 0xc5, 0x08,
    0xc5, 0x08, 0xc5, 0x08, 0xc5, 0x08, 0xc5, 0x08, 0xe6, 0x10, 0xe6, 0x10, 0x19, 0xbe, 0x19, 0xbe, 0xf8, 0xb5, 0xf8, 0xb5, 0x77, 0xa5, 0x77, 0xa5,
    0x97, 0xad, 0x97, 0xad, 0xf9, 0xb5, 0xf9, 0xb5, 0xb7, 0xad, 0xb7, 0xad, 0x1d, 0xdf, 0x1d, 0xdf, 0x7e, 0xef, 0x7e, 0xef, 0xbf, 0xf7, 0xbf, 0xf7,
    0xfc, 0xde, 0xfc, 0xde, 0xbb, 0xd6, 0xbb, 0xd6, 0x39, 0xc6, 0x39, 0xc6, 0x19, 0xbe, 0x19, 0xbe, 0xbb, 0xd6, 0xbb, 0xd6, 0xfc, 0xde, 0xfc, 0xde,
    0x5e, 0xe7, 0x5e, 0xe7, 0xd8, 0xb5, 0xd8, 0xb5, 0xf9, 0xbd, 0xf9, 0xbd, 0xf9, 0xb5, 0xf9, 0xb5, 0x9b, 0xce, 0x9b, 0xce, 0x5a, 0xc6, 0x5a, 0xc6,
    0x9b, 0xce, 0x9b, 0xce, 0x9b, 0xce, 0x9b, 0xce, 0xbb, 0xce, 0xbb, 0xce, 0xbb, 0xd6, 0xbb, 0xd6, 0x5a, 0xc6, 0x5a, 0xc6, 0x98, 0xad, 0x98, 0xad,
    0xb0, 0x6b, 0xb0, 0x6b, 0x67, 0x21, 0x67, 0x21, 0x9b, 0xce, 0x9b, 0xce, 0xdf, 0xff, 0xdf, 0xff, 0xff, 0xff, 0xff, 0xff, 0x96, 0xad, 0x96, 0xad,
    0x10, 0x7c, 0x10, 0x7c, 0x2d, 0x63, 0x2d, 0x63, 0xec, 0x5a, 0xec, 0x5a, 0x8b, 0x52, 0x8b, 0x52, 0xf4, 0x9c, 0xf4, 0x9c, 0x9e, 0xf7, 0x9e, 0xf7,
    0xdf, 0xff, 0xdf, 0xff, 0xbe, 0xff, 0xbe, 0xff, 0xdf, 0xff, 0xdf, 0xff, 0xf9, 0xb5, 0xf9, 0xb5, 0x25, 0x19, 0x25, 0x19, 0x67, 0x21, 0x67, 0x21,
    0xa8, 0x29, 0xa8, 0x29, 0xf5, 0x94, 0xf5, 0x94, 0x77, 0xa5, 0x77, 0xa5, 0x97, 0xad, 0x97, 0xad, 0x97, 0xad, 0x97, 0xad, 0x5a, 0xc6, 0x5a, 0xc6,
    0x7b, 0xce, 0x7b, 0xce, 0x11, 0x7c, 0x11, 0x7c, 0x94, 0x8c, 0x94, 0x8c, 0xe5, 0x10, 0xe5, 0x10, 0xc5, 0x10, 0xc5, 0x10, 0xc5, 0x08, 0xc5, 0x08,
    0xc5, 0x08, 0xc5, 0x08, 0xc5, 0x08, 0xc5, 0x08, 0xc5, 0x10, 0xc5, 0x10, 0xc5, 0x10, 0xc5, 0x10, 0xe5, 0x10, 0xe5, 0x10, 0xe5, 0x10, 0xe5, 0x10,
    0xe5, 0x10, 0xe5, 0x10, 0xe5, 0x10, 0xe5, 0x10, 0xc5, 0x10, 0xc5, 0x10, 0xc5, 0x08, 0xc5, 0x08, 0xc5, 0x10, 0xc5, 0x10, 0xe5, 0x10, 0xe5, 0x10,
    0xc5, 0x08, 0xc5, 0x08, 0xc5, 0x10, 0xc5, 0x10, 0xc5, 0x10, 0xc5, 0x10, 0xc5, 0x10, 0xc5, 0x10, 0xc5, 0x08, 0xc5, 0x08, 0xc5, 0x08, 0xc5, 0x08,
    0xc5, 0x08, 0xc5, 0x08, 0xc5, 0x08, 0xc5, 0x08, 0xc5, 0x10, 0xc5, 0x10, 0xc5, 0x08, 0xc5, 0x08, 0xe5, 0x10, 0xe5, 0x10, 0xc5, 0x10, 0xc5, 0x10,
    0xc5, 0x08, 0xc5, 0x08, 0xe5, 0x10, 0xe5, 0x10, 0xc5, 0x10, 0xc5, 0x10, 0xc5, 0x10, 0xc5, 0x10, 0xc5, 0x08, 0xc5, 0x08, 0xc5, 0x08, 0xc5, 0x08,
    0xc5, 0x08, 0xc5, 0x08, 0xe5, 0x10, 0xe5, 0x10, 0xc5, 0x08, 0xc5, 0x08, 0xc5, 0x10, 0xc5, 0x10, 0xe5, 0x10, 0xe5, 0x10, 0xc5, 0x08, 0xc5, 0x08,
    0xe5, 0x10, 0xe5, 0x10, 0xc5, 0x10, 0xc5, 0x10, 0xc5, 0x08, 0xc5, 0x08, 0xc5, 0x08, 0xc5, 0x08, 0xc5, 0x10, 0xc5, 0x10, 0xc5, 0x10, 0xc5, 0x10,
    0xc5, 0x08, 0xc5, 0x08, 0xe5, 0x10, 0xe5, 0x10, 0xc5, 0x08, 0xc5, 0x08, 0xc5, 0x08, 0xc5, 0x08, 0xe5, 0x10, 0xe5, 0x10, 0xc5, 0x08, 0xc5, 0x08,
    0xc5, 0x08, 0xc5, 0x08, 0xc5, 0x08, 0xc5, 0x08, 0xe6, 0x10, 0xe6, 0x10, 0x19, 0xbe, 0x19, 0xbe, 0xf8, 0xb5, 0xf8, 0xb5, 0x77, 0xa5, 0x77, 0xa5,
    0x97, 0xad, 0x97, 0xad, 0xf9, 0xb5, 0xf9, 0xb5, 0xb7, 0xad, 0xb7, 0xad, 0x1d, 0xdf, 0x1d, 0xdf, 0x7e, 0xef, 0x7e, 0xef, 0xbf, 0xf7, 0xbf, 0xf7,
    0xfc, 0xde, 0xfc, 0xde, 0xbb, 0xd6, 0xbb, 0xd6, 0x39, 0xc6, 0x39, 0xc6, 0x19, 0xbe, 0x19, 0xbe, 0xbb, 0xd6, 0xbb, 0xd6, 0xfc, 0xde, 0xfc, 0xde,
    0x5e, 0xe7, 0x5e, 0xe7, 0xd8, 0xb5, 0xd8, 0xb5, 0xf9, 0xbd, 0xf9, 0xbd, 0xf9, 0xb5, 0xf9, 0xb5, 0x9b, 0xce, 0x9b, 0xce, 0x5a, 0xc6, 0x5a, 0xc6,
    0x9b, 0xce, 0x9b, 0xce, 0x9b, 0xce, 0x9b, 0xce, 0xbb, 0xce, 0xbb, 0xce, 0xbb, 0xd6, 0xbb, 0xd6, 0x5a, 0xc6, 0x5a, 0xc6, 0x98, 0xad, 0x98, 0xad,
    0xb0, 0x6b, 0xb0, 0x6b, 0x67, 0x21, 0x67, 0x21, 0x9b, 0xce, 0x9b, 0xce, 0xdf, 0xff, 0xdf, 0xff, 0xff, 0xff, 0xff, 0xff, 0x96, 0xad, 0x96, 0xad,
    0x10, 0x7c, 0x10, 0x7c, 0x2d, 0x63, 0x2d, 0x63, 0xec, 0x5a, 0xec, 0x5a, 0x8b, 0x52, 0x8b, 0x52, 0xf4, 0x9c, 0xf4, 0x9c, 0x9e, 0xf7, 0x9e, 0xf7,
    0xdf, 0xff, 0xdf, 0xff, 0xbe, 0xff, 0xbe, 0xff, 0xdf, 0xff, 0xdf, 0xff, 0xf9, 0xb5, 0xf9, 0xb5, 0x25, 0x19, 0x25, 0x19, 0x67, 0x21, 0x67, 0x21,
    0xa8, 0x29, 0xa8, 0x29, 0xf5, 0x94, 0xf5, 0x94, 0x77, 0xa5, 0x77, 0xa5, 0x97, 0xad, 0x97, 0xad, 0x97, 0xad, 0x97, 0xad, 0x5a, 0xc6, 0x5a, 0xc6,
    0x7b, 0xce, 0x7b, 0xce, 0x11, 0x7c, 0x11, 0x7c, 0x94, 0x8c, 0x94, 0x8c, 0xe5, 0x10, 0xe5, 0x10, 0xc5, 0x10, 0xc5, 0x10, 0xc5, 0x08, 0xc5, 0x08,
    0xc5, 0x08, 0xc5, 0x08, 0xc5, 0x08, 0xc5, 0x08, 0xc5, 0x10, 0xc5, 0x10, 0xc5, 0x10, 0xc5, 0x10, 0xe5, 0x10, 0xe5, 0x10, 0xe5, 0x10, 0xe5, 0x10,
    0xe5, 0x10, 0xe5, 0x10, 0xe5, 0x10, 0xe5, 0x10, 0xc5, 0x10, 0xc5, 0x10, 0xc5, 0x08, 0xc5, 0x08, 0xc5, 0x10, 0xc5, 0x10, 0xe5, 0x10, 0xe5, 0x10,
    0xc5, 0x08, 0xc5, 0x08, 0xc5, 0x08, 0xc5, 0x08, 0xc5, 0x10, 0xc5, 0x10, 0xc5, 0x08, 0xc5, 0x08, 0xc5, 0x08, 0xc5, 0x08, 0xc5, 0x10, 0xc5, 0x10,
    0xc5, 0x08, 0xc5, 0x08, 0xe5, 0x10, 0xe5, 0x10, 0xc5, 0x08, 0xc5, 0x08, 0xc5, 0x10, 0xc5, 0x10, 0xc5, 0x10, 0xc5, 0x10, 0xc5, 0x08, 0xc5, 0x08,
    0xc5, 0x10, 0xc5, 0x10, 0xc5, 0x08, 0xc5, 0x08, 0xe5, 0x10, 0xe5, 0x10, 0xc5, 0x10, 0xc5, 0x10, 0xe5, 0x10, 0xe5, 0x10, 0xc5, 0x08, 0xc5, 0x08,
    0xc5, 0x08, 0xc5, 0x08, 0xc5, 0x08, 0xc5, 0x08, 0xc5, 0x10, 0xc5, 0x10, 0xc5, 0x08, 0xc5, 0x08, 0xc5, 0x10, 0xc5, 0x10, 0xc5, 0x10, 0xc5, 0x10,
    0xe5, 0x10, 0xe5, 0x10, 0xc5, 0x08, 0xc5, 0x08, 0xe5, 0x08, 0xe5, 0x08, 0xc5, 0x08, 0xc5, 0x08, 0xc5, 0x08, 0xc5, 0x08, 0xe5, 0x08, 0xe5, 0x08,
    0xc5, 0x10, 0xc5, 0x10, 0xe5, 0x10, 0xe5, 0x10, 0xe5, 0x10, 0xe5, 0x10, 0xc5, 0x10, 0xc5, 0x10, 0xc5, 0x10, 0xc5, 0x10, 0xc5, 0x08, 0xc5, 0x08,
    0x06, 0x11, 0x06, 0x11, 0x4a, 0x42, 0x4a, 0x42, 0x01, 0x00, 0x01, 0x00, 0xcd, 0x42, 0xcd, 0x42, 0xcd, 0x42, 0xcd, 0x42, 0x6c, 0x3a, 0x6c, 0x3a,
    0x8c, 0x3a, 0x8c, 0x3a, 0x6c, 0x3a, 0x6c, 0x3a, 0x4b, 0x32, 0x4b, 0x32, 0xea, 0x29, 0xea, 0x29, 0x47, 0x19, 0x47, 0x19, 0x47, 0x19, 0x47, 0x19,
    0x06, 0x19, 0x06, 0x19, 0x26, 0x19, 0x26, 0x19, 0x26, 0x19, 0x26, 0x19, 0x68, 0x19, 0x68, 0x19, 0x88, 0x21, 0x88, 0x21, 0x88, 0x21, 0x88, 0x21,
    0x88, 0x21, 0x88, 0x21, 0x88, 0x21, 0x88, 0x21, 0xa9, 0x21, 0xa9, 0x21, 0xa9, 0x21, 0xa9, 0x21, 0xc9, 0x21, 0xc9, 0x21, 0xa8, 0x21, 0xa8, 0x21,
    0xa9, 0x21, 0xa9, 0x21, 0x26, 0x19, 0x26, 0x19, 0x9e, 0xef, 0x9e, 0xef, 0xf9, 0xb5, 0xf9, 0xb5, 0xc5, 0x10, 0xc5, 0x10, 0xdf, 0xf7, 0xdf, 0xf7,
    0xa3, 0x08, 0xa3, 0x08, 0xa9, 0x21, 0xa9, 0x21, 0xa9, 0x21, 0xa9, 0x21, 0xc9, 0x21, 0xc9, 0x21, 0xc9, 0x21, 0xc9, 0x21, 0x83, 0x08, 0x83, 0x08,
    0x05, 0x19, 0x05, 0x19, 0xa9, 0x21, 0xa9, 0x21, 0xa9, 0x21, 0xa9, 0x21, 0xa9, 0x21, 0xa9, 0x21, 0xa9, 0x21, 0xa9, 0x21, 0xa9, 0x21, 0xa9, 0x21,
    0xa9, 0x21, 0xa9, 0x21, 0xa9, 0x21, 0xa9, 0x21, 0xc9, 0x21, 0xc9, 0x21, 0xc9, 0x21, 0xc9, 0x21, 0xa8, 0x29, 0xa8, 0x29, 0x83, 0x08, 0x83, 0x08,
    0x47, 0x19, 0x47, 0x19, 0x26, 0x19, 0x26, 0x19, 0xa3, 0x10, 0xa3, 0x10, 0xe4, 0x10, 0xe4, 0x10, 0xba, 0xd6, 0xba, 0xd6, 0x9e, 0xf7, 0x9e, 0xf7,
    0xe5, 0x10, 0xe5, 0x10, 0x97, 0xad, 0x97, 0xad, 0x77, 0xa5, 0x77, 0xa5, 0x97, 0xad, 0x97, 0xad, 0x27, 0x11, 0x27, 0x11, 0xe5, 0x10, 0xe5, 0x10,
    0xe5, 0x08, 0xe5, 0x08, 0xc5, 0x10, 0xc5, 0x10, 0xe5, 0x10, 0xe5, 0x10, 0xe5, 0x10, 0xe5, 0x10, 0xe5, 0x10, 0xe5, 0x10, 0xe5, 0x10, 0xe5, 0x10,
    0xe5, 0x10, 0xe5, 0x10, 0xe5, 0x10, 0xe5, 0x10, 0xe5, 0x10, 0xe5, 0x10, 0xc5, 0x10, 0xc5, 0x10, 0xc5, 0x10, 0xc5, 0x10, 0xc5, 0x10, 0xc5, 0x10,
    0xc5, 0x08, 0xc5, 0x08, 0xc5, 0x08, 0xc5, 0x08, 0xc5, 0x10, 0xc5, 0x10, 0xc5, 0x08, 0xc5, 0x08, 0xc5, 0x08, 0xc5, 0x08, 0xc5, 0x10, 0xc5, 0x10,
    0xc5, 0x08, 0xc5, 0x08, 0xe5, 0x10, 0xe5, 0x10, 0xc5, 0x08, 0xc5, 0x08, 0xc5, 0x10, 0xc5, 0x10, 0xc5, 0x10, 0xc5, 0x10, 0xc5, 0x08, 0xc5, 0x08,
    0xc5, 0x10, 0xc5, 0x10, 0xc5, 0x08, 0xc5, 0x08, 0xe5, 0x10, 0xe5, 0x10, 0xc5, 0x10, 0xc5, 0x10, 0xe5, 0x10, 0xe5, 0x10, 0xc5, 0x08, 0xc5, 0x08,
    0xc5, 0x08, 0xc5, 0x08, 0xc5, 0x08, 0xc5, 0x08, 0xc5, 0x10, 0xc5, 0x10, 0xc5, 0x08, 0xc5, 0x08, 0xc5, 0x10, 0xc5, 0x10, 0xc5, 0x10, 0xc5, 0x10,
    0xe5, 0x10, 0xe5, 0x10, 0xc5, 0x08, 0xc5, 0x08, 0xe5, 0x08, 0xe5, 0x08, 0xc5, 0x08, 0xc5, 0x08, 0xc5, 0x08, 0xc5, 0x08, 0xe5, 0x08, 0xe5, 0x08,
    0xc5, 0x10, 0xc5, 0x10, 0xe5, 0x10, 0xe5, 0x10, 0xe5, 0x10, 0xe5, 0x10, 0xc5, 0x10, 0xc5, 0x10, 0xc5, 0x10, 0xc5, 0x10, 0xc5, 0x08, 0xc5, 0x08,
    0x06, 0x11, 0x06, 0x11, 0x4a, 0x42, 0x4a, 0x42, 0x01, 0x00, 0x01, 0x00, 0xcd, 0x42, 0xcd, 0x42, 0xcd, 0x42, 0xcd, 0x42, 0x6c, 0x3a, 0x6c, 0x3a,
    0x8c, 0x3a, 0x8c, 0x3a, 0x6c, 0x3a, 0x6c, 0x3a, 0x4b, 0x32, 0x4b, 0x32, 0xea, 0x29, 0xea, 0x29, 0x47, 0x19, 0x47, 0x19, 0x47, 0x19, 0x47, 0x19,
    0x06, 0x19, 0x06, 0x19, 0x26, 0x19, 0x26, 0x19, 0x26, 0x19, 0x26, 0x19, 0x68, 0x19, 0x68, 0x19, 0x88, 0x21, 0x88, 0x21, 0x88, 0x21, 0x88, 0x21,
    0x88, 0x21, 0x88, 0x21, 0x88, 0x21, 0x88, 0x21, 0xa9, 0x21, 0xa9, 0x21, 0xa9, 0x21, 0xa9, 0x21, 0xc9, 0x21, 0xc9, 0x21, 0xa8, 0x21, 0xa8, 0x21,
    0xa9, 0x21, 0xa9, 0x21, 0x26, 0x19, 0x26, 0x19, 0x9e, 0xef, 0x9e, 0xef, 0xf9, 0xb5, 0xf9, 0xb5, 0xc5, 0x10, 0xc5, 0x10, 0xdf, 0xf7, 0xdf, 0xf7,
    0xa3, 0x08, 0xa3, 0x08, 0xa9, 0x21, 0xa9, 0x21, 0xa9, 0x21, 0xa9, 0x21, 0xc9, 0x21, 0xc9, 0x21, 0xc9, 0x21, 0xc9, 0x21, 0x83, 0x08, 0x83, 0x08,
    0x05, 0x19, 0x05, 0x19, 0xa9, 0x21, 0xa9, 0x21, 0xa9, 0x21, 0xa9, 0x21, 0xa9, 0x21, 0xa9, 0x21, 0xa9, 0x21, 0xa9, 0x21, 0xa9, 0x21, 0xa9, 0x21,
    0xa9, 0x21, 0xa9, 0x21, 0xa9, 0x21, 0xa9, 0x21, 0xc9, 0x21, 0xc9, 0x21, 0xc9, 0x21, 0xc9, 0x21, 0xa8, 0x29, 0xa8, 0x29, 0x83, 0x08, 0x83, 0x08,
    0x47, 0x19, 0x47, 0x19, 0x26, 0x19, 0x26, 0x19, 0xa3, 0x10, 0xa3, 0x10, 0xe4, 0x10, 0xe4, 0x10, 0xba, 0xd6, 0xba, 0xd6, 0x9e, 0xf7, 0x9e, 0xf7,
    0xe5, 0x10, 0xe5, 0x10, 0x97, 0xad, 0x97, 0xad, 0x77, 0xa5, 0x77, 0xa5, 0x97, 0xad, 0x97, 0xad, 0x27, 0x11, 0x27, 0x11, 0xe5, 0x10, 0xe5, 0x10,
    0xe5, 0x08, 0xe5, 0x08, 0xc5, 0x10, 0xc5, 0x10, 0xe5, 0x10, 0xe5, 0x10, 0xe5, 0x10, 0xe5, 0x10, 0xe5, 0x10, 0xe5, 0x10, 0xe5, 0x10, 0xe5, 0x10,
    0xe5, 0x10, 0xe5, 0x10, 0xe5, 0x10, 0xe5, 0x10, 0xe5, 0x10, 0xe5, 0x10, 0xc5, 0x10, 0xc5, 0x10, 0xc5, 0x10, 0xc5, 0x10, 0xc5, 0x10, 0xc5, 0x10,
    0xc5, 0x08, 0xc5, 0x08, 0xc5, 0x08, 0xc5, 0x08, 0xc5, 0x08, 0xc5, 0x08, 0xc5, 0x08, 0xc5, 0x08, 0xc5, 0x10, 0xc5, 0x10, 0xe5, 0x10, 0xe5, 0x10,
    0xc5, 0x10, 0xc5, 0x10, 0xe5, 0x08, 0xe5, 0x08, 0xc5, 0x08, 0xc5, 0x08, 0xc5, 0x08, 0xc5, 0x08, 0xc5, 0x10, 0xc5, 0x10, 0xc5, 0x08, 0xc5, 0x08,
    0xc5, 0x08, 0xc5, 0x08, 0xc5, 0x08, 0xc5, 0x08, 0xc5, 0x10, 0xc5, 0x10, 0xc5, 0x08, 0xc5, 0x08, 0xc5, 0x08, 0xc5, 0x08, 0xc5, 0x08, 0xc5, 0x08,
    0xc5, 0x08, 0xc5, 0x08, 0xc5, 0x08, 0xc5, 0x08, 0xc5, 0x10, 0xc5, 0x10, 0xe5, 0x08, 0xe5, 0x08, 0xc5, 0x08, 0xc5, 0x08, 0xc5, 0x08, 0xc5, 0x08,
    0xc5, 0x08, 0xc5, 0x08, 0xc5, 0x08, 0xc5, 0x08, 0xc5, 0x08, 0xc5, 0x08, 0xc5, 0x08, 0xc5, 0x08, 0xc5, 0x08, 0xc5, 0x08, 0xc5, 0x08, 0xc5, 0x08,
    0xc5, 0x08, 0xc5, 0x08, 0xc5, 0x08, 0xc5, 0x08, 0xc5, 0x08, 0xc5, 0x08, 0xc5, 0x08, 0xc5, 0x08, 0xc5, 0x10, 0xc5, 0x10, 0x8f, 0x6b, 0x8f, 0x6b,
    0x62, 0x00, 0x62, 0x00, 0x94, 0x7c, 0x94, 0x7c, 0xb4, 0x84, 0xb4, 0x84, 0xad, 0x42, 0xad, 0x42, 0x6c, 0x3a, 0x6c, 0x3a, 0x88, 0x21, 0x88, 0x21,
    0x67, 0x21, 0x67, 0x21, 0x88, 0x21, 0x88, 0x21, 0x67, 0x19, 0x67, 0x19, 0x47, 0x19, 0x47, 0x19, 0x26, 0x19, 0x26, 0x19, 0xc4, 0x10, 0xc4, 0x10,
    0x47, 0x19, 0x47, 0x19, 0x26, 0x19, 0x26, 0x19, 0x0a, 0x2a, 0x0a, 0x2a, 0x2b, 0x2a, 0x2b, 0x2a, 0x2b, 0x2a, 0x2b, 0x2a, 0x2b, 0x2a, 0x2b, 0x2a,
    0x2b, 0x2a, 0x2b, 0x2a, 0x2b, 0x2a, 0x2b, 0x2a, 0x0b, 0x2a, 0x0b, 0x2a, 0x26, 0x19, 0x26, 0x19, 0x26, 0x19, 0x26, 0x19, 0x46, 0x19, 0x46, 0x19,
    0x26, 0x19, 0x26, 0x19, 0xff, 0xff, 0xff, 0xff, 0x39, 0xbe, 0x39, 0xbe, 0xa2, 0x10, 0xa2, 0x10, 0xe4, 0x10, 0xe4, 0x10, 0xea, 0x29, 0xea, 0x29,
    0xc9, 0x21, 0xc9, 0x21, 0xc9, 0x21, 0xc9, 0x21, 0xc9, 0x21, 0xc9, 0x21, 0xc9, 0x21, 0xc9, 0x21, 0x4b, 0x32, 0x4b, 0x32, 0xe9, 0x21, 0xe9, 0x21,
    0x46, 0x21, 0x46, 0x21, 0x67, 0x21, 0x67, 0x21, 0x4c, 0x32, 0x4c, 0x32, 0x6c, 0x32, 0x6c, 0x32, 0x6c, 0x32, 0x6c, 0x32, 0x6c, 0x32, 0x6c, 0x32,
    0x6c, 0x32, 0x6c, 0x32, 0x6c, 0x32, 0x6c, 0x32, 0x6c, 0x32, 0x6c, 0x32, 0xa9, 0x21, 0xa9, 0x21, 0x88, 0x21, 0x88, 0x21, 0x87, 0x29, 0x87, 0x29,
    0x47, 0x19, 0x47, 0x19, 0x8d, 0x3a, 0x8d, 0x3a, 0xc9, 0x29, 0xc9, 0x29, 0xc9, 0x29, 0xc9, 0x29, 0xc9, 0x21, 0xc9, 0x21, 0xc9, 0x29, 0xc9, 0x29,
    0xc9, 0x29, 0xc9, 0x29, 0x06, 0x19, 0x06, 0x19, 0x52, 0x84, 0x52, 0x84, 0x77, 0xa5, 0x77, 0xa5, 0xe5, 0x10, 0xe5, 0x10, 0xc5, 0x10, 0xc5, 0x10,
    0xc5, 0x08, 0xc5, 0x08, 0xc5, 0x08, 0xc5, 0x08, 0xc5, 0x10, 0xc5, 0x10, 0xe5, 0x10, 0xe5, 0x10, 0xe5, 0x10, 0xe5, 0x10, 0xc5, 0x10, 0xc5, 0x10,
    0xe5, 0x10, 0xe5, 0x10, 0xc5, 0x10, 0xc5, 0x10, 0xe5, 0x08, 0xe5, 0x08, 0xc5, 0x08, 0xc5, 0x08, 0xc5, 0x10, 0xc5, 0x10, 0xc5, 0x08, 0xc5, 0x08,
    0xc5, 0x08, 0xc5, 0x08, 0xc5, 0x08, 0xc5, 0x08, 0xc5, 0x08, 0xc5, 0x08, 0xc5, 0x08, 0xc5, 0x08, 0xc5, 0x10, 0xc5, 0x10, 0xe5, 0x10, 0xe5, 0x10,
    0xc5, 0x10, 0xc5, 0x10, 0xe5, 0x08, 0xe5, 0x08, 0xc5, 0x08, 0xc5, 0x08, 0xc5, 0x08, 0xc5, 0x08, 0xc5, 0x10, 0xc5, 0x10, 0xc5, 0x08, 0xc5, 0x08,
    0xc5, 0x08, 0xc5, 0x08, 0xc5, 0x08, 0xc5, 0x08, 0xc5, 0x10, 0xc5, 0x10, 0xc5, 0x08, 0xc5, 0x08, 0xc5, 0x08, 0xc5, 0x08, 0xc5, 0x08, 0xc5, 0x08,
    0xc5, 0x08, 0xc5, 0x08, 0xc5, 0x08, 0xc5, 0x08, 0xc5, 0x10, 0xc5, 0x10, 0xe5, 0x08, 0xe5, 0x08, 0xc5, 0x08, 0xc5, 0x08, 0xc5, 0x08, 0xc5, 0x08,
    0xc5, 0x08, 0xc5, 0x08, 0xc5, 0x08, 0xc5, 0x08, 0xc5, 0x08, 0xc5, 0x08, 0xc5, 0x08, 0xc5, 0x08, 0xc5, 0x08, 0xc5, 0x08, 0xc5, 0x08, 0xc5, 0x08,
    0xc5, 0x08, 0xc5, 0x08, 0xc5, 0x08, 0xc5, 0x08, 0xc5, 0x08, 0xc5, 0x08, 0xc5, 0x08, 0xc5, 0x08, 0xc5, 0x10, 0xc5, 0x10, 0x8f, 0x6b, 0x8f, 0x6b,
    0x62, 0x00, 0x62, 0x00, 0x94, 0x7c, 0x94, 0x7c, 0xb4, 0x84, 0xb4, 0x84, 0xad, 0x42, 0xad, 0x42, 0x6c, 0x3a, 0x6c, 0x3a, 0x88, 0x21, 0x88, 0x21,
    0x67, 0x21, 0x67, 0x21, 0x88, 0x21, 0x88, 0x21, 0x67, 0x19, 0x67, 0x19, 0x47, 0x19, 0x47, 0x19, 0x26, 0x19, 0x26, 0x19, 0xc4, 0x10, 0xc4, 0x10,
    0x47, 0x19, 0x47, 0x19, 0x26, 0x19, 0x26, 0x19, 0x0a, 0x2a, 0x0a, 0x2a, 0x2b, 0x2a, 0x2b, 0x2a, 0x2b, 0x2a, 0x2b, 0x2a, 0x2b, 0x2a, 0x2b, 0x2a,
    0x2b, 0x2a, 0x2b, 0x2a, 0x2b, 0x2a, 0x2b, 0x2a, 0x0b, 0x2a, 0x0b, 0x2a, 0x26, 0x19, 0x26, 0x19, 0x26, 0x19, 0x26, 0x19, 0x46, 0x19, 0x46, 0x19,
    0x26, 0x19, 0x26, 0x19, 0xff, 0xff, 0xff, 0xff, 0x39, 0xbe, 0x39, 0xbe, 0xa2, 0x10, 0xa2, 0x10, 0xe4, 0x10, 0xe4, 0x10, 0xea, 0x29, 0xea, 0x29,
    0xc9, 0x21, 0xc9, 0x21, 0xc9, 0x21, 0xc9, 0x21, 0xc9, 0x21, 0xc9, 0x21, 0xc9, 0x21, 0xc9, 0x21, 0x4b, 0x32, 0x4b, 0x32, 0xe9, 0x21, 0xe9, 0x21,
    0x46, 0x21, 0x46, 0x21, 0x67, 0x21, 0x67, 0x21, 0x4c, 0x32, 0x4c, 0x32, 0x6c, 0x32, 0x6c, 0x32, 0x6c, 0x32, 0x6c, 0x32, 0x6c, 0x32, 0x6c, 0x32,
    0x6c, 0x32, 0x6c, 0x32, 0x6c, 0x32, 0x6c, 0x32, 0x6c, 0x32, 0x6c, 0x32, 0xa9, 0x21, 0xa9, 0x21, 0x88, 0x21, 0x88, 0x21, 0x87, 0x29, 0x87, 0x29,
    0x47, 0x19, 0x47, 0x19, 0x8d, 0x3a, 0x8d, 0x3a, 0xc9, 0x29, 0xc9, 0x29, 0xc9, 0x29, 0xc9, 0x29, 0xc9, 0x21, 0xc9, 0x21, 0xc9, 0x29, 0xc9, 0x29,
    0xc9, 0x29, 0xc9, 0x29, 0x06, 0x19, 0x06, 0x19, 0x52, 0x84, 0x52, 0x84, 0x77, 0xa5, 0x77, 0xa5, 0xe5, 0x10, 0xe5, 0x10, 0xc5, 0x10, 0xc5, 0x10,
    0xc5, 0x08, 0xc5, 0x08, 0xc5, 0x08, 0xc5, 0x08, 0xc5, 0x10, 0xc5, 0x10, 0xe5, 0x10, 0xe5, 0x10, 0xe5, 0x10, 0xe5, 0x10, 0xc5, 0x10, 0xc5, 0x10,
    0xe5, 0x10, 0xe5, 0x10, 0xc5, 0x10, 0xc5, 0x10, 0xe5, 0x08, 0xe5, 0x08, 0xc5, 0x08, 0xc5, 0x08, 0xc5, 0x10, 0xc5, 0x10, 0xc5, 0x08, 0xc5, 0x08,
    0xc5, 0x10, 0xc5, 0x10, 0xc5, 0x08, 0xc5, 0x08, 0xc5, 0x08, 0xc5, 0x08, 0xc5, 0x10, 0xc5, 0x10, 0xc5, 0x08, 0xc5, 0x08, 0xc5, 0x08, 0xc5, 0x08,
    0xc5, 0x08, 0xc5, 0x08, 0xc5, 0x08, 0xc5, 0x08, 0xc5, 0x08, 0xc5, 0x08, 0xc5, 0x08, 0xc5, 0x08, 0xc5, 0x08, 0xc5, 0x08, 0xe5, 0x08, 0xe5, 0x08,
    0xc5, 0x08, 0xc5, 0x08, 0xc5, 0x10, 0xc5, 0x10, 0xc5, 0x08, 0xc5, 0x08, 0xc5, 0x08, 0xc5, 0x08, 0xc5, 0x08, 0xc5, 0x08, 0xc5, 0x08, 0xc5, 0x08,
    0xc5, 0x08, 0xc5, 0x08, 0xc5, 0x08, 0xc5, 0x08, 0xc5, 0x10, 0xc5, 0x10, 0xc5, 0x08, 0xc5, 0x08, 0xc5, 0x08, 0xc5, 0x08, 0xc5, 0x08, 0xc5, 0x08,
    0xe5, 0x08, 0xe5, 0x08, 0xc5, 0x08, 0xc5, 0x08, 0xc5, 0x08, 0xc5, 0x08, 0xc5, 0x08, 0xc5, 0x08, 0xc5, 0x08, 0xc5, 0x08, 0xc5, 0x08, 0xc5, 0x08,
    0xe5, 0x10, 0xe5, 0x10, 0xc5, 0x08, 0xc5, 0x08, 0xc5, 0x08, 0xc5, 0x08, 0x76, 0xad, 0x76, 0xad, 0x62, 0x08, 0x62, 0x08, 0xd5, 0x8c, 0xd5, 0x8c,
    0x94, 0x84, 0x94, 0x84, 0x90, 0x5b, 0x90, 0x5b, 0x2f, 0x53, 0x2f, 0x53, 0x6c, 0x3a, 0x6c, 0x3a, 0x88, 0x21, 0x88, 0x21, 0x4c, 0x32, 0x4c, 0x32,
    0x4c, 0x32, 0x4c, 0x32, 0x4c, 0x32, 0x4c, 0x32, 0x47, 0x19, 0x47, 0x19, 0x46, 0x19, 0x46, 0x19, 0x88, 0x21, 0x88, 0x21, 0x26, 0x19, 0x26, 0x19,
    0x47, 0x19, 0x47, 0x19, 0x68, 0x21, 0x68, 0x21, 0xc9, 0x21, 0xc9, 0x21, 0x2b, 0x2a, 0x2b, 0x2a, 0x2b, 0x2a, 0x2b, 0x2a, 0x2b, 0x2a, 0x2b, 0x2a,
    0x2b, 0x2a, 0x2b, 0x2a, 0x2b, 0x2a, 0x2b, 0x2a, 0x26, 0x19, 0x26, 0x19, 0x26, 0x19, 0x26, 0x19, 0x2b, 0x2a, 0x2b, 0x2a, 0x2b, 0x2a, 0x2b, 0x2a,
    0x83, 0x08, 0x83, 0x08, 0x9b, 0xce, 0x9b, 0xce, 0xd4, 0x94, 0xd4, 0x94, 0x62, 0x08, 0x62, 0x08, 0x6c, 0x32, 0x6c, 0x32, 0x8c, 0x32, 0x8c, 0x32,
    0x2b, 0x2a, 0x2b, 0x2a, 0x0a, 0x2a, 0x0a, 0x2a, 0x0a, 0x2a, 0x0a, 0x2a, 0x2b, 0x2a, 0x2b, 0x2a, 0xc9, 0x21, 0xc9, 0x21, 0x0b, 0x2a, 0x0b, 0x2a,
    0x46, 0x21, 0x46, 0x21, 0x67, 0x21, 0x67, 0x21, 0x8d, 0x32, 0x8d, 0x32, 0x8c, 0x32, 0x8c, 0x32, 0x8c, 0x32, 0x8c, 0x32, 0x8c, 0x32, 0x8c, 0x32,
    0x6c, 0x32, 0x6c, 0x32, 0x6d, 0x32, 0x6d, 0x32, 0x8c, 0x32, 0x8c, 0x32, 0x8d, 0x32, 0x8d, 0x32, 0xa8, 0x21, 0xa8, 0x21, 0x21, 0x00, 0x21, 0x00,
    0xa8, 0x29, 0xa8, 0x29, 0xad, 0x3a, 0xad, 0x3a, 0x8d, 0x3a, 0x8d, 0x3a, 0x6c, 0x32, 0x6c, 0x32, 0x6c, 0x32, 0x6c, 0x32, 0x6c, 0x32, 0x6c, 0x32,
    0xe9, 0x29, 0xe9, 0x29, 0x4c, 0x32, 0x4c, 0x32, 0x82, 0x08, 0x82, 0x08, 0x5a, 0xc6, 0x5a, 0xc6, 0x97, 0xad, 0x97, 0xad, 0xc5, 0x08, 0xc5, 0x08,
    0xc5, 0x08, 0xc5, 0x08, 0xc5, 0x08, 0xc5, 0x08, 0xc5, 0x10, 0xc5, 0x10, 0xe5, 0x10, 0xe5, 0x10, 0xe5, 0x10, 0xe5, 0x10, 0xe5, 0x10, 0xe5, 0x10,
    0xc5, 0x08, 0xc5, 0x08, 0xe5, 0x10, 0xe5, 0x10, 0xc5, 0x10, 0xc5, 0x10, 0xc5, 0x08, 0xc5, 0x08, 0xe5, 0x10, 0xe5, 0x10, 0xc5, 0x08, 0xc5, 0x08,
    0xc5, 0x10, 0xc5, 0x10, 0xc5, 0x08, 0xc5, 0x08, 0xc5, 0x08, 0xc5, 0x08, 0xc5, 0x10, 0xc5, 0x10, 0xc5, 0x08, 0xc5, 0x08, 0xc5, 0x08, 0xc5, 0x08,
    0xc5, 0x08, 0xc5, 0x08, 0xc5, 0x08, 0xc5, 0x08, 0xc5, 0x08, 0xc5, 0x08, 0xc5, 0x08, 0xc5, 0x08, 0xc5, 0x08, 0xc5, 0x08, 0xe5, 0x08, 0xe5, 0x08,
    0xc5, 0x08, 0xc5, 0x08, 0xc5, 0x10, 0xc5, 0x10, 0xc5, 0x08, 0xc5, 0x08, 0xc5, 0x08, 0xc5, 0x08, 0xc5, 0x08, 0xc5, 0x08, 0xc5, 0x08, 0xc5, 0x08,
    0xc5, 0x08, 0xc5, 0x08, 0xc5, 0x08, 0xc5, 0x08, 0xc5, 0x10, 0xc5, 0x10, 0xc5, 0x08, 0xc5, 0x08, 0xc5, 0x08, 0xc5, 0x08, 0xc5, 0x08, 0xc5, 0x08,
    0xe5, 0x08, 0xe5, 0x08, 0xc5, 0x08, 0xc5, 0x08, 0xc5, 0x08, 0xc5, 0x08, 0xc5, 0x08, 0xc5, 0x08, 0xc5, 0x08, 0xc5, 0x08, 0xc5, 0x08, 0xc5, 0x08,
    0xe5, 0x10, 0xe5, 0x10, 0xc5, 0x08, 0xc5, 0x08, 0xc5, 0x08, 0xc5, 0x08, 0x76, 0xad, 0x76, 0xad, 0x62, 0x08, 0x62, 0x08, 0xd5, 0x8c, 0xd5, 0x8c,
    0x94, 0x84, 0x94, 0x84, 0x90, 0x5b, 0x90, 0x5b, 0x2f, 0x53, 0x2f, 0x53, 0x6c, 0x3a, 0x6c, 0x3a, 0x88, 0x21, 0x88, 0x21, 0x4c, 0x32, 0x4c, 0x32,
    0x4c, 0x32, 0x4c, 0x32, 0x4c, 0x32, 0x4c, 0x32, 0x47, 0x19, 0x47, 0x19, 0x46, 0x19, 0x46, 0x19, 0x88, 0x21, 0x88, 0x21, 0x26, 0x19, 0x26, 0x19,
    0x47, 0x19, 0x47, 0x19, 0x68, 0x21, 0x68, 0x21, 0xc9, 0x21, 0xc9, 0x21, 0x2b, 0x2a, 0x2b, 0x2a, 0x2b, 0x2a, 0x2b, 0x2a, 0x2b, 0x2a, 0x2b, 0x2a,
    0x2b, 0x2a, 0x2b, 0x2a, 0x2b, 0x2a, 0x2b, 0x2a, 0x26, 0x19, 0x26, 0x19, 0x26, 0x19, 0x26, 0x19, 0x2b, 0x2a, 0x2b, 0x2a, 0x2b, 0x2a, 0x2b, 0x2a,
    0x83, 0x08, 0x83, 0x08, 0x9b, 0xce, 0x9b, 0xce, 0xd4, 0x94, 0xd4, 0x94, 0x62, 0x08, 0x62, 0x08, 0x6c, 0x32, 0x6c, 0x32, 0x8c, 0x32, 0x8c, 0x32,
    0x2b, 0x2a, 0x2b, 0x2a, 0x0a, 0x2a, 0x0a, 0x2a, 0x0a, 0x2a, 0x0a, 0x2a, 0x2b, 0x2a, 0x2b, 0x2a, 0xc9, 0x21, 0xc9, 0x21, 0x0b, 0x2a, 0x0b, 0x2a,
    0x46, 0x21, 0x46, 0x21, 0x67, 0x21, 0x67, 0x21, 0x8d, 0x32, 0x8d, 0x32, 0x8c, 0x32, 0x8c, 0x32, 0x8c, 0x32, 0x8c, 0x32, 0x8c, 0x32, 0x8c, 0x32,
    0x6c, 0x32, 0x6c, 0x32, 0x6d, 0x32, 0x6d, 0x32, 0x8c, 0x32, 0x8c, 0x32, 0x8d, 0x32, 0x8d, 0x32, 0xa8, 0x21, 0xa8, 0x21, 0x21, 0x00, 0x21, 0x00,
    0xa8, 0x29, 0xa8, 0x29, 0xad, 0x3a, 0xad, 0x3a, 0x8d, 0x3a, 0x8d, 0x3a, 0x6c, 0x32, 0x6c, 0x32, 0x6c, 0x32, 0x6c, 0x32, 0x6c, 0x32, 0x6c, 0x32,
    0xe9, 0x29, 0xe9, 0x29, 0x4c, 0x32, 0x4c, 0x32, 0x82, 0x08, 0x82, 0x08, 0x5a, 0xc6, 0x5a, 0xc6, 0x97, 0xad, 0x97, 0xad, 0xc5, 0x08, 0xc5, 0x08,
    0xc5, 0x08, 0xc5, 0x08, 0xc5, 0x08, 0xc5, 0x08, 0xc5, 0x10, 0xc5, 0x10, 0xe5, 0x10, 0xe5, 0x10, 0xe5, 0x10, 0xe5, 0x10, 0xe5, 0x10, 0xe5, 0x10,
    0xc5, 0x08, 0xc5, 0x08, 0xe5, 0x10, 0xe5, 0x10, 0xc5, 0x10, 0xc5, 0x10, 0xc5, 0x08, 0xc5, 0x08, 0xe5, 0x10, 0xe5, 0x10, 0xc5, 0x08, 0xc5, 0x08,
    0xc5, 0x08, 0xc5, 0x08, 0xc5, 0x08, 0xc5, 0x08, 0xc5, 0x08, 0xc5, 0x08, 0xc5, 0x10, 0xc5, 0x10, 0xe5, 0x08, 0xe5, 0x08, 0xc5, 0x08, 0xc5, 0x08,
    0xc5, 0x08, 0xc5, 0x08, 0xc5, 0x08, 0xc5, 0x08, 0xc5, 0x10, 0xc5, 0x10, 0xc5, 0x10, 0xc5, 0x10, 0xc5, 0x08, 0xc5, 0x08, 0xc5, 0x08, 0xc5, 0x08,
    0xc5, 0x08, 0xc5, 0x08, 0xc5, 0x08, 0xc5, 0x08, 0xc5, 0x08, 0xc5, 0x08, 0xc5, 0x08, 0xc5, 0x08, 0xc5, 0x08, 0xc5, 0x08, 0xc5, 0x08, 0xc5, 0x08,
    0xc5, 0x08, 0xc5, 0x08, 0xc5, 0x08, 0xc5, 0x08, 0xc5, 0x10, 0xc5, 0x10, 0xc5, 0x10, 0xc5, 0x10, 0xc5, 0x08, 0xc5, 0x08, 0xc5, 0x10, 0xc5, 0x10,
    0xc5, 0x10, 0xc5, 0x10, 0xe5, 0x10, 0xe5, 0x10, 0xc5, 0x08, 0xc5, 0x08, 0xc5, 0x08, 0xc5, 0x08, 0xc5, 0x08, 0xc5, 0x08, 0xc5, 0x10, 0xc5, 0x10,
    0xc5, 0x10, 0xc5, 0x10, 0xe5, 0x10, 0xe5, 0x10, 0x87, 0x29, 0x87, 0x29, 0x62, 0x00, 0x62, 0x00, 0xb5, 0x8c, 0xb5, 0x8c, 0xf1, 0x6b, 0xf1, 0x6b,
    0x0e, 0x4b, 0x0e, 0x4b, 0x2f, 0x4b, 0x2f, 0x4b, 0xc9, 0x29, 0xc9, 0x29, 0x6c, 0x32, 0x6c, 0x32, 0x6c, 0x32, 0x6c, 0x32, 0x4c, 0x32, 0x4c, 0x32,
    0x4c, 0x32, 0x4c, 0x32, 0x47, 0x19, 0x47, 0x19, 0xa8, 0x21, 0xa8, 0x21, 0x67, 0x19, 0x67, 0x19, 0x26, 0x19, 0x26, 0x19, 0x26, 0x19, 0x26, 0x19,
    0x4c, 0x32, 0x4c, 0x32, 0x4b, 0x32, 0x4b, 0x32, 0x2b, 0x2a, 0x2b, 0x2a, 0x0b, 0x2a, 0x0b, 0x2a, 0x2b, 0x2a, 0x2b, 0x2a, 0x2b, 0x2a, 0x2b, 0x2a,
    0x2b, 0x2a, 0x2b, 0x2a, 0x2b, 0x2a, 0x2b, 0x2a, 0x26, 0x19, 0x26, 0x19, 0x26, 0x19, 0x26, 0x19, 0x4c, 0x32, 0x4c, 0x32, 0x4c, 0x32, 0x4c, 0x32,
    0x9e, 0xf7, 0x9e, 0xf7, 0xd8, 0xb5, 0xd8, 0xb5, 0x9e, 0xf7, 0x9e, 0xf7, 0x8d, 0x32, 0x8d, 0x32, 0x6c, 0x32, 0x6c, 0x32, 0x8c, 0x32, 0x8c, 0x32,
    0x4b, 0x32, 0x4b, 0x32, 0x0a, 0x2a, 0x0a, 0x2a, 0x0b, 0x2a, 0x0b, 0x2a, 0x2b, 0x2a, 0x2b, 0x2a, 0x4b, 0x32, 0x4b, 0x32, 0x4f, 0x53, 0x4f, 0x53,
    0x41, 0x00, 0x41, 0x00, 0x25, 0x19, 0x25, 0x19, 0x66, 0x21, 0x66, 0x21, 0x8c, 0x32, 0x8c, 0x32, 0x8c, 0x32, 0x8c, 0x32, 0x6c, 0x32, 0x6c, 0x32,
    0x6c, 0x32, 0x6c, 0x32, 0x8c, 0x32, 0x8c, 0x32, 0x8c, 0x32, 0x8c, 0x32, 0x8d, 0x32, 0x8d, 0x32, 0xea, 0x29, 0xea, 0x29, 0xa9, 0x21, 0xa9, 0x21,
    0xa8, 0x29, 0xa8, 0x29, 0x26, 0x19, 0x26, 0x19, 0x8d, 0x3a, 0x8d, 0x3a, 0x8c, 0x32, 0x8c, 0x32, 0x6c, 0x32, 0x6c, 0x32, 0x8d, 0x32, 0x8d, 0x32,
    0x8d, 0x3a, 0x8d, 0x3a, 0xea, 0x29, 0xea, 0x29, 0x4b, 0x32, 0x4b, 0x32, 0x00, 0x00, 0x00, 0x00, 0x97, 0xad, 0x97, 0xad, 0x36, 0x9d, 0x36, 0x9d,
    0xc5, 0x10, 0xc5, 0x10, 0xc5, 0x08, 0xc5, 0x08, 0xc5, 0x08, 0xc5, 0x08, 0xc5, 0x10, 0xc5, 0x10, 0xc5, 0x10, 0xc5, 0x10, 0xe5, 0x10, 0xe5, 0x10,
    0xe5, 0x10, 0xe5, 0x10, 0xc5, 0x08, 0xc5, 0x08, 0xc5, 0x10, 0xc5, 0x10, 0xe5, 0x10, 0xe5, 0x10, 0xc5, 0x10, 0xc5, 0x10, 0xc5, 0x10, 0xc5, 0x10,
    0xc5, 0x08, 0xc5, 0x08, 0xc5, 0x08, 0xc5, 0x08, 0xc5, 0x08, 0xc5, 0x08, 0xc5, 0x10, 0xc5, 0x10, 0xe5, 0x08, 0xe5, 0x08, 0xc5, 0x08, 0xc5, 0x08,
    0xc5, 0x08, 0xc5, 0x08, 0xc5, 0x08, 0xc5, 0x08, 0xc5, 0x10, 0xc5, 0x10, 0xc5, 0x10, 0xc5, 0x10, 0xc5, 0x08, 0xc5, 0x08, 0xc5, 0x08, 0xc5, 0x08,
    0xc5, 0x08, 0xc5, 0x08, 0xc5, 0x08, 0xc5, 0x08, 0xc5, 0x08, 0xc5, 0x08, 0xc5, 0x08, 0xc5, 0x08, 0xc5, 0x08, 0xc5, 0x08, 0xc5, 0x08, 0xc5, 0x08,
    0xc5, 0x08, 0xc5, 0x08, 0xc5, 0x08, 0xc5, 0x08, 0xc5, 0x10, 0xc5, 0x10, 0xc5, 0x10, 0xc5, 0x10, 0xc5, 0x08, 0xc5, 0x08, 0xc5, 0x10, 0xc5, 0x10,
    0xc5, 0x10, 0xc5, 0x10, 0xe5, 0x10, 0xe5, 0x10, 0xc5, 0x08, 0xc5, 0x08, 0xc5, 0x08, 0xc5, 0x08, 0xc5, 0x08, 0xc5, 0x08, 0xc5, 0x10, 0xc5, 0x10,
    0xc5, 0x10, 0xc5, 0x10, 0xe5, 0x10, 0xe5, 0x10, 0x87, 0x29, 0x87, 0x29, 0x62, 0x00, 0x62, 0x00, 0xb5, 0x8c, 0xb5, 0x8c, 0xf1, 0x6b, 0xf1, 0x6b,
    0x0e, 0x4b, 0x0e, 0x4b, 0x2f, 0x4b, 0x2f, 0x4b, 0xc9, 0x29, 0xc9, 0x29, 0x6c, 0x32, 0x6c, 0x32, 0x6c, 0x32, 0x6c, 0x32, 0x4c, 0x32, 0x4c, 0x32,
    0x4c, 0x32, 0x4c, 0x32, 0x47, 0x19, 0x47, 0x19, 0xa8, 0x21, 0xa8, 0x21, 0x67, 0x19, 0x67, 0x19, 0x26, 0x19, 0x26, 0x19, 0x26, 0x19, 0x26, 0x19,
    0x4c, 0x32, 0x4c, 0x32, 0x4b, 0x32, 0x4b, 0x32, 0x2b, 0x2a, 0x2b, 0x2a, 0x0b, 0x2a, 0x0b, 0x2a, 0x2b, 0x2a, 0x2b, 0x2a, 0x2b, 0x2a, 0x2b, 0x2a,
    0x2b, 0x2a, 0x2b, 0x2a, 0x2b, 0x2a, 0x2b, 0x2a, 0x26, 0x19, 0x26, 0x19, 0x26, 0x19, 0x26, 0x19, 0x4c, 0x32, 0x4c, 0x32, 0x4c, 0x32, 0x4c, 0x32,
    0x9e, 0xf7, 0x9e, 0xf7, 0xd8, 0xb5, 0xd8, 0xb5, 0x9e, 0xf7, 0x9e, 0xf7, 0x8d, 0x32, 0x8d, 0x32, 0x6c, 0x32, 0x6c, 0x32, 0x8c, 0x32, 0x8c, 0x32,
    0x4b, 0x32, 0x4b, 0x32, 0x0a, 0x2a, 0x0a, 0x2a, 0x0b, 0x2a, 0x0b, 0x2a, 0x2b, 0x2a, 0x2b, 0x2a, 0x4b, 0x32, 0x4b, 0x32, 0x4f, 0x53, 0x4f, 0x53,
    0x41, 0x00, 0x41, 0x00, 0x25, 0x19, 0x25, 0x19, 0x66, 0x21, 0x66, 0x21, 0x8c, 0x32, 0x8c, 0x32, 0x8c, 0x32, 0x8c, 0x32, 0x6c, 0x32, 0x6c, 0x32,
    0x6c, 0x32, 0x6c, 0x32, 0x8c, 0x32, 0x8c, 0x32, 0x8c, 0x32, 0x8c, 0x32, 0x8d, 0x32, 0x8d, 0x32, 0xea, 0x29, 0xea, 0x29, 0xa9, 0x21, 0xa9, 0x21,
    0xa8, 0x29, 0xa8, 0x29, 0x26, 0x19, 0x26, 0x19, 0x8d, 0x3a, 0x8d, 0x3a, 0x8c, 0x32, 0x8c, 0x32, 0x6c, 0x32, 0x6c, 0x32, 0x8d, 0x32, 0x8d, 0x32,
    0x8d, 0x3a, 0x8d, 0x3a, 0xea, 0x29, 0xea, 0x29, 0x4b, 0x32, 0x4b, 0x32, 0x00, 0x00, 0x00, 0x00, 0x97, 0xad, 0x97, 0xad, 0x36, 0x9d, 0x36, 0x9d,
    0xc5, 0x10, 0xc5, 0x10, 0xc5, 0x08, 0xc5, 0x08, 0xc5, 0x08, 0xc5, 0x08, 0xc5, 0x10, 0xc5, 0x10, 0xc5, 0x10, 0xc5, 0x10, 0xe5, 0x10, 0xe5, 0x10,
    0xe5, 0x10, 0xe5, 0x10, 0xc5, 0x08, 0xc5, 0x08, 0xc5, 0x10, 0xc5, 0x10, 0xe5, 0x10, 0xe5, 0x10, 0xc5, 0x10, 0xc5, 0x10, 0xc5, 0x10, 0xc5, 0x10,
    0xc5, 0x08, 0xc5, 0x08, 0xc5, 0x10, 0xc5, 0x10, 0xc5, 0x08, 0xc5, 0x08, 0xc5, 0x10, 0xc5, 0x10, 0xc5, 0x10, 0xc5, 0x10, 0xc5, 0x10, 0xc5, 0x10,
    0xc5, 0x08, 0xc5, 0x08, 0xc5, 0x10, 0xc5, 0x10, 0xe5, 0x10, 0xe5, 0x10, 0xe5, 0x10, 0xe5, 0x10, 0xe5, 0x10, 0xe5, 0x10, 0xc5, 0x08, 0xc5, 0x08,
    0xe5, 0x10, 0xe5, 0x10, 0xc5, 0x10, 0xc5, 0x10, 0xe5, 0x08, 0xe5, 0x08, 0xc5, 0x08, 0xc5, 0x08, 0xc5, 0x08, 0xc5, 0x08, 0xc5, 0x10, 0xc5, 0x10,
    0xe5, 0x10, 0xe5, 0x10, 0xc5, 0x08, 0xc5, 0x08, 0xc5, 0x08, 0xc5, 0x08, 0xc5, 0x10, 0xc5, 0x10, 0xc5, 0x08, 0xc5, 0x08, 0xc5, 0x08, 0xc5, 0x08,
    0xc5, 0x08, 0xc5, 0x08, 0xe5, 0x10, 0xe5, 0x10, 0xc5, 0x10, 0xc5, 0x10, 0xc5, 0x08, 0xc5, 0x08, 0xc5, 0x08, 0xc5, 0x08, 0xe5, 0x10, 0xe5, 0x10,
    0x87, 0x29, 0x87, 0x29, 0x21, 0x00, 0x21, 0x00, 0xb4, 0x8c, 0xb4, 0x8c, 0xb4, 0x84, 0xb4, 0x84, 0x90, 0x5b, 0x90, 0x5b, 0x0e, 0x4b, 0x0e, 0x4b,
    0xea, 0x29, 0xea, 0x29, 0x4c, 0x32, 0x4c, 0x32, 0x6c, 0x32, 0x6c, 0x32, 0x4c, 0x32, 0x4c, 0x32, 0x4c, 0x32, 0x4c, 0x32, 0x4c, 0x32, 0x4c, 0x32,
    0x4c, 0x32, 0x4c, 0x32, 0x4b, 0x32, 0x4b, 0x32, 0x4b, 0x32, 0x4b, 0x32, 0x26, 0x19, 0x26, 0x19, 0x46, 0x19, 0x46, 0x19, 0x4c, 0x32, 0x4c, 0x32,
    0x4c, 0x32, 0x4c, 0x32, 0x06, 0x19, 0x06, 0x19, 0x06, 0x11, 0x06, 0x11, 0x06, 0x11, 0x06, 0x11, 0x06, 0x11, 0x06, 0x11, 0x06, 0x11, 0x06, 0x11,
    0x2b, 0x32, 0x2b, 0x32, 0x2b, 0x2a, 0x2b, 0x2a, 0x26, 0x19, 0x26, 0x19, 0x26, 0x19, 0x26, 0x19, 0x2b, 0x2a, 0x2b, 0x2a, 0x5e, 0xef, 0x5e, 0xef,
    0x3a, 0xbe, 0x3a, 0xbe, 0x45, 0x21, 0x45, 0x21, 0x6c, 0x32, 0x6c, 0x32, 0x6c, 0x32, 0x6c, 0x32, 0x67, 0x19, 0x67, 0x19, 0x67, 0x19, 0x67, 0x19,
    0x26, 0x19, 0x26, 0x19, 0x26, 0x19, 0x26, 0x19, 0x0b, 0x2a, 0x0b, 0x2a, 0x2b, 0x2a, 0x2b, 0x2a, 0x4b, 0x32, 0x4b, 0x32, 0x2f, 0x4b, 0x2f, 0x4b,
    0x67, 0x19, 0x67, 0x19, 0x46, 0x21, 0x46, 0x21, 0x25, 0x19, 0x25, 0x19, 0x8c, 0x32, 0x8c, 0x32, 0x8c, 0x3a, 0x8c, 0x3a, 0x6c, 0x32, 0x6c, 0x32,
    0x8c, 0x32, 0x8c, 0x32, 0x8c, 0x32, 0x8c, 0x32, 0x6c, 0x32, 0x6c, 0x32, 0x6c, 0x32, 0x6c, 0x32, 0x8d, 0x3a, 0x8d, 0x3a, 0xa9, 0x21, 0xa9, 0x21,
    0x26, 0x19, 0x26, 0x19, 0x46, 0x21, 0x46, 0x21, 0x05, 0x19, 0x05, 0x19, 0x8c, 0x3a, 0x8c, 0x3a, 0x8d, 0x3a, 0x8d, 0x3a, 0x8c, 0x32, 0x8c, 0x32,
    0x6c, 0x32, 0x6c, 0x32, 0x6c, 0x32, 0x6c, 0x32, 0xea, 0x29, 0xea, 0x29, 0x2b, 0x2a, 0x2b, 0x2a, 0xdb, 0xd6, 0xdb, 0xd6, 0x98, 0xad, 0x98, 0xad,
    0xc9, 0x31, 0xc9, 0x31, 0xe5, 0x10, 0xe5, 0x10, 0xe5, 0x10, 0xe5, 0x10, 0xc5, 0x08, 0xc5, 0x08, 0xe5, 0x10, 0xe5, 0x10, 0xc5, 0x08, 0xc5, 0x08,
    0xe5, 0x10, 0xe5, 0x10, 0xc5, 0x10, 0xc5, 0x10, 0xc5, 0x10, 0xc5, 0x10, 0xe5, 0x10, 0xe5, 0x10, 0xc5, 0x10, 0xc5, 0x10, 0xc5, 0x10, 0xc5, 0x10,
    0xc5, 0x08, 0xc5, 0x08, 0xc5, 0x10, 0xc5, 0x10, 0xc5, 0x08, 0xc5, 0x08, 0xc5, 0x10, 0xc5, 0x10, 0xc5, 0x10, 0xc5, 0x10, 0xc5, 0x10, 0xc5, 0x10,
    0xc5, 0x08, 0xc5, 0x08, 0xc5, 0x10, 0xc5, 0x10, 0xe5, 0x10, 0xe5, 0x10, 0xe5, 0x10, 0xe5, 0x10, 0xe5, 0x10, 0xe5, 0x10, 0xc5, 0x08, 0xc5, 0x08,
    0xe5, 0x10, 0xe5, 0x10, 0xc5, 0x10, 0xc5, 0x10, 0xe5, 0x08, 0xe5, 0x08, 0xc5, 0x08, 0xc5, 0x08, 0xc5, 0x08, 0xc5, 0x08, 0xc5, 0x10, 0xc5, 0x10,
    0xe5, 0x10, 0xe5, 0x10, 0xc5, 0x08, 0xc5, 0x08, 0xc5, 0x08, 0xc5, 0x08, 0xc5, 0x10, 0xc5, 0x10, 0xc5, 0x08, 0xc5, 0x08, 0xc5, 0x08, 0xc5, 0x08,
    0xc5, 0x08, 0xc5, 0x08, 0xe5, 0x10, 0xe5, 0x10, 0xc5, 0x10, 0xc5, 0x10, 0xc5, 0x08, 0xc5, 0x08, 0xc5, 0x08, 0xc5, 0x08, 0xe5, 0x10, 0xe5, 0x10,
    0x87, 0x29, 0x87, 0x29, 0x21, 0x00, 0x21, 0x00, 0xb4, 0x8c, 0xb4, 0x8c, 0xb4, 0x84, 0xb4, 0x84, 0x90, 0x5b, 0x90, 0x5b, 0x0e, 0x4b, 0x0e, 0x4b,
    0xea, 0x29, 0xea, 0x29, 0x4c, 0x32, 0x4c, 0x32, 0x6c, 0x32, 0x6c, 0x32, 0x4c, 0x32, 0x4c, 0x32, 0x4c, 0x32, 0x4c, 0x32, 0x4c, 0x32, 0x4c, 0x32,
    0x4c, 0x32, 0x4c, 0x32, 0x4b, 0x32, 0x4b, 0x32, 0x4b, 0x32, 0x4b, 0x32, 0x26, 0x19, 0x26, 0x19, 0x46, 0x19, 0x46, 0x19, 0x4c, 0x32, 0x4c, 0x32,
    0x4c, 0x32, 0x4c, 0x32, 0x06, 0x19, 0x06, 0x19, 0x06, 0x11, 0x06, 0x11, 0x06, 0x11, 0x06, 0x11, 0x06, 0x11, 0x06, 0x11, 0x06, 0x11, 0x06, 0x11,
    0x2b, 0x32, 0x2b, 0x32, 0x2b, 0x2a, 0x2b, 0x2a, 0x26, 0x19, 0x26, 0x19, 0x26, 0x19, 0x26, 0x19, 0x2b, 0x2a, 0x2b, 0x2a, 0x5e, 0xef, 0x5e, 0xef,
    0x3a, 0xbe, 0x3a, 0xbe, 0x45, 0x21, 0x45, 0x21, 0x6c, 0x32, 0x6c, 0x32, 0x6c, 0x32, 0x6c, 0x32, 0x67, 0x19, 0x67, 0x19, 0x67, 0x19, 0x67, 0x19,
    0x26, 0x19, 0x26, 0x19, 0x26, 0x19, 0x26, 0x19, 0x0b, 0x2a, 0x0b, 0x2a, 0x2b, 0x2a, 0x2b, 0x2a, 0x4b, 0x32, 0x4b, 0x32, 0x2f, 0x4b, 0x2f, 0x4b,
    0x67, 0x19, 0x67, 0x19, 0x46, 0x21, 0x46, 0x21, 0x25, 0x19, 0x25, 0x19, 0x8c, 0x32, 0x8c, 0x32, 0x8c, 0x3a, 0x8c, 0x3a, 0x6c, 0x32, 0x6c, 0x32,
    0x8c, 0x32, 0x8c, 0x32, 0x8c, 0x32, 0x8c, 0x32, 0x6c, 0x32, 0x6c, 0x32, 0x6c, 0x32, 0x6c, 0x32, 0x8d, 0x3a, 0x8d, 0x3a, 0xa9, 0x21, 0xa9, 0x21,
    0x26, 0x19, 0x26, 0x19, 0x46, 0x21, 0x46, 0x21, 0x05, 0x19, 0x05, 0x19, 0x8c, 0x3a, 0x8c, 0x3a, 0x8d, 0x3a, 0x8d, 0x3a, 0x8c, 0x32, 0x8c, 0x32,
    0x6c, 0x32, 0x6c, 0x32, 0x6c, 0x32, 0x6c, 0x32, 0xea, 0x29, 0xea, 0x29, 0x2b, 0x2a, 0x2b, 0x2a, 0xdb, 0xd6, 0xdb, 0xd6, 0x98, 0xad, 0x98, 0xad,
    0xc9, 0x31, 0xc9, 0x31, 0xe5, 0x10, 0xe5, 0x10, 0xe5, 0x10, 0xe5, 0x10, 0xc5, 0x08, 0xc5, 0x08, 0xe5, 0x10, 0xe5, 0x10, 0xc5, 0x08, 0xc5, 0x08,
    0xe5, 0x10, 0xe5, 0x10, 0xc5, 0x10, 0xc5, 0x10, 0xc5, 0x10, 0xc5, 0x10, 0xe5, 0x10, 0xe5, 0x10, 0xc5, 0x10, 0xc5, 0x10, 0xc5, 0x10, 0xc5, 0x10,
    0xc5, 0x08, 0xc5, 0x08, 0xc5, 0x08, 0xc5, 0x08, 0xc5, 0x10, 0xc5, 0x10, 0xc5, 0x08, 0xc5, 0x08, 0xc5, 0x10, 0xc5, 0x10, 0xc5, 0x10, 0xc5, 0x10,
    0xe5, 0x10, 0xe5, 0x10, 0xc5, 0x10, 0xc5, 0x10, 0xc5, 0x08, 0xc5, 0x08, 0xc5, 0x10, 0xc5, 0x10, 0xc5, 0x08, 0xc5, 0x08, 0xc5, 0x08, 0xc5, 0x08,
    0xc5, 0x10, 0xc5, 0x10, 0xc5, 0x10, 0xc5, 0x10, 0xc5, 0x08, 0xc5, 0x08, 0xc5, 0x08, 0xc5, 0x08, 0xc5, 0x08, 0xc5, 0x08, 0xc5, 0x08, 0xc5, 0x08,
    0xe5, 0x08, 0xe5, 0x08, 0xc5, 0x10, 0xc5, 0x10, 0xc5, 0x08, 0xc5, 0x08, 0xc5, 0x08, 0xc5, 0x08, 0xe5, 0x10, 0xe5, 0x10, 0xc5, 0x08, 0xc5, 0x08,
    0xe5, 0x10, 0xe5, 0x10, 0xc5, 0x08, 0xc5, 0x08, 0xe5, 0x08, 0xe5, 0x08, 0xc5, 0x10, 0xc5, 0x10, 0xe5, 0x10, 0xe5, 0x10, 0x6a, 0x4a, 0x6a, 0x4a,
    0x42, 0x00, 0x42, 0x00, 0x94, 0x84, 0x94, 0x84, 0xb4, 0x84, 0xb4, 0x84, 0xb1, 0x63, 0xb1, 0x63, 0x2f, 0x4b, 0x2f, 0x4b, 0x6c, 0x32, 0x6c, 0x32,
    0x6c, 0x32, 0x6c, 0x32, 0x4c, 0x32, 0x4c, 0x32, 0x4c, 0x32, 0x4c, 0x32, 0x4c, 0x32, 0x4c, 0x32, 0x4c, 0x32, 0x4c, 0x32, 0x6c, 0x32, 0x6c, 0x32,
    0x26, 0x19, 0x26, 0x19, 0xe9, 0x29, 0xe9, 0x29, 0x47, 0x19, 0x47, 0x19, 0x26, 0x19, 0x26, 0x19, 0x26, 0x19, 0x26, 0x19, 0x4c, 0x32, 0x4c, 0x32,
    0x0a, 0x2a, 0x0a, 0x2a, 0x06, 0x19, 0x06, 0x19, 0x26, 0x19, 0x26, 0x19, 0x06, 0x11, 0x06, 0x11, 0x06, 0x11, 0x06, 0x11, 0x06, 0x11, 0x06, 0x11,
    0x0a, 0x2a, 0x0a, 0x2a, 0x26, 0x19, 0x26, 0x19, 0x26, 0x19, 0x26, 0x19, 0x67, 0x19, 0x67, 0x19, 0x62, 0x08, 0x62, 0x08, 0xff, 0xff, 0xff, 0xff,
    0xd8, 0xb5, 0xd8, 0xb5, 0xa3, 0x10, 0xa3, 0x10, 0x4b, 0x32, 0x4b, 0x32, 0x26, 0x19, 0x26, 0x19, 0x06, 0x11, 0x06, 0x11, 0x26, 0x19, 0x26, 0x19,
    0x26, 0x19, 0x26, 0x19, 0x26, 0x19, 0x26, 0x19, 0xea, 0x29, 0xea, 0x29, 0x0a, 0x2a, 0x0a, 0x2a, 0x2b, 0x2a, 0x2b, 0x2a, 0xea, 0x29, 0xea, 0x29,
    0x2b, 0x2a, 0x2b, 0x2a, 0x26, 0x19, 0x26, 0x19, 0x67, 0x21, 0x67, 0x21, 0x0b, 0x2a, 0x0b, 0x2a, 0x2b, 0x2a, 0x2b, 0x2a, 0x06, 0x11, 0x06, 0x11,
    0x26, 0x19, 0x26, 0x19, 0x26, 0x19, 0x26, 0x19, 0x06, 0x11, 0x06, 0x11, 0x06, 0x11, 0x06, 0x11, 0x2b, 0x2a, 0x2b, 0x2a, 0xa8, 0x21, 0xa8, 0x21,
    0x26, 0x19, 0x26, 0x19, 0x25, 0x19, 0x25, 0x19, 0xa3, 0x10, 0xa3, 0x10, 0x0b, 0x2a, 0x0b, 0x2a, 0x0a, 0x2a, 0x0a, 0x2a, 0x0a, 0x2a, 0x0a, 0x2a,
    0x0a, 0x2a, 0x0a, 0x2a, 0x0a, 0x2a, 0x0a, 0x2a, 0x47, 0x19, 0x47, 0x19, 0xa9, 0x21, 0xa9, 0x21, 0x63, 0x08, 0x63, 0x08, 0x7a, 0xc6, 0x7a, 0xc6,
    0x97, 0xad, 0x97, 0xad, 0xc5, 0x10, 0xc5, 0x10, 0xc5, 0x10, 0xc5, 0x10, 0xc5, 0x08, 0xc5, 0x08, 0xc5, 0x10, 0xc5, 0x10, 0xe5, 0x08, 0xe5, 0x08,
    0xe5, 0x10, 0xe5, 0x10, 0xe5, 0x10, 0xe5, 0x10, 0xc5, 0x10, 0xc5, 0x10, 0xe5, 0x08, 0xe5, 0x08, 0xe5, 0x10, 0xe5, 0x10, 0xe5, 0x10, 0xe5, 0x10,
    0xc5, 0x08, 0xc5, 0x08, 0xc5, 0x08, 0xc5, 0x08, 0xc5, 0x10, 0xc5, 0x10, 0xc5, 0x08, 0xc5, 0x08, 0xc5, 0x10, 0xc5, 0x10, 0xc5, 0x10, 0xc5, 0x10,
    0xe5, 0x10, 0xe5, 0x10, 0xc5, 0x10, 0xc5, 0x10, 0xc5, 0x08, 0xc5, 0x08, 0xc5, 0x10, 0xc5, 0x10, 0xc5, 0x08, 0xc5, 0x08, 0xc5, 0x08, 0xc5, 0x08,
    0xc5, 0x10, 0xc5, 0x10, 0xc5, 0x10, 0xc5, 0x10, 0xc5, 0x08, 0xc5, 0x08, 0xc5, 0x08, 0xc5, 0x08, 0xc5, 0x08, 0xc5, 0x08, 0xc5, 0x08, 0xc5, 0x08,
    0xe5, 0x08, 0xe5, 0x08, 0xc5, 0x10, 0xc5, 0x10, 0xc5, 0x08, 0xc5, 0x08, 0xc5, 0x08, 0xc5, 0x08, 0xe5, 0x10, 0xe5, 0x10, 0xc5, 0x08, 0xc5, 0x08,
    0xe5, 0x10, 0xe5, 0x10, 0xc5, 0x08, 0xc5, 0x08, 0xe5, 0x08, 0xe5, 0x08, 0xc5, 0x10, 0xc5, 0x10, 0xe5, 0x10, 0xe5, 0x10, 0x6a, 0x4a, 0x6a, 0x4a,
    0x42, 0x00, 0x42, 0x00, 0x94, 0x84, 0x94, 0x84, 0xb4, 0x84, 0xb4, 0x84, 0xb1, 0x63, 0xb1, 0x63, 0x2f, 0x4b, 0x2f, 0x4b, 0x6c, 0x32, 0x6c, 0x32,
    0x6c, 0x32, 0x6c, 0x32, 0x4c, 0x32, 0x4c, 0x32, 0x4c, 0x32, 0x4c, 0x32, 0x4c, 0x32, 0x4c, 0x32, 0x4c, 0x32, 0x4c, 0x32, 0x6c, 0x32, 0x6c, 0x32,
    0x26, 0x19, 0x26, 0x19, 0xe9, 0x29, 0xe9, 0x29, 0x47, 0x19, 0x47, 0x19, 0x26, 0x19, 0x26, 0x19, 0x26, 0x19, 0x26, 0x19, 0x4c, 0x32, 0x4c, 0x32,
    0x0a, 0x2a, 0x0a, 0x2a, 0x06, 0x19, 0x06, 0x19, 0x26, 0x19, 0x26, 0x19, 0x06, 0x11, 0x06, 0x11, 0x06, 0x11, 0x06, 0x11, 0x06, 0x11, 0x06, 0x11,
    0x0a, 0x2a, 0x0a, 0x2a, 0x26, 0x19, 0x26, 0x19, 0x26, 0x19, 0x26, 0x19, 0x67, 0x19, 0x67, 0x19, 0x62, 0x08, 0x62, 0x08, 0xff, 0xff, 0xff, 0xff,
    0xd8, 0xb5, 0xd8, 0xb5, 0xa3, 0x10, 0xa3, 0x10, 0x4b, 0x32, 0x4b, 0x32, 0x26, 0x19, 0x26, 0x19, 0x06, 0x11, 0x06, 0x11, 0x26, 0x19, 0x26, 0x19,
    0x26, 0x19, 0x26, 0x19, 0x26, 0x19, 0x26, 0x19, 0xea, 0x29, 0xea, 0x29, 0x0a, 0x2a, 0x0a, 0x2a, 0x2b, 0x2a, 0x2b, 0x2a, 0xea, 0x29, 0xea, 0x29,
    0x2b, 0x2a, 0x2b, 0x2a, 0x26, 0x19, 0x26, 0x19, 0x67, 0x21, 0x67, 0x21, 0x0b, 0x2a, 0x0b, 0x2a, 0x2b, 0x2a, 0x2b, 0x2a, 0x06, 0x11, 0x06, 0x11,
    0x26, 0x19, 0x26, 0x19, 0x26, 0x19, 0x26, 0x19, 0x06, 0x11, 0x06, 0x11, 0x06, 0x11, 0x06, 0x11, 0x2b, 0x2a, 0x2b, 0x2a, 0xa8, 0x21, 0xa8, 0x21,
    0x26, 0x19, 0x26, 0x19, 0x25, 0x19, 0x25, 0x19, 0xa3, 0x10, 0xa3, 0x10, 0x0b, 0x2a, 0x0b, 0x2a, 0x0a, 0x2a, 0x0a, 0x2a, 0x0a, 0x2a, 0x0a, 0x2a,
    0x0a, 0x2a, 0x0a, 0x2a, 0x0a, 0x2a, 0x0a, 0x2a, 0x47, 0x19, 0x47, 0x19, 0xa9, 0x21, 0xa9, 0x21, 0x63, 0x08, 0x63, 0x08, 0x7a, 0xc6, 0x7a, 0xc6,
    0x97, 0xad, 0x97, 0xad, 0xc5, 0x10, 0xc5, 0x10, 0xc5, 0x10, 0xc5, 0x10, 0xc5, 0x08, 0xc5, 0x08, 0xc5, 0x10, 0xc5, 0x10, 0xe5, 0x08, 0xe5, 0x08,
    0xe5, 0x10, 0xe5, 0x10, 0xe5, 0x10, 0xe5, 0x10, 0xc5, 0x10, 0xc5, 0x10, 0xe5, 0x08, 0xe5, 0x08, 0xe5, 0x10, 0xe5, 0x10, 0xe5, 0x10, 0xe5, 0x10,
    0xc5, 0x08, 0xc5, 0x08, 0xc5, 0x08, 0xc5, 0x08, 0xc5, 0x10, 0xc5, 0x10, 0xc5, 0x08, 0xc5, 0x08, 0xc5, 0x08, 0xc5, 0x08, 0xe5, 0x10, 0xe5, 0x10,
    0xc5, 0x08, 0xc5, 0x08, 0xc5, 0x08, 0xc5, 0x08, 0xc5, 0x10, 0xc5, 0x10, 0xc5, 0x10, 0xc5, 0x10, 0xc5, 0x10, 0xc5, 0x10, 0xc5, 0x08, 0xc5, 0x08,
    0xc5, 0x08, 0xc5, 0x08, 0xc5, 0x10, 0xc5, 0x10, 0xe5, 0x10, 0xe5, 0x10, 0xc5, 0x08, 0xc5, 0x08, 0xc5, 0x08, 0xc5, 0x08, 0xc5, 0x08, 0xc5, 0x08,
    0xe5, 0x10, 0xe5, 0x10, 0xe5, 0x10, 0xe5, 0x10, 0xe5, 0x08, 0xe5, 0x08, 0xc5, 0x08, 0xc5, 0x08, 0xc5, 0x08, 0xc5, 0x08, 0xc5, 0x08, 0xc5, 0x08,
    0xc5, 0x08, 0xc5, 0x08, 0x84, 0x08, 0x84, 0x08, 0xdc, 0xd6, 0xdc, 0xd6, 0x06, 0x11, 0x06, 0x11, 0x25, 0x19, 0x25, 0x19, 0x01, 0x00, 0x01, 0x00,
    0xb5, 0x8c, 0xb5, 0x8c, 0x94, 0x7c, 0x94, 0x7c, 0x4f, 0x53, 0x4f, 0x53, 0x0a, 0x2a, 0x0a, 0x2a, 0x6c, 0x32, 0x6c, 0x32, 0x6c, 0x32, 0x6c, 0x32,
    0x6c, 0x32, 0x6c, 0x32, 0x6c, 0x32, 0x6c, 0x32, 0x4c, 0x32, 0x4c, 0x32, 0x4c, 0x32, 0x4c, 0x32, 0x4c, 0x32, 0x4c, 0x32, 0x4c, 0x32, 0x4c, 0x32,
    0x6c, 0x3a, 0x6c, 0x3a, 0x4b, 0x32, 0x4b, 0x32, 0x26, 0x19, 0x26, 0x19, 0x06, 0x19, 0x06, 0x19, 0x0b, 0x2a, 0x0b, 0x2a, 0x0a, 0x2a, 0x0a, 0x2a,
    0x0b, 0x2a, 0x0b, 0x2a, 0x06, 0x19, 0x06, 0x19, 0x06, 0x19, 0x06, 0x19, 0x06, 0x11, 0x06, 0x11, 0x06, 0x11, 0x06, 0x11, 0x06, 0x19, 0x06, 0x19,
    0x0b, 0x2a, 0x0b, 0x2a, 0x26, 0x19, 0x26, 0x19, 0x26, 0x19, 0x26, 0x19, 0x4b, 0x32, 0x4b, 0x32, 0x5e, 0xef, 0x5e, 0xef, 0x19, 0xbe, 0x19, 0xbe,
    0xff, 0xff, 0xff, 0xff, 0x2b, 0x2a, 0x2b, 0x2a, 0x0b, 0x2a, 0x0b, 0x2a, 0x06, 0x11, 0x06, 0x11, 0x06, 0x11, 0x06, 0x11, 0x26, 0x19, 0x26, 0x19,
    0x06, 0x19, 0x06, 0x19, 0x26, 0x19, 0x26, 0x19, 0x26, 0x19, 0x26, 0x19, 0x0a, 0x2a, 0x0a, 0x2a, 0x0a, 0x2a, 0x0a, 0x2a, 0x88, 0x21, 0x88, 0x21,
    0x26, 0x11, 0x26, 0x11, 0x25, 0x21, 0x25, 0x21, 0x21, 0x00, 0x21, 0x00, 0xa3, 0x10, 0xa3, 0x10, 0x0b, 0x2a, 0x0b, 0x2a, 0x06, 0x11, 0x06, 0x11,
    0x26, 0x11, 0x26, 0x11, 0x06, 0x11, 0x06, 0x11, 0x06, 0x11, 0x06, 0x11, 0x06, 0x11, 0x06, 0x11, 0x0a, 0x2a, 0x0a, 0x2a, 0x2b, 0x2a, 0x2b, 0x2a,
    0x26, 0x19, 0x26, 0x19, 0x21, 0x00, 0x21, 0x00, 0xa3, 0x08, 0xa3, 0x08, 0xa3, 0x08, 0xa3, 0x08, 0x0b, 0x2a, 0x0b, 0x2a, 0x0a, 0x2a, 0x0a, 0x2a,
    0x0a, 0x2a, 0x0a, 0x2a, 0x0a, 0x2a, 0x0a, 0x2a, 0x0a, 0x2a, 0x0a, 0x2a, 0x67, 0x19, 0x67, 0x19, 0xea, 0x29, 0xea, 0x29, 0xff, 0xff, 0xff, 0xff,
    0x98, 0xad, 0x98, 0xad, 0xb8, 0xad, 0xb8, 0xad, 0xe5, 0x10, 0xe5, 0x10, 0xc5, 0x08, 0xc5, 0x08, 0xe5, 0x08, 0xe5, 0x08, 0xc5, 0x10, 0xc5, 0x10,
    0xe5, 0x08, 0xe5, 0x08, 0xe5, 0x10, 0xe5, 0x10, 0xe5, 0x10, 0xe5, 0x10, 0xe5, 0x10, 0xe5, 0x10, 0xc5, 0x08, 0xc5, 0x08, 0xc5, 0x10, 0xc5, 0x10,
    0xc5, 0x08, 0xc5, 0x08, 0xc5, 0x08, 0xc5, 0x08, 0xc5, 0x10, 0xc5, 0x10, 0xc5, 0x08, 0xc5, 0x08, 0xc5, 0x08, 0xc5, 0x08, 0xe5, 0x10, 0xe5, 0x10,
    0xc5, 0x08, 0xc5, 0x08, 0xc5, 0x08, 0xc5, 0x08, 0xc5, 0x10, 0xc5, 0x10, 0xc5, 0x10, 0xc5, 0x10, 0xc5, 0x10, 0xc5, 0x10, 0xc5, 0x08, 0xc5, 0x08,
    0xc5, 0x08, 0xc5, 0x08, 0xc5, 0x10, 0xc5, 0x10, 0xe5, 0x10, 0xe5, 0x10, 0xc5, 0x08, 0xc5, 0x08, 0xc5, 0x08, 0xc5, 0x08, 0xc5, 0x08, 0xc5, 0x08,
    0xe5, 0x10, 0xe5, 0x10, 0xe5, 0x10, 0xe5, 0x10, 0xe5, 0x08, 0xe5, 0x08, 0xc5, 0x08, 0xc5, 0x08, 0xc5, 0x08, 0xc5, 0x08, 0xc5, 0x08, 0xc5, 0x08,
    0xc5, 0x08, 0xc5, 0x08, 0x84, 0x08, 0x84, 0x08, 0xdc, 0xd6, 0xdc, 0xd6, 0x06, 0x11, 0x06, 0x11, 0x25, 0x19, 0x25, 0x19, 0x01, 0x00, 0x01, 0x00,
    0xb5, 0x8c, 0xb5, 0x8c, 0x94, 0x7c, 0x94, 0x7c, 0x4f, 0x53, 0x4f, 0x53, 0x0a, 0x2a, 0x0a, 0x2a, 0x6c, 0x32, 0x6c, 0x32, 0x6c, 0x32, 0x6c, 0x32,
    0x6c, 0x32, 0x6c, 0x32, 0x6c, 0x32, 0x6c, 0x32, 0x4c, 0x32, 0x4c, 0x32, 0x4c, 0x32, 0x4c, 0x32, 0x4c, 0x32, 0x4c, 0x32, 0x4c, 0x32, 0x4c, 0x32,
    0x6c, 0x3a, 0x6c, 0x3a, 0x4b, 0x32, 0x4b, 0x32, 0x26, 0x19, 0x26, 0x19, 0x06, 0x19, 0x06, 0x19, 0x0b, 0x2a, 0x0b, 0x2a, 0x0a, 0x2a, 0x0a, 0x2a,
    0x0b, 0x2a, 0x0b, 0x2a, 0x06, 0x19, 0x06, 0x19, 0x06, 0x19, 0x06, 0x19, 0x06, 0x11, 0x06, 0x11, 0x06, 0x11, 0x06, 0x11, 0x06, 0x19, 0x06, 0x19,
    0x0b, 0x2a, 0x0b, 0x2a, 0x26, 0x19, 0x26, 0x19, 0x26, 0x19, 0x26, 0x19, 0x4b, 0x32, 0x4b, 0x32, 0x5e, 0xef, 0x5e, 0xef, 0x19, 0xbe, 0x19, 0xbe,
    0xff, 0xff, 0xff, 0xff, 0x2b, 0x2a, 0x2b, 0x2a, 0x0b, 0x2a, 0x0b, 0x2a, 0x06, 0x11, 0x06, 0x11, 0x06, 0x11, 0x06, 0x11, 0x26, 0x19, 0x26, 0x19,
    0x06, 0x19, 0x06, 0x19, 0x26, 0x19, 0x26, 0x19, 0x26, 0x19, 0x26, 0x19, 0x0a, 0x2a, 0x0a, 0x2a, 0x0a, 0x2a, 0x0a, 0x2a, 0x88, 0x21, 0x88, 0x21,
    0x26, 0x11, 0x26, 0x11, 0x25, 0x21, 0x25, 0x21, 0x21, 0x00, 0x21, 0x00, 0xa3, 0x10, 0xa3, 0x10, 0x0b, 0x2a, 0x0b, 0x2a, 0x06, 0x11, 0x06, 0x11,
    0x26, 0x11, 0x26, 0x11, 0x06, 0x11, 0x06, 0x11, 0x06, 0x11, 0x06, 0x11, 0x06, 0x11, 0x06, 0x11, 0x0a, 0x2a, 0x0a, 0x2a, 0x2b, 0x2a, 0x2b, 0x2a,
    0x26, 0x19, 0x26, 0x19, 0x21, 0x00, 0x21, 0x00, 0xa3, 0x08, 0xa3, 0x08, 0xa3, 0x08, 0xa3, 0x08, 0x0b, 0x2a, 0x0b, 0x2a, 0x0a, 0x2a, 0x0a, 0x2a,
    0x0a, 0x2a, 0x0a, 0x2a, 0x0a, 0x2a, 0x0a, 0x2a, 0x0a, 0x2a, 0x0a, 0x2a, 0x67, 0x19, 0x67, 0x19, 0xea, 0x29, 0xea, 0x29, 0xff, 0xff, 0xff, 0xff,
    0x98, 0xad, 0x98, 0xad, 0xb8, 0xad, 0xb8, 0xad, 0xe5, 0x10, 0xe5, 0x10, 0xc5, 0x08, 0xc5, 0x08, 0xe5, 0x08, 0xe5, 0x08, 0xc5, 0x10, 0xc5, 0x10,
    0xe5, 0x08, 0xe5, 0x08, 0xe5, 0x10, 0xe5, 0x10, 0xe5, 0x10, 0xe5, 0x10, 0xe5, 0x10, 0xe5, 0x10, 0xc5, 0x08, 0xc5, 0x08, 0xc5, 0x10, 0xc5, 0x10,
    0xc5, 0x08, 0xc5, 0x08, 0xc5, 0x08, 0xc5, 0x08, 0xc5, 0x10, 0xc5, 0x10, 0xc5, 0x10, 0xc5, 0x10, 0xc5, 0x08, 0xc5, 0x08, 0xc5, 0x08, 0xc5, 0x08,
    0xc5, 0x08, 0xc5, 0x08, 0xc5, 0x08, 0xc5, 0x08, 0xc5, 0x08, 0xc5, 0x08, 0xc5, 0x08, 0xc5, 0x08, 0xc5, 0x08, 0xc5, 0x08, 0xc5, 0x08, 0xc5, 0x08,
    0xe5, 0x10, 0xe5, 0x10, 0xe5, 0x10, 0xe5, 0x10, 0xc5, 0x10, 0xc5, 0x10, 0xc5, 0x08, 0xc5, 0x08, 0xc5, 0x08, 0xc5, 0x08, 0xc5, 0x08, 0xc5, 0x08,
    0xc5, 0x08, 0xc5, 0x08, 0xe5, 0x08, 0xe5, 0x08, 0xc5, 0x08, 0xc5, 0x08, 0xe5, 0x10, 0xe5, 0x10, 0xc5, 0x08, 0xc5, 0x08, 0xc5, 0x08, 0xc5, 0x08,
    0x84, 0x00, 0x84, 0x00, 0x9b, 0xce, 0x9b, 0xce, 0x4b, 0x42, 0x4b, 0x42, 0xc4, 0x10, 0xc4, 0x10, 0x37, 0x95, 0x37, 0x95, 0xf5, 0x8c, 0xf5, 0x8c,
    0xd1, 0x63, 0xd1, 0x63, 0x70, 0x5b, 0x70, 0x5b, 0x6c, 0x32, 0x6c, 0x32, 0x6c, 0x32, 0x6c, 0x32, 0x6c, 0x32, 0x6c, 0x32, 0x6c, 0x32, 0x6c, 0x32,
    0x6c, 0x32, 0x6c, 0x32, 0x4c, 0x32, 0x4c, 0x32, 0x4c, 0x32, 0x4c, 0x32, 0x0a, 0x2a, 0x0a, 0x2a, 0x0a, 0x2a, 0x0a, 0x2a, 0x88, 0x21, 0x88, 0x21,
    0x8c, 0x3a, 0x8c, 0x3a, 0x4b, 0x32, 0x4b, 0x32, 0x26, 0x19, 0x26, 0x19, 0x26, 0x19, 0x26, 0x19, 0x0b, 0x2a, 0x0b, 0x2a, 0x0b, 0x2a, 0x0b, 0x2a,
    0x0a, 0x2a, 0x0a, 0x2a, 0x06, 0x19, 0x06, 0x19, 0x06, 0x19, 0x06, 0x19, 0x06, 0x19, 0x06, 0x19, 0x26, 0x11, 0x26, 0x11, 0xa8, 0x21, 0xa8, 0x21,
    0xa9, 0x21, 0xa9, 0x21, 0x26, 0x19, 0x26, 0x19, 0x26, 0x19, 0x26, 0x19, 0x41, 0x00, 0x41, 0x00, 0x9e, 0xef, 0x9e, 0xef, 0xf9, 0xbd, 0xf9, 0xbd,
    0xc3, 0x10, 0xc3, 0x10, 0x67, 0x19, 0x67, 0x19, 0xfc, 0xde, 0xfc, 0xde, 0xbf, 0xf7, 0xbf, 0xf7, 0x9e, 0xef, 0x9e, 0xef, 0xdc, 0xd6, 0xdc, 0xd6,
    0x21, 0x00, 0x21, 0x00, 0x26, 0x19, 0x26, 0x19, 0x26, 0x19, 0x26, 0x19, 0x26, 0x19, 0x26, 0x19, 0x26, 0x19, 0x26, 0x19, 0xc9, 0x21, 0xc9, 0x21,
    0x8c, 0x3a, 0x8c, 0x3a, 0x21, 0x00, 0x21, 0x00, 0xa3, 0x08, 0xa3, 0x08, 0xa3, 0x08, 0xa3, 0x08, 0x06, 0x19, 0x06, 0x19, 0x06, 0x19, 0x06, 0x19,
    0x06, 0x11, 0x06, 0x11, 0x26, 0x11, 0x26, 0x11, 0x06, 0x11, 0x06, 0x11, 0x26, 0x11, 0x26, 0x11, 0x47, 0x19, 0x47, 0x19, 0x46, 0x19, 0x46, 0x19,
    0x47, 0x19, 0x47, 0x19, 0x26, 0x19, 0x26, 0x19, 0xa3, 0x10, 0xa3, 0x10, 0xc4, 0x10, 0xc4, 0x10, 0x26, 0x19, 0x26, 0x19, 0x47, 0x19, 0x47, 0x19,
    0x47, 0x19, 0x47, 0x19, 0x47, 0x19, 0x47, 0x19, 0x67, 0x19, 0x67, 0x19, 0xea, 0x29, 0xea, 0x29, 0x05, 0x11, 0x05, 0x11, 0x41, 0x00, 0x41, 0x00,
    0x97, 0xad, 0x97, 0xad, 0xb8, 0xad, 0xb8, 0xad, 0xb8, 0xad, 0xb8, 0xad, 0xc5, 0x08, 0xc5, 0x08, 0xe5, 0x08, 0xe5, 0x08, 0xe5, 0x10, 0xe5, 0x10,
    0xc5, 0x10, 0xc5, 0x10, 0xe5, 0x10, 0xe5, 0x10, 0xc5, 0x08, 0xc5, 0x08, 0xe5, 0x10, 0xe5, 0x10, 0xc5, 0x08, 0xc5, 0x08, 0xc5, 0x10, 0xc5, 0x10,
    0xc5, 0x08, 0xc5, 0x08, 0xc5, 0x08, 0xc5, 0x08, 0xc5, 0x10, 0xc5, 0x10, 0xc5, 0x10, 0xc5, 0x10, 0xc5, 0x08, 0xc5, 0x08, 0xc5, 0x08, 0xc5, 0x08,
    0xc5, 0x08, 0xc5, 0x08, 0xc5, 0x08, 0xc5, 0x08, 0xc5, 0x08, 0xc5, 0x08, 0xc5, 0x08, 0xc5, 0x08, 0xc5, 0x08, 0xc5, 0x08, 0xc5, 0x08, 0xc5, 0x08,
    0xe5, 0x10, 0xe5, 0x10, 0xe5, 0x10, 0xe5, 0x10, 0xc5, 0x10, 0xc5, 0x10, 0xc5, 0x08, 0xc5, 0x08, 0xc5, 0x08, 0xc5, 0x08, 0xc5, 0x08, 0xc5, 0x08,
    0xc5, 0x08, 0xc5, 0x08, 0xe5, 0x08, 0xe5, 0x08, 0xc5, 0x08, 0xc5, 0x08, 0xe5, 0x10, 0xe5, 0x10, 0xc5, 0x08, 0xc5, 0x08, 0xc5, 0x08, 0xc5, 0x08,
    0x84, 0x00, 0x84, 0x00, 0x9b, 0xce, 0x9b, 0xce, 0x4b, 0x42, 0x4b, 0x42, 0xc4, 0x10, 0xc4, 0x10, 0x37, 0x95, 0x37, 0x95, 0xf5, 0x8c, 0xf5, 0x8c,
    0xd1, 0x63, 0xd1, 0x63, 0x70, 0x5b, 0x70, 0x5b, 0x6c, 0x32, 0x6c, 0x32, 0x6c, 0x32, 0x6c, 0x32, 0x6c, 0x32, 0x6c, 0x32, 0x6c, 0x32, 0x6c, 0x32,
    0x6c, 0x32, 0x6c, 0x32, 0x4c, 0x32, 0x4c, 0x32, 0x4c, 0x32, 0x4c, 0x32, 0x0a, 0x2a, 0x0a, 0x2a, 0x0a, 0x2a, 0x0a, 0x2a, 0x88, 0x21, 0x88, 0x21,
    0x8c, 0x3a, 0x8c, 0x3a, 0x4b, 0x32, 0x4b, 0x32, 0x26, 0x19, 0x26, 0x19, 0x26, 0x19, 0x26, 0x19, 0x0b, 0x2a, 0x0b, 0x2a, 0x0b, 0x2a, 0x0b, 0x2a,
    0x0a, 0x2a, 0x0a, 0x2a, 0x06, 0x19, 0x06, 0x19, 0x06, 0x19, 0x06, 0x19, 0x06, 0x19, 0x06, 0x19, 0x26, 0x11, 0x26, 0x11, 0xa8, 0x21, 0xa8, 0x21,
    0xa9, 0x21, 0xa9, 0x21, 0x26, 0x19, 0x26, 0x19, 0x26, 0x19, 0x26, 0x19, 0x41, 0x00, 0x41, 0x00, 0x9e, 0xef, 0x9e, 0xef, 0xf9, 0xbd, 0xf9, 0xbd,
    0xc3, 0x10, 0xc3, 0x10, 0x67, 0x19, 0x67, 0x19, 0xfc, 0xde, 0xfc, 0xde, 0xbf, 0xf7, 0xbf, 0xf7, 0x9e, 0xef, 0x9e, 0xef, 0xdc, 0xd6, 0xdc, 0xd6,
    0x21, 0x00, 0x21, 0x00, 0x26, 0x19, 0x26, 0x19, 0x26, 0x19, 0x26, 0x19, 0x26, 0x19, 0x26, 0x19, 0x26, 0x19, 0x26, 0x19, 0xc9, 0x21, 0xc9, 0x21,
    0x8c, 0x3a, 0x8c, 0x3a, 0x21, 0x00, 0x21, 0x00, 0xa3, 0x08, 0xa3, 0x08, 0xa3, 0x08, 0xa3, 0x08, 0x06, 0x19, 0x06, 0x19, 0x06, 0x19, 0x06, 0x19,
    0x06, 0x11, 0x06, 0x11, 0x26, 0x11, 0x26, 0x11, 0x06, 0x11, 0x06, 0x11, 0x26, 0x11, 0x26, 0x11, 0x47, 0x19, 0x47, 0x19, 0x46, 0x19, 0x46, 0x19,
    0x47, 0x19, 0x47, 0x19, 0x26, 0x19, 0x26, 0x19, 0xa3, 0x10, 0xa3, 0x10, 0xc4, 0x10, 0xc4, 0x10, 0x26, 0x19, 0x26, 0x19, 0x47, 0x19, 0x47, 0x19,
    0x47, 0x19, 0x47, 0x19, 0x47, 0x19, 0x47, 0x19, 0x67, 0x19, 0x67, 0x19, 0xea, 0x29, 0xea, 0x29, 0x05, 0x11, 0x05, 0x11, 0x41, 0x00, 0x41, 0x00,
    0x97, 0xad, 0x97, 0xad, 0xb8, 0xad, 0xb8, 0xad, 0xb8, 0xad, 0xb8, 0xad, 0xc5, 0x08, 0xc5, 0x08, 0xe5, 0x08, 0xe5, 0x08, 0xe5, 0x10, 0xe5, 0x10,
    0xc5, 0x10, 0xc5, 0x10, 0xe5, 0x10, 0xe5, 0x10, 0xc5, 0x08, 0xc5, 0x08, 0xe5, 0x10, 0xe5, 0x10, 0xc5, 0x08, 0xc5, 0x08, 0xc5, 0x10, 0xc5, 0x10,
    0xc5, 0x08, 0xc5, 0x08, 0xc5, 0x08, 0xc5, 0x08, 0xc5, 0x10, 0xc5, 0x10, 0xc5, 0x08, 0xc5, 0x08, 0xe5, 0x10, 0xe5, 0x10, 0xc5, 0x08, 0xc5, 0x08,
    0xc5, 0x08, 0xc5, 0x08, 0xc5, 0x08, 0xc5, 0x08, 0xc5, 0x08, 0xc5, 0x08, 0xe5, 0x08, 0xe5, 0x08, 0xc5, 0x08, 0xc5, 0x08, 0xc5, 0x10, 0xc5, 0x10,
    0xc5, 0x08, 0xc5, 0x08, 0xe5, 0x08, 0xe5, 0x08, 0xc5, 0x08, 0xc5, 0x08, 0xc5, 0x10, 0xc5, 0x10, 0xc5, 0x10, 0xc5, 0x10, 0xc5, 0x10, 0xc5, 0x10,
    0xc5, 0x10, 0xc5, 0x10, 0xe5, 0x10, 0xe5, 0x10, 0xc5, 0x08, 0xc5, 0x08, 0xc5, 0x08, 0xc5, 0x08, 0xc5, 0x08, 0xc5, 0x08, 0xc5, 0x08, 0xc5, 0x08,
    0x4f, 0x63, 0x4f, 0x63, 0xff, 0xff, 0xff, 0xff, 0x42, 0x00, 0x42, 0x00, 0x94, 0x84, 0x94, 0x84, 0x16, 0x95, 0x16, 0x95, 0xf2, 0x6b, 0xf2, 0x6b,
    0xee, 0x4a, 0xee, 0x4a, 0x6c, 0x32, 0x6c, 0x32, 0x6c, 0x32, 0x6c, 0x32, 0x6c, 0x32, 0x6c, 0x32, 0x6c, 0x32, 0x6c, 0x32, 0x4b, 0x32, 0x4b, 0x32,
    0xca, 0x21, 0xca, 0x21, 0x05, 0x11, 0x05, 0x11, 0xe5, 0x10, 0xe5, 0x10, 0x05, 0x11, 0x05, 0x11, 0xe5, 0x10, 0xe5, 0x10, 0xe5, 0x10, 0xe5, 0x10,
    0x6c, 0x3a, 0x6c, 0x3a, 0x26, 0x19, 0x26, 0x19, 0x26, 0x19, 0x26, 0x19, 0x26, 0x19, 0x26, 0x19, 0x26, 0x19, 0x26, 0x19, 0x26, 0x19, 0x26, 0x19,
    0x05, 0x11, 0x05, 0x11, 0x06, 0x11, 0x06, 0x11, 0xc9, 0x29, 0xc9, 0x29, 0xc9, 0x29, 0xc9, 0x29, 0xc9, 0x29, 0xc9, 0x29, 0xc9, 0x21, 0xc9, 0x21,
    0xc9, 0x21, 0xc9, 0x21, 0x26, 0x19, 0x26, 0x19, 0xc9, 0x29, 0xc9, 0x29, 0xdf, 0xff, 0xdf, 0xff, 0xbb, 0xd6, 0xbb, 0xd6, 0x00, 0x00, 0x00, 0x00,
    0x25, 0x19, 0x25, 0x19, 0x46, 0x19, 0x46, 0x19, 0x19, 0xbe, 0x19, 0xbe, 0x3a, 0xbe, 0x3a, 0xbe, 0x3a, 0xc6, 0x3a, 0xc6, 0x7b, 0xce, 0x7b, 0xce,
    0x1d, 0xdf, 0x1d, 0xdf, 0x26, 0x19, 0x26, 0x19, 0x26, 0x19, 0x26, 0x19, 0x26, 0x19, 0x26, 0x19, 0x26, 0x19, 0x26, 0x19, 0xc9, 0x21, 0xc9, 0x21,
    0xad, 0x42, 0xad, 0x42, 0x62, 0x08, 0x62, 0x08, 0x83, 0x08, 0x83, 0x08, 0xa3, 0x10, 0xa3, 0x10, 0x26, 0x19, 0x26, 0x19, 0x06, 0x19, 0x06, 0x19,
    0x06, 0x19, 0x06, 0x19, 0x26, 0x19, 0x26, 0x19, 0x06, 0x11, 0x06, 0x11, 0x06, 0x11, 0x06, 0x11, 0x26, 0x19, 0x26, 0x19, 0x26, 0x19, 0x26, 0x19,
    0xa8, 0x21, 0xa8, 0x21, 0x06, 0x11, 0x06, 0x11, 0xc4, 0x10, 0xc4, 0x10, 0x83, 0x08, 0x83, 0x08, 0x83, 0x08, 0x83, 0x08, 0x67, 0x29, 0x67, 0x29,
    0xdf, 0xf7, 0xdf, 0xf7, 0x9e, 0xf7, 0x9e, 0xf7, 0xdf, 0xff, 0xdf, 0xff, 0x12, 0x7c, 0x12, 0x7c, 0x6f, 0x63, 0x6f, 0x63, 0x6f, 0x63, 0x6f, 0x63,
    0xd8, 0xb5, 0xd8, 0xb5, 0x98, 0xad, 0x98, 0xad, 0x19, 0xbe, 0x19, 0xbe, 0xc5, 0x08, 0xc5, 0x08, 0xe5, 0x08, 0xe5, 0x08, 0xe5, 0x10, 0xe5, 0x10,
    0xc5, 0x10, 0xc5, 0x10, 0xc5, 0x10, 0xc5, 0x10, 0xe5, 0x10, 0xe5, 0x10, 0xe5, 0x10, 0xe5, 0x10, 0xc5, 0x08, 0xc5, 0x08, 0xc5, 0x08, 0xc5, 0x08,
    0xc5, 0x08, 0xc5, 0x08, 0xc5, 0x08, 0xc5, 0x08, 0xc5, 0x10, 0xc5, 0x10, 0xc5, 0x08, 0xc5, 0x08, 0xe5, 0x10, 0xe5, 0x10, 0xc5, 0x08, 0xc5, 0x08,
    0xc5, 0x08, 0xc5, 0x08, 0xc5, 0x08, 0xc5, 0x08, 0xc5, 0x08, 0xc5, 0x08, 0xe5, 0x08, 0xe5, 0x08, 0xc5, 0x08, 0xc5, 0x08, 0xc5, 0x10, 0xc5, 0x10,
    0xc5, 0x08, 0xc5, 0x08, 0xe5, 0x08, 0xe5, 0x08, 0xc5, 0x08, 0xc5, 0x08, 0xc5, 0x10, 0xc5, 0x10, 0xc5, 0x10, 0xc5, 0x10, 0xc5, 0x10, 0xc5, 0x10,
    0xc5, 0x10, 0xc5, 0x10, 0xe5, 0x10, 0xe5, 0x10, 0xc5, 0x08, 0xc5, 0x08, 0xc5, 0x08, 0xc5, 0x08, 0xc5, 0x08, 0xc5, 0x08, 0xc5, 0x08, 0xc5, 0x08,
    0x4f, 0x63, 0x4f, 0x63, 0xff, 0xff, 0xff, 0xff, 0x42, 0x00, 0x42, 0x00, 0x94, 0x84, 0x94, 0x84, 0x16, 0x95, 0x16, 0x95, 0xf2, 0x6b, 0xf2, 0x6b,
    0xee, 0x4a, 0xee, 0x4a, 0x6c, 0x32, 0x6c, 0x32, 0x6c, 0x32, 0x6c, 0x32, 0x6c, 0x32, 0x6c, 0x32, 0x6c, 0x32, 0x6c, 0x32, 0x4b, 0x32, 0x4b, 0x32,
    0xca, 0x21, 0xca, 0x21, 0x05, 0x11, 0x05, 0x11, 0xe5, 0x10, 0xe5, 0x10, 0x05, 0x11, 0x05, 0x11, 0xe5, 0x10, 0xe5, 0x10, 0xe5, 0x10, 0xe5, 0x10,
    0x6c, 0x3a, 0x6c, 0x3a, 0x26, 0x19, 0x26, 0x19, 0x26, 0x19, 0x26, 0x19, 0x26, 0x19, 0x26, 0x19, 0x26, 0x19, 0x26, 0x19, 0x26, 0x19, 0x26, 0x19,
    0x05, 0x11, 0x05, 0x11, 0x06, 0x11, 0x06, 0x11, 0xc9, 0x29, 0xc9, 0x29, 0xc9, 0x29, 0xc9, 0x29, 0xc9, 0x29, 0xc9, 0x29, 0xc9, 0x21, 0xc9, 0x21,
    0xc9, 0x21, 0xc9, 0x21, 0x26, 0x19, 0x26, 0x19, 0xc9, 0x29, 0xc9, 0x29, 0xdf, 0xff, 0xdf, 0xff, 0xbb, 0xd6, 0xbb, 0xd6, 0x00, 0x00, 0x00, 0x00,
    0x25, 0x19, 0x25, 0x19, 0x46, 0x19, 0x46, 0x19, 0x19, 0xbe, 0x19, 0xbe, 0x3a, 0xbe, 0x3a, 0xbe, 0x3a, 0xc6, 0x3a, 0xc6, 0x7b, 0xce, 0x7b, 0xce,
    0x1d, 0xdf, 0x1d, 0xdf, 0x26, 0x19, 0x26, 0x19, 0x26, 0x19, 0x26, 0x19, 0x26, 0x19, 0x26, 0x19, 0x26, 0x19, 0x26, 0x19, 0xc9, 0x21, 0xc9, 0x21,
    0xad, 0x42, 0xad, 0x42, 0x62, 0x08, 0x62, 0x08, 0x83, 0x08, 0x83, 0x08, 0xa3, 0x10, 0xa3, 0x10, 0x26, 0x19, 0x26, 0x19, 0x06, 0x19, 0x06, 0x19,
    0x06, 0x19, 0x06, 0x19, 0x26, 0x19, 0x26, 0x19, 0x06, 0x11, 0x06, 0x11, 0x06, 0x11, 0x06, 0x11, 0x26, 0x19, 0x26, 0x19, 0x26, 0x19, 0x26, 0x19,
    0xa8, 0x21, 0xa8, 0x21, 0x06, 0x11, 0x06, 0x11, 0xc4, 0x10, 0xc4, 0x10, 0x83, 0x08, 0x83, 0x08, 0x83, 0x08, 0x83, 0x08, 0x67, 0x29, 0x67, 0x29,
    0xdf, 0xf7, 0xdf, 0xf7, 0x9e, 0xf7, 0x9e, 0xf7, 0xdf, 0xff, 0xdf, 0xff, 0x12, 0x7c, 0x12, 0x7c, 0x6f, 0x63, 0x6f, 0x63, 0x6f, 0x63, 0x6f, 0x63,
    0xd8, 0xb5, 0xd8, 0xb5, 0x98, 0xad, 0x98, 0xad, 0x19, 0xbe, 0x19, 0xbe, 0xc5, 0x08, 0xc5, 0x08, 0xe5, 0x08, 0xe5, 0x08, 0xe5, 0x10, 0xe5, 0x10,
    0xc5, 0x10, 0xc5, 0x10, 0xc5, 0x10, 0xc5, 0x10, 0xe5, 0x10, 0xe5, 0x10, 0xe5, 0x10, 0xe5, 0x10, 0xc5, 0x08, 0xc5, 0x08, 0xc5, 0x08, 0xc5, 0x08,
    0xc5, 0x08, 0xc5, 0x08, 0xc5, 0x08, 0xc5, 0x08, 0xc5, 0x10, 0xc5, 0x10, 0xc5, 0x08, 0xc5, 0x08, 0xc5, 0x08, 0xc5, 0x08, 0xe5, 0x08, 0xe5, 0x08,
    0xc5, 0x08, 0xc5, 0x08, 0xe5, 0x10, 0xe5, 0x10, 0xc5, 0x10, 0xc5, 0x10, 0xc5, 0x10, 0xc5, 0x10, 0xc5, 0x08, 0xc5, 0x08, 0xc5, 0x08, 0xc5, 0x08,
    0xe5, 0x08, 0xe5, 0x08, 0xe5, 0x10, 0xe5, 0x10, 0xc5, 0x10, 0xc5, 0x10, 0xc5, 0x08, 0xc5, 0x08, 0xc5, 0x08, 0xc5, 0x08, 0xc5, 0x08, 0xc5, 0x08,
    0xc5, 0x08, 0xc5, 0x08, 0xe5, 0x08, 0xe5, 0x08, 0xc5, 0x10, 0xc5, 0x10, 0xc5, 0x08, 0xc5, 0x08, 0xe5, 0x10, 0xe5, 0x10, 0x83, 0x00, 0x83, 0x00,
    0xb8, 0xad, 0xb8, 0xad, 0xf0, 0x7b, 0xf0, 0x7b, 0x76, 0xad, 0x76, 0xad, 0x7a, 0xce, 0x7a, 0xce, 0x5a, 0xc6, 0x5a, 0xc6, 0x55, 0xa5, 0x55, 0xa5,
    0x9b, 0xce, 0x9b, 0xce, 0xfc, 0xde, 0xfc, 0xde, 0x97, 0xad, 0x97, 0xad, 0xd4, 0x94, 0xd4, 0x94, 0x93, 0x8c, 0x93, 0x8c, 0x15, 0x9d, 0x15, 0x9d,
    0xd4, 0x94, 0xd4, 0x94, 0xf4, 0x9c, 0xf4, 0x9c, 0x15, 0x9d, 0x15, 0x9d, 0x76, 0xa5, 0x76, 0xa5, 0x15, 0x9d, 0x15, 0x9d, 0x56, 0xa5, 0x56, 0xa5,
    0x8c, 0x42, 0x8c, 0x42, 0xa3, 0x08, 0xa3, 0x08, 0x26, 0x19, 0x26, 0x19, 0x0d, 0x53, 0x0d, 0x53, 0x2a, 0x3a, 0x2a, 0x3a, 0xa8, 0x29, 0xa8, 0x29,
    0x05, 0x11, 0x05, 0x11, 0x26, 0x19, 0x26, 0x19, 0x26, 0x19, 0x26, 0x19, 0x26, 0x19, 0x26, 0x19, 0x26, 0x19, 0x26, 0x19, 0xc5, 0x10, 0xc5, 0x10,
    0x05, 0x11, 0x05, 0x11, 0x21, 0x00, 0x21, 0x00, 0x7e, 0xef, 0x7e, 0xef, 0x9b, 0xce, 0x9b, 0xce, 0x5a, 0xc6, 0x5a, 0xc6, 0xdf, 0xff, 0xdf, 0xff,
    0x6b, 0x42, 0x6b, 0x42, 0x9e, 0xef, 0x9e, 0xef, 0x90, 0x6b, 0x90, 0x6b, 0x6f, 0x63, 0x6f, 0x63, 0x90, 0x63, 0x90, 0x63, 0xb0, 0x6b, 0xb0, 0x6b,
    0x90, 0x63, 0x90, 0x63, 0xa3, 0x10, 0xa3, 0x10, 0x26, 0x19, 0x26, 0x19, 0x26, 0x19, 0x26, 0x19, 0x26, 0x19, 0x26, 0x19, 0x88, 0x21, 0x88, 0x21,
    0x26, 0x19, 0x26, 0x19, 0x26, 0x19, 0x26, 0x19, 0xa3, 0x08, 0xa3, 0x08, 0x62, 0x08, 0x62, 0x08, 0x62, 0x00, 0x62, 0x00, 0x63, 0x00, 0x63, 0x00,
    0xff, 0xff, 0xff, 0xff, 0xbe, 0xf7, 0xbe, 0xf7, 0xff, 0xff, 0xff, 0xff, 0xdb, 0xce, 0xdb, 0xce, 0xb1, 0x6b, 0xb1, 0x6b, 0xd1, 0x6b, 0xd1, 0x6b,
    0x32, 0x7c, 0x32, 0x7c, 0xb4, 0x8c, 0xb4, 0x8c, 0x3a, 0xc6, 0x3a, 0xc6, 0x3a, 0xbe, 0x3a, 0xbe, 0xf8, 0xb5, 0xf8, 0xb5, 0x5a, 0xc6, 0x5a, 0xc6,
    0x5a, 0xc6, 0x5a, 0xc6, 0x5a, 0xc6, 0x5a, 0xc6, 0x5a, 0xc6, 0x5a, 0xc6, 0x5a, 0xc6, 0x5a, 0xc6, 0xdc, 0xd6, 0xdc, 0xd6, 0xdc, 0xd6, 0xdc, 0xd6,
    0xdc, 0xd6, 0xdc, 0xd6, 0xdc, 0xd6, 0xdc, 0xd6, 0xfc, 0xde, 0xfc, 0xde, 0xfc, 0xde, 0xfc, 0xde, 0xe5, 0x08, 0xe5, 0x08, 0xc5, 0x10, 0xc5, 0x10,
    0xc5, 0x08, 0xc5, 0x08, 0xe5, 0x10, 0xe5, 0x10, 0xc5, 0x10, 0xc5, 0x10, 0xc5, 0x10, 0xc5, 0x10, 0xe5, 0x10, 0xe5, 0x10, 0xc5, 0x10, 0xc5, 0x10,
    0xc5, 0x08, 0xc5, 0x08, 0xc5, 0x08, 0xc5, 0x08, 0xc5, 0x10, 0xc5, 0x10, 0xc5, 0x08, 0xc5, 0x08, 0xc5, 0x08, 0xc5, 0x08, 0xe5, 0x08, 0xe5, 0x08,
    0xc5, 0x08, 0xc5, 0x08, 0xe5, 0x10, 0xe5, 0x10, 0xc5, 0x10, 0xc5, 0x10, 0xc5, 0x10, 0xc5, 0x10, 0xc5, 0x08, 0xc5, 0x08, 0xc5, 0x08, 0xc5, 0x08,
    0xe5, 0x08, 0xe5, 0x08, 0xe5, 0x10, 0xe5, 0x10, 0xc5, 0x10, 0xc5, 0x10, 0xc5, 0x08, 0xc5, 0x08, 0xc5, 0x08, 0xc5, 0x08, 0xc5, 0x08, 0xc5, 0x08,
    0xc5, 0x08, 0xc5, 0x08, 0xe5, 0x08, 0xe5, 0x08, 0xc5, 0x10, 0xc5, 0x10, 0xc5, 0x08, 0xc5, 0x08, 0xe5, 0x10, 0xe5, 0x10, 0x83, 0x00, 0x83, 0x00,
    0xb8, 0xad, 0xb8, 0xad, 0xf0, 0x7b, 0xf0, 0x7b, 0x76, 0xad, 0x76, 0xad, 0x7a, 0xce, 0x7a, 0xce, 0x5a, 0xc6, 0x5a, 0xc6, 0x55, 0xa5, 0x55, 0xa5,
    0x9b, 0xce, 0x9b, 0xce, 0xfc, 0xde, 0xfc, 0xde, 0x97, 0xad, 0x97, 0xad, 0xd4, 0x94, 0xd4, 0x94, 0x93, 0x8c, 0x93, 0x8c, 0x15, 0x9d, 0x15, 0x9d,
    0xd4, 0x94, 0xd4, 0x94, 0xf4, 0x9c, 0xf4, 0x9c, 0x15, 0x9d, 0x15, 0x9d, 0x76, 0xa5, 0x76, 0xa5, 0x15, 0x9d, 0x15, 0x9d, 0x56, 0xa5, 0x56, 0xa5,
    0x8c, 0x42, 0x8c, 0x42, 0xa3, 0x08, 0xa3, 0x08, 0x26, 0x19, 0x26, 0x19, 0x0d, 0x53, 0x0d, 0x53, 0x2a, 0x3a, 0x2a, 0x3a, 0xa8, 0x29, 0xa8, 0x29,
    0x05, 0x11, 0x05, 0x11, 0x26, 0x19, 0x26, 0x19, 0x26, 0x19, 0x26, 0x19, 0x26, 0x19, 0x26, 0x19, 0x26, 0x19, 0x26, 0x19, 0xc5, 0x10, 0xc5, 0x10,
    0x05, 0x11, 0x05, 0x11, 0x21, 0x00, 0x21, 0x00, 0x7e, 0xef, 0x7e, 0xef, 0x9b, 0xce, 0x9b, 0xce, 0x5a, 0xc6, 0x5a, 0xc6, 0xdf, 0xff, 0xdf, 0xff,
    0x6b, 0x42, 0x6b, 0x42, 0x9e, 0xef, 0x9e, 0xef, 0x90, 0x6b, 0x90, 0x6b, 0x6f, 0x63, 0x6f, 0x63, 0x90, 0x63, 0x90, 0x63, 0xb0, 0x6b, 0xb0, 0x6b,
    0x90, 0x63, 0x90, 0x63, 0xa3, 0x10, 0xa3, 0x10, 0x26, 0x19, 0x26, 0x19, 0x26, 0x19, 0x26, 0x19, 0x26, 0x19, 0x26, 0x19, 0x88, 0x21, 0x88, 0x21,
    0x26, 0x19, 0x26, 0x19, 0x26, 0x19, 0x26, 0x19, 0xa3, 0x08, 0xa3, 0x08, 0x62, 0x08, 0x62, 0x08, 0x62, 0x00, 0x62, 0x00, 0x63, 0x00, 0x63, 0x00,
    0xff, 0xff, 0xff, 0xff, 0xbe, 0xf7, 0xbe, 0xf7, 0xff, 0xff, 0xff, 0xff, 0xdb, 0xce, 0xdb, 0xce, 0xb1, 0x6b, 0xb1, 0x6b, 0xd1, 0x6b, 0xd1, 0x6b,
    0x32, 0x7c, 0x32, 0x7c, 0xb4, 0x8c, 0xb4, 0x8c, 0x3a, 0xc6, 0x3a, 0xc6, 0x3a, 0xbe, 0x3a, 0xbe, 0xf8, 0xb5, 0xf8, 0xb5, 0x5a, 0xc6, 0x5a, 0xc6,
    0x5a, 0xc6, 0x5a, 0xc6, 0x5a, 0xc6, 0x5a, 0xc6, 0x5a, 0xc6, 0x5a, 0xc6, 0x5a, 0xc6, 0x5a, 0xc6, 0xdc, 0xd6, 0xdc, 0xd6, 0xdc, 0xd6, 0xdc, 0xd6,
    0xdc, 0xd6, 0xdc, 0xd6, 0xdc, 0xd6, 0xdc, 0xd6, 0xfc, 0xde, 0xfc, 0xde, 0xfc, 0xde, 0xfc, 0xde, 0xe5, 0x08, 0xe5, 0x08, 0xc5, 0x10, 0xc5, 0x10,
    0xc5, 0x08, 0xc5, 0x08, 0xe5, 0x10, 0xe5, 0x10, 0xc5, 0x10, 0xc5, 0x10, 0xc5, 0x10, 0xc5, 0x10, 0xe5, 0x10, 0xe5, 0x10, 0xc5, 0x10, 0xc5, 0x10,
    0xc5, 0x08, 0xc5, 0x08, 0xe5, 0x10, 0xe5, 0x10, 0xc5, 0x10, 0xc5, 0x10, 0xc5, 0x08, 0xc5, 0x08, 0xc5, 0x08, 0xc5, 0x08, 0xc5, 0x10, 0xc5, 0x10,
    0xc5, 0x08, 0xc5, 0x08, 0xc5, 0x08, 0xc5, 0x08, 0xc5, 0x10, 0xc5, 0x10, 0xc5, 0x08, 0xc5, 0x08, 0xe5, 0x08, 0xe5, 0x08, 0xc5, 0x08, 0xc5, 0x08,
    0xc5, 0x08, 0xc5, 0x08, 0xc5, 0x10, 0xc5, 0x10, 0xc5, 0x10, 0xc5, 0x10, 0xc5, 0x08, 0xc5, 0x08, 0xc5, 0x08, 0xc5, 0x08, 0xc5, 0x10, 0xc5, 0x10,
    0xe5, 0x10, 0xe5, 0x10, 0x43, 0x00, 0x43, 0x00, 0x19, 0xbe, 0x19, 0xbe, 0x53, 0x84, 0x53, 0x84, 0x57, 0xa5, 0x57, 0xa5, 0x56, 0xa5, 0x56, 0xa5,
    0x57, 0xa5, 0x57, 0xa5, 0x57, 0xa5, 0x57, 0xa5, 0x77, 0xa5, 0x77, 0xa5, 0x97, 0xad, 0x97, 0xad, 0x97, 0xad, 0x97, 0xad, 0x77, 0xa5, 0x77, 0xa5,
    0x53, 0x84, 0x53, 0x84, 0x90, 0x6b, 0x90, 0x6b, 0x73, 0x84, 0x73, 0x84, 0x57, 0xa5, 0x57, 0xa5, 0xf5, 0x94, 0xf5, 0x94, 0x36, 0x9d, 0x36, 0x9d,
    0x36, 0x9d, 0x36, 0x9d, 0x57, 0xa5, 0x57, 0xa5, 0x57, 0xa5, 0x57, 0xa5, 0x57, 0xa5, 0x57, 0xa5, 0x15, 0x95, 0x15, 0x95, 0xf5, 0x94, 0xf5, 0x94,
    0xf5, 0x94, 0xf5, 0x94, 0xf5, 0x94, 0xf5, 0x94, 0xf5, 0x94, 0xf5, 0x94, 0xf5, 0x94, 0xf5, 0x94, 0xf5, 0x94, 0xf5, 0x94, 0x15, 0x9d, 0x15, 0x9d,
    0x16, 0x9d, 0x16, 0x9d, 0x16, 0x9d, 0x16, 0x9d, 0x36, 0xa5, 0x36, 0xa5, 0xb8, 0xad, 0xb8, 0xad, 0xfc, 0xde, 0xfc, 0xde, 0xdf, 0xff, 0xdf, 0xff,
    0xfc, 0xde, 0xfc, 0xde, 0xbc, 0xd6, 0xbc, 0xd6, 0xdc, 0xd6, 0xdc, 0xd6, 0x19, 0xbe, 0x19, 0xbe, 0xd8, 0xb5, 0xd8, 0xb5, 0x00, 0x00, 0x00, 0x00,
    0x42, 0x00, 0x42, 0x00, 0x83, 0x08, 0x83, 0x08, 0x83, 0x08, 0x83, 0x08, 0xdf, 0xff, 0xdf, 0xff, 0xdf, 0xff, 0xdf, 0xff, 0xdf, 0xff, 0xdf, 0xff,
    0x77, 0xa5, 0x77, 0xa5, 0xaf, 0x73, 0xaf, 0x73, 0xff, 0xff, 0xff, 0xff, 0xdf, 0xff, 0xdf, 0xff, 0xff, 0xff, 0xff, 0xff, 0x4f, 0x63, 0x4f, 0x63,
    0xd1, 0x73, 0xd1, 0x73, 0xf8, 0xb5, 0xf8, 0xb5, 0x5a, 0xc6, 0x5a, 0xc6, 0xfd, 0xde, 0xfd, 0xde, 0x5a, 0xc6, 0x5a, 0xc6, 0x3a, 0xc6, 0x3a, 0xc6,
    0x5a, 0xc6, 0x5a, 0xc6, 0x5a, 0xc6, 0x5a, 0xc6, 0xbb, 0xd6, 0xbb, 0xd6, 0xbb, 0xce, 0xbb, 0xce, 0xbb, 0xd6, 0xbb, 0xd6, 0xbb, 0xd6, 0xbb, 0xd6,
    0xbb, 0xd6, 0xbb, 0xd6, 0xdc, 0xd6, 0xdc, 0xd6, 0xdc, 0xd6, 0xdc, 0xd6, 0xdc, 0xd6, 0xdc, 0xd6, 0xfc, 0xde, 0xfc, 0xde, 0xfc, 0xde, 0xfc, 0xde,
    0xfc, 0xd6, 0xfc, 0xd6, 0xfc, 0xde, 0xfc, 0xde, 0xfc, 0xde, 0xfc, 0xde, 0xfc, 0xde, 0xfc, 0xde, 0xfc, 0xde, 0xfc, 0xde, 0xdc, 0xd6, 0xdc, 0xd6,
    0xfc, 0xde, 0xfc, 0xde, 0x3d, 0xe7, 0x3d, 0xe7, 0xdf, 0xff, 0xdf, 0xff, 0x1d, 0xdf, 0x1d, 0xdf, 0x6e, 0xf3, 0x6e, 0xf3, 0xe5, 0x08, 0xe5, 0x08,
    0xe5, 0x10, 0xe5, 0x10, 0xe5, 0x10, 0xe5, 0x10, 0xe5, 0x10, 0xe5, 0x10, 0xc5, 0x10, 0xc5, 0x10, 0xc5, 0x08, 0xc5, 0x08, 0xc5, 0x10, 0xc5, 0x10,
    0xc5, 0x08, 0xc5, 0x08, 0xe5, 0x10, 0xe5, 0x10, 0xc5, 0x10, 0xc5, 0x10, 0xc5, 0x08, 0xc5, 0x08, 0xc5, 0x08, 0xc5, 0x08, 0xc5, 0x10, 0xc5, 0x10,
    0xc5, 0x08, 0xc5, 0x08, 0xc5, 0x08, 0xc5, 0x08, 0xc5, 0x10, 0xc5, 0x10, 0xc5, 0x08, 0xc5, 0x08, 0xe5, 0x08, 0xe5, 0x08, 0xc5, 0x08, 0xc5, 0x08,
    0xc5, 0x08, 0xc5, 0x08, 0xc5, 0x10, 0xc5, 0x10, 0xc5, 0x10, 0xc5, 0x10, 0xc5, 0x08, 0xc5, 0x08, 0xc5, 0x08, 0xc5, 0x08, 0xc5, 0x10, 0xc5, 0x10,
    0xe5, 0x10, 0xe5, 0x10, 0x43, 0x00, 0x43, 0x00, 0x19, 0xbe, 0x19, 0xbe, 0x53, 0x84, 0x53, 0x84, 0x57, 0xa5, 0x57, 0xa5, 0x56, 0xa5, 0x56, 0xa5,
    0x57, 0xa5, 0x57, 0xa5, 0x57, 0xa5, 0x57, 0xa5, 0x77, 0xa5, 0x77, 0xa5, 0x97, 0xad, 0x97, 0xad, 0x97, 0xad, 0x97, 0xad, 0x77, 0xa5, 0x77, 0xa5,
    0x53, 0x84, 0x53, 0x84, 0x90, 0x6b, 0x90, 0x6b, 0x73, 0x84, 0x73, 0x84, 0x57, 0xa5, 0x57, 0xa5, 0xf5, 0x94, 0xf5, 0x94, 0x36, 0x9d, 0x36, 0x9d,
    0x36, 0x9d, 0x36, 0x9d, 0x57, 0xa5, 0x57, 0xa5, 0x57, 0xa5, 0x57, 0xa5, 0x57, 0xa5, 0x57, 0xa5, 0x15, 0x95, 0x15, 0x95, 0xf5, 0x94, 0xf5, 0x94,
    0xf5, 0x94, 0xf5, 0x94, 0xf5, 0x94, 0xf5, 0x94, 0xf5, 0x94, 0xf5, 0x94, 0xf5, 0x94, 0xf5, 0x94, 0xf5, 0x94, 0xf5, 0x94, 0x15, 0x9d, 0x15, 0x9d,
    0x16, 0x9d, 0x16, 0x9d, 0x16, 0x9d, 0x16, 0x9d, 0x36, 0xa5, 0x36, 0xa5, 0xb8, 0xad, 0xb8, 0xad, 0xfc, 0xde, 0xfc, 0xde, 0xdf, 0xff, 0xdf, 0xff,
    0xfc, 0xde, 0xfc, 0xde, 0xbc, 0xd6, 0xbc, 0xd6, 0xdc, 0xd6, 0xdc, 0xd6, 0x19, 0xbe, 0x19, 0xbe, 0xd8, 0xb5, 0xd8, 0xb5, 0x00, 0x00, 0x00, 0x00,
    0x42, 0x00, 0x42, 0x00, 0x83, 0x08, 0x83, 0x08, 0x83, 0x08, 0x83, 0x08, 0xdf, 0xff, 0xdf, 0xff, 0xdf, 0xff, 0xdf, 0xff, 0xdf, 0xff, 0xdf, 0xff,
    0x77, 0xa5, 0x77, 0xa5, 0xaf, 0x73, 0xaf, 0x73, 0xff, 0xff, 0xff, 0xff, 0xdf, 0xff, 0xdf, 0xff, 0xff, 0xff, 0xff, 0xff, 0x4f, 0x63, 0x4f, 0x63,
    0xd1, 0x73, 0xd1, 0x73, 0xf8, 0xb5, 0xf8, 0xb5, 0x5a, 0xc6, 0x5a, 0xc6, 0xfd, 0xde, 0xfd, 0xde, 0x5a, 0xc6, 0x5a, 0xc6, 0x3a, 0xc6, 0x3a, 0xc6,
    0x5a, 0xc6, 0x5a, 0xc6, 0x5a, 0xc6, 0x5a, 0xc6, 0xbb, 0xd6, 0xbb, 0xd6, 0xbb, 0xce, 0xbb, 0xce, 0xbb, 0xd6, 0xbb, 0xd6, 0xbb, 0xd6, 0xbb, 0xd6,
    0xbb, 0xd6, 0xbb, 0xd6, 0xdc, 0xd6, 0xdc, 0xd6, 0xdc, 0xd6, 0xdc, 0xd6, 0xdc, 0xd6, 0xdc, 0xd6, 0xfc, 0xde, 0xfc, 0xde, 0xfc, 0xde, 0xfc, 0xde,
    0xfc, 0xd6, 0xfc, 0xd6, 0xfc, 0xde, 0xfc, 0xde, 0xfc, 0xde, 0xfc, 0xde, 0xfc, 0xde, 0xfc, 0xde, 0xfc, 0xde, 0xfc, 0xde, 0xdc, 0xd6, 0xdc, 0xd6,
    0xfc, 0xde, 0xfc, 0xde, 0x3d, 0xe7, 0x3d, 0xe7, 0xdf, 0xff, 0xdf, 0xff, 0x1d, 0xdf, 0x1d, 0xdf, 0x6e, 0xf3, 0x6e, 0xf3, 0xe5, 0x08, 0xe5, 0x08,
    0xe5, 0x10, 0xe5, 0x10, 0xe5, 0x10, 0xe5, 0x10, 0xe5, 0x10, 0xe5, 0x10, 0xc5, 0x10, 0xc5, 0x10, 0xc5, 0x08, 0xc5, 0x08, 0xc5, 0x10, 0xc5, 0x10,
    0xe5, 0x10, 0xe5, 0x10, 0xc5, 0x08, 0xc5, 0x08, 0xc5, 0x08, 0xc5, 0x08, 0xc5, 0x10, 0xc5, 0x10, 0xc5, 0x10, 0xc5, 0x10, 0xc5, 0x08, 0xc5, 0x08,
    0xc5, 0x08, 0xc5, 0x08, 0xc5, 0x08, 0xc5, 0x08, 0xc5, 0x08, 0xc5, 0x08, 0xc5, 0x10, 0xc5, 0x10, 0xc5, 0x10, 0xc5, 0x10, 0xe5, 0x10, 0xe5, 0x10,
    0xc5, 0x08, 0xc5, 0x08, 0xc5, 0x10, 0xc5, 0x10, 0xc5, 0x10, 0xc5, 0x10, 0xc5, 0x10, 0xc5, 0x10, 0x3a, 0xc6, 0x3a, 0xc6, 0x36, 0x9d, 0x36, 0x9d,
    0xb4, 0x8c, 0xb4, 0x8c, 0x77, 0xad, 0x77, 0xad, 0x15, 0x9d, 0x15, 0x9d, 0xf5, 0x94, 0xf5, 0x94, 0xf5, 0x94, 0xf5, 0x94, 0xf5, 0x94, 0xf5, 0x94,
    0xf5, 0x94, 0xf5, 0x94, 0xf5, 0x94, 0xf5, 0x94, 0xf5, 0x94, 0xf5, 0x94, 0xf5, 0x94, 0xf5, 0x94, 0xf5, 0x94, 0xf5, 0x94, 0x15, 0x9d, 0x15, 0x9d,
    0x98, 0xad, 0x98, 0xad, 0x97, 0xad, 0x97, 0xad, 0xb8, 0xad, 0xb8, 0xad, 0xd8, 0xb5, 0xd8, 0xb5, 0xd8, 0xb5, 0xd8, 0xb5, 0xd8, 0xb5, 0xd8, 0xb5,
    0xd8, 0xb5, 0xd8, 0xb5, 0xb8, 0xb5, 0xb8, 0xb5, 0xb8, 0xad, 0xb8, 0xad, 0xb8, 0xb5, 0xb8, 0xb5, 0xb8, 0xad, 0xb8, 0xad, 0xd8, 0xb5, 0xd8, 0xb5,
    0xd8, 0xb5, 0xd8, 0xb5, 0x56, 0xa5, 0x56, 0xa5, 0x56, 0xa5, 0x56, 0xa5, 0x77, 0xa5, 0x77, 0xa5, 0xbf, 0xf7, 0xbf, 0xf7, 0x3d, 0xe7, 0x3d, 0xe7,
    0x1a, 0xbe, 0x1a, 0xbe, 0x5a, 0xc6, 0x5a, 0xc6, 0x7a, 0xc6, 0x7a, 0xc6, 0x7a, 0xc6, 0x7a, 0xc6, 0xdc, 0xd6, 0xdc, 0xd6, 0xfc, 0xde, 0xfc, 0xde,
    0x5a, 0xc6, 0x5a, 0xc6, 0x5a, 0xc6, 0x5a, 0xc6, 0x39, 0xc6, 0x39, 0xc6, 0x77, 0xa5, 0x77, 0xa5, 0xc9, 0x29, 0xc9, 0x29, 0x7d, 0xef, 0x7d, 0xef,
    0x53, 0x84, 0x53, 0x84, 0xc9, 0x31, 0xc9, 0x31, 0x2e, 0x5b, 0x2e, 0x5b, 0x36, 0x9d, 0x36, 0x9d, 0x9b, 0xce, 0x9b, 0xce, 0x9b, 0xce, 0x9b, 0xce,
    0x7b, 0xce, 0x7b, 0xce, 0x7a, 0xc6, 0x7a, 0xc6, 0x5a, 0xc6, 0x5a, 0xc6, 0x7a, 0xc6, 0x7a, 0xc6, 0x7a, 0xc6, 0x7a, 0xc6, 0x7a, 0xc6, 0x7a, 0xc6,
    0x7b, 0xce, 0x7b, 0xce, 0x7b, 0xce, 0x7b, 0xce, 0x7a, 0xce, 0x7a, 0xce, 0x7a, 0xce, 0x7a, 0xce, 0xbb, 0xce, 0xbb, 0xce, 0xbb, 0xd6, 0xbb, 0xd6,
    0x9b, 0xce, 0x9b, 0xce, 0xbb, 0xd6, 0xbb, 0xd6, 0xbb, 0xd6, 0xbb, 0xd6, 0xbb, 0xd6, 0xbb, 0xd6, 0xfc, 0xde, 0xfc, 0xde, 0x5d, 0xef, 0x5d, 0xef,
    0x9e, 0xf7, 0x9e, 0xf7, 0xfc, 0xde, 0xfc, 0xde, 0x57, 0xa5, 0x57, 0xa5, 0xb4, 0x8c, 0xb4, 0x8c, 0x53, 0x7c, 0x53, 0x7c, 0x4f, 0x63, 0x4f, 0x63,
    0x93, 0x84, 0x93, 0x84, 0x94, 0x8c, 0x94, 0x8c, 0xb4, 0x8c, 0xb4, 0x8c, 0x94, 0x8c, 0x94, 0x8c, 0x56, 0xa5, 0x56, 0xa5, 0x56, 0xa5, 0x56, 0xa5,
    0x57, 0xa5, 0x57, 0xa5, 0x56, 0xa5, 0x56, 0xa5, 0x56, 0xa5, 0x56, 0xa5, 0x57, 0xa5, 0x57, 0xa5, 0xe6, 0xc0, 0xe6, 0xc0, 0xcb, 0xfa, 0xcb, 0xfa,
    0xc5, 0x08, 0xc5, 0x08, 0xe5, 0x10, 0xe5, 0x10, 0xe5, 0x10, 0xe5, 0x10, 0xc5, 0x10, 0xc5, 0x10, 0xe5, 0x10, 0xe5, 0x10, 0xc5, 0x10, 0xc5, 0x10,
    0xe5, 0x10, 0xe5, 0x10, 0xc5, 0x08, 0xc5, 0x08, 0xc5, 0x08, 0xc5, 0x08, 0xc5, 0x10, 0xc5, 0x10, 0xc5, 0x10, 0xc5, 0x10, 0xc5, 0x08, 0xc5, 0x08,
    0xc5, 0x08, 0xc5, 0x08, 0xc5, 0x08, 0xc5, 0x08, 0xc5, 0x08, 0xc5, 0x08, 0xc5, 0x10, 0xc5, 0x10, 0xc5, 0x10, 0xc5, 0x10, 0xe5, 0x10, 0xe5, 0x10,
    0xc5, 0x08, 0xc5, 0x08, 0xc5, 0x10, 0xc5, 0x10, 0xc5, 0x10, 0xc5, 0x10, 0xc5, 0x10, 0xc5, 0x10, 0x3a, 0xc6, 0x3a, 0xc6, 0x36, 0x9d, 0x36, 0x9d,
    0xb4, 0x8c, 0xb4, 0x8c, 0x77, 0xad, 0x77, 0xad, 0x15, 0x9d, 0x15, 0x9d, 0xf5, 0x94, 0xf5, 0x94, 0xf5, 0x94, 0xf5, 0x94, 0xf5, 0x94, 0xf5, 0x94,
    0xf5, 0x94, 0xf5, 0x94, 0xf5, 0x94, 0xf5, 0x94, 0xf5, 0x94, 0xf5, 0x94, 0xf5, 0x94, 0xf5, 0x94, 0xf5, 0x94, 0xf5, 0x94, 0x15, 0x9d, 0x15, 0x9d,
    0x98, 0xad, 0x98, 0xad, 0x97, 0xad, 0x97, 0xad, 0xb8, 0xad, 0xb8, 0xad, 0xd8, 0xb5, 0xd8, 0xb5, 0xd8, 0xb5, 0xd8, 0xb5, 0xd8, 0xb5, 0xd8, 0xb5,
    0xd8, 0xb5, 0xd8, 0xb5, 0xb8, 0xb5, 0xb8, 0xb5, 0xb8, 0xad, 0xb8, 0xad, 0xb8, 0xb5, 0xb8, 0xb5, 0xb8, 0xad, 0xb8, 0xad, 0xd8, 0xb5, 0xd8, 0xb5,
    0xd8, 0xb5, 0xd8, 0xb5, 0x56, 0xa5, 0x56, 0xa5, 0x56, 0xa5, 0x56, 0xa5, 0x77, 0xa5, 0x77, 0xa5, 0xbf, 0xf7, 0xbf, 0xf7, 0x3d, 0xe7, 0x3d, 0xe7,
    0x1a, 0xbe, 0x1a, 0xbe, 0x5a, 0xc6, 0x5a, 0xc6, 0x7a, 0xc6, 0x7a, 0xc6, 0x7a, 0xc6, 0x7a, 0xc6, 0xdc, 0xd6, 0xdc, 0xd6, 0xfc, 0xde, 0xfc, 0xde,
    0x5a, 0xc6, 0x5a, 0xc6, 0x5a, 0xc6, 0x5a, 0xc6, 0x39, 0xc6, 0x39, 0xc6, 0x77, 0xa5, 0x77, 0xa5, 0xc9, 0x29, 0xc9, 0x29, 0x7d, 0xef, 0x7d, 0xef,
    0x53, 0x84, 0x53, 0x84, 0xc9, 0x31, 0xc9, 0x31, 0x2e, 0x5b, 0x2e, 0x5b, 0x36, 0x9d, 0x36, 0x9d, 0x9b, 0xce, 0x9b, 0xce, 0x9b, 0xce, 0x9b, 0xce,
    0x7b, 0xce, 0x7b, 0xce, 0x7a, 0xc6, 0x7a, 0xc6, 0x5a, 0xc6, 0x5a, 0xc6, 0x7a, 0xc6, 0x7a, 0xc6, 0x7a, 0xc6, 0x7a, 0xc6, 0x7a, 0xc6, 0x7a, 0xc6,
    0x7b, 0xce, 0x7b, 0xce, 0x7b, 0xce, 0x7b, 0xce, 0x7a, 0xce, 0x7a, 0xce, 0x7a, 0xce, 0x7a, 0xce, 0xbb, 0xce, 0xbb, 0xce, 0xbb, 0xd6, 0xbb, 0xd6,
    0x9b, 0xce, 0x9b, 0xce, 0xbb, 0xd6, 0xbb, 0xd6, 0xbb, 0xd6, 0xbb, 0xd6, 0xbb, 0xd6, 0xbb, 0xd6, 0xfc, 0xde, 0xfc, 0xde, 0x5d, 0xef, 0x5d, 0xef,
    0x9e, 0xf7, 0x9e, 0xf7, 0xfc, 0xde, 0xfc, 0xde, 0x57, 0xa5, 0x57, 0xa5, 0xb4, 0x8c, 0xb4, 0x8c, 0x53, 0x7c, 0x53, 0x7c, 0x4f, 0x63, 0x4f, 0x63,
    0x93, 0x84, 0x93, 0x84, 0x94, 0x8c, 0x94, 0x8c, 0xb4, 0x8c, 0xb4, 0x8c, 0x94, 0x8c, 0x94, 0x8c, 0x56, 0xa5, 0x56, 0xa5, 0x56, 0xa5, 0x56, 0xa5,
    0x57, 0xa5, 0x57, 0xa5, 0x56, 0xa5, 0x56, 0xa5, 0x56, 0xa5, 0x56, 0xa5, 0x57, 0xa5, 0x57, 0xa5, 0xe6, 0xc0, 0xe6, 0xc0, 0xcb, 0xfa, 0xcb, 0xfa,
    0xc5, 0x08, 0xc5, 0x08, 0xe5, 0x10, 0xe5, 0x10, 0xe5, 0x10, 0xe5, 0x10, 0xc5, 0x10, 0xc5, 0x10, 0xe5, 0x10, 0xe5, 0x10, 0xc5, 0x10, 0xc5, 0x10,
    0xc5, 0x08, 0xc5, 0x08, 0xc5, 0x10, 0xc5, 0x10, 0xc5, 0x10, 0xc5, 0x10, 0xc5, 0x08, 0xc5, 0x08, 0xc5, 0x10, 0xc5, 0x10, 0xe5, 0x10, 0xe5, 0x10,
    0xc5, 0x10, 0xc5, 0x10, 0xc5, 0x08, 0xc5, 0x08, 0xc5, 0x08, 0xc5, 0x08, 0xc5, 0x08, 0xc5, 0x08, 0xc5, 0x08, 0xc5, 0x08, 0xe5, 0x10, 0xe5, 0x10,
    0xe5, 0x10, 0xe5, 0x10, 0x43, 0x00, 0x43, 0x00, 0x93, 0x8c, 0x93, 0x8c, 0xdc, 0xd6, 0xdc, 0xd6, 0x77, 0xa5, 0x77, 0xa5, 0x16, 0x9d, 0x16, 0x9d,
    0x15, 0x9d, 0x15, 0x9d, 0x15, 0x9d, 0x15, 0x9d, 0xb8, 0xad, 0xb8, 0xad, 0x98, 0xad, 0x98, 0xad, 0xb8, 0xad, 0xb8, 0xad, 0xb8, 0xad, 0xb8, 0xad,
    0xb8, 0xad, 0xb8, 0xad, 0xb8, 0xad, 0xb8, 0xad, 0xb8, 0xad, 0xb8, 0xad, 0xb8, 0xad, 0xb8, 0xad, 0xb8, 0xad, 0xb8, 0xad, 0xb8, 0xb5, 0xb8, 0xb5,
    0xb8, 0xad, 0xb8, 0xad, 0xb8, 0xad, 0xb8, 0xad, 0x36, 0xa5, 0x36, 0xa5, 0x36, 0x9d, 0x36, 0x9d, 0x36, 0x9d, 0x36, 0x9d, 0x36, 0x9d, 0x36, 0x9d,
    0x56, 0xa5, 0x56, 0xa5, 0x36, 0x9d, 0x36, 0x9d, 0x56, 0xa5, 0x56, 0xa5, 0x57, 0xa5, 0x57, 0xa5, 0x77, 0xa5, 0x77, 0xa5, 0x36, 0xa5, 0x36, 0xa5,
    0x7e, 0xef, 0x7e, 0xef, 0xd8, 0xb5, 0xd8, 0xb5, 0x98, 0xad, 0x98, 0xad, 0xb8, 0xad, 0xb8, 0xad, 0xb8, 0xad, 0xb8, 0xad, 0xb8, 0xad, 0xb8, 0xad,
    0xb8, 0xad, 0xb8, 0xad, 0x3a, 0xbe, 0x3a, 0xbe, 0x7e, 0xef, 0x7e, 0xef, 0xac, 0x4a, 0xac, 0x4a, 0xf0, 0x73, 0xf0, 0x73, 0x7e, 0xef, 0x7e, 0xef,
    0x7b, 0xce, 0x7b, 0xce, 0xf9, 0xb5, 0xf9, 0xb5, 0xd8, 0xb5, 0xd8, 0xb5, 0xd8, 0xb5, 0xd8, 0xb5, 0xd8, 0xb5, 0xd8, 0xb5, 0x36, 0xa5, 0x36, 0xa5,
    0x94, 0x8c, 0x94, 0x8c, 0xb0, 0x6b, 0xb0, 0x6b, 0x32, 0x7c, 0x32, 0x7c, 0x39, 0xbe, 0x39, 0xbe, 0x7a, 0xc6, 0x7a, 0xc6, 0x7a, 0xc6, 0x7a, 0xc6,
    0x7a, 0xc6, 0x7a, 0xc6, 0x7a, 0xc6, 0x7a, 0xc6, 0x7a, 0xc6, 0x7a, 0xc6, 0x7a, 0xc6, 0x7a, 0xc6, 0x7b, 0xce, 0x7b, 0xce, 0x9b, 0xce, 0x9b, 0xce,
    0x3d, 0xe7, 0x3d, 0xe7, 0x1c, 0xdf, 0x1c, 0xdf, 0x7a, 0xce, 0x7a, 0xce, 0xd5, 0x94, 0xd5, 0x94, 0x56, 0xa5, 0x56, 0xa5, 0xb4, 0x8c, 0xb4, 0x8c,
    0xb4, 0x8c, 0xb4, 0x8c, 0xb4, 0x8c, 0xb4, 0x8c, 0xb4, 0x8c, 0xb4, 0x8c, 0xb4, 0x8c, 0xb4, 0x8c, 0x36, 0x9d, 0x36, 0x9d, 0x36, 0x9d, 0x36, 0x9d,
    0x36, 0x9d, 0x36, 0x9d, 0x36, 0x9d, 0x36, 0x9d, 0x15, 0x9d, 0x15, 0x9d, 0xa8, 0x29, 0xa8, 0x29, 0xd0, 0x73, 0xd0, 0x73, 0x6f, 0x63, 0x6f, 0x63,
    0x56, 0xa5, 0x56, 0xa5, 0x56, 0xa5, 0x56, 0xa5, 0x36, 0x9d, 0x36, 0x9d, 0x36, 0x9d, 0x36, 0x9d, 0x36, 0x9d, 0x36, 0x9d, 0x36, 0x9d, 0x36, 0x9d,
    0x36, 0xa5, 0x36, 0xa5, 0x56, 0xa5, 0x56, 0xa5, 0x36, 0x9d, 0x36, 0x9d, 0x36, 0x9d, 0x36, 0x9d, 0x62, 0x20, 0x62, 0x20, 0xe5, 0xa0, 0xe5, 0xa0,
    0xc5, 0x10, 0xc5, 0x10, 0xe5, 0x10, 0xe5, 0x10, 0xe5, 0x10, 0xe5, 0x10, 0xe5, 0x10, 0xe5, 0x10, 0xc5, 0x08, 0xc5, 0x08, 0xe5, 0x10, 0xe5, 0x10,
    0xc5, 0x08, 0xc5, 0x08, 0xc5, 0x10, 0xc5, 0x10, 0xc5, 0x10, 0xc5, 0x10, 0xc5, 0x08, 0xc5, 0x08, 0xc5, 0x10, 0xc5, 0x10, 0xe5, 0x10, 0xe5, 0x10,
    0xc5, 0x10, 0xc5, 0x10, 0xc5, 0x08, 0xc5, 0x08, 0xc5, 0x08, 0xc5, 0x08, 0xc5, 0x08, 0xc5, 0x08, 0xc5, 0x08, 0xc5, 0x08, 0xe5, 0x10, 0xe5, 0x10,
    0xe5, 0x10, 0xe5, 0x10, 0x43, 0x00, 0x43, 0x00, 0x93, 0x8c, 0x93, 0x8c, 0xdc, 0xd6, 0xdc, 0xd6, 0x77, 0xa5, 0x77, 0xa5, 0x16, 0x9d, 0x16, 0x9d,
    0x15, 0x9d, 0x15, 0x9d, 0x15, 0x9d, 0x15, 0x9d, 0xb8, 0xad, 0xb8, 0xad, 0x98, 0xad, 0x98, 0xad, 0xb8, 0xad, 0xb8, 0xad, 0xb8, 0xad, 0xb8, 0xad,
    0xb8, 0xad, 0xb8, 0xad, 0xb8, 0xad, 0xb8, 0xad, 0xb8, 0xad, 0xb8, 0xad, 0xb8, 0xad, 0xb8, 0xad, 0xb8, 0xad, 0xb8, 0xad, 0xb8, 0xb5, 0xb8, 0xb5,
    0xb8, 0xad, 0xb8, 0xad, 0xb8, 0xad, 0xb8, 0xad, 0x36, 0xa5, 0x36, 0xa5, 0x36, 0x9d, 0x36, 0x9d, 0x36, 0x9d, 0x36, 0x9d, 0x36, 0x9d, 0x36, 0x9d,
    0x56, 0xa5, 0x56, 0xa5, 0x36, 0x9d, 0x36, 0x9d, 0x56, 0xa5, 0x56, 0xa5, 0x57, 0xa5, 0x57, 0xa5, 0x77, 0xa5, 0x77, 0xa5, 0x36, 0xa5, 0x36, 0xa5,
    0x7e, 0xef, 0x7e, 0xef, 0xd8, 0xb5, 0xd8, 0xb5, 0x98, 0xad, 0x98, 0xad, 0xb8, 0xad, 0xb8, 0xad, 0xb8, 0xad, 0xb8, 0xad, 0xb8, 0xad, 0xb8, 0xad,
    0xb8, 0xad, 0xb8, 0xad, 0x3a, 0xbe, 0x3a, 0xbe, 0x7e, 0xef, 0x7e, 0xef, 0xac, 0x4a, 0xac, 0x4a, 0xf0, 0x73, 0xf0, 0x73, 0x7e, 0xef, 0x7e, 0xef,
    0x7b, 0xce, 0x7b, 0xce, 0xf9, 0xb5, 0xf9, 0xb5, 0xd8, 0xb5, 0xd8, 0xb5, 0xd8, 0xb5, 0xd8, 0xb5, 0xd8, 0xb5, 0xd8, 0xb5, 0x36, 0xa5, 0x36, 0xa5,
    0x94, 0x8c, 0x94, 0x8c, 0xb0, 0x6b, 0xb0, 0x6b, 0x32, 0x7c, 0x32, 0x7c, 0x39, 0xbe, 0x39, 0xbe, 0x7a, 0xc6, 0x7a, 0xc6, 0x7a, 0xc6, 0x7a, 0xc6,
    0x7a, 0xc6, 0x7a, 0xc6, 0x7a, 0xc6, 0x7a, 0xc6, 0x7a, 0xc6, 0x7a, 0xc6, 0x7a, 0xc6, 0x7a, 0xc6, 0x7b, 0xce, 0x7b, 0xce, 0x9b, 0xce, 0x9b, 0xce,
    0x3d, 0xe7, 0x3d, 0xe7, 0x1c, 0xdf, 0x1c, 0xdf, 0x7a, 0xce, 0x7a, 0xce, 0xd5, 0x94, 0xd5, 0x94, 0x56, 0xa5, 0x56, 0xa5, 0xb4, 0x8c, 0xb4, 0x8c,
    0xb4, 0x8c, 0xb4, 0x8c, 0xb4, 0x8c, 0xb4, 0x8c, 0xb4, 0x8c, 0xb4, 0x8c, 0xb4, 0x8c, 0xb4, 0x8c, 0x36, 0x9d, 0x36, 0x9d, 0x36, 0x9d, 0x36, 0x9d,
    0x36, 0x9d, 0x36, 0x9d, 0x36, 0x9d, 0x36, 0x9d, 0x15, 0x9d, 0x15, 0x9d, 0xa8, 0x29, 0xa8, 0x29, 0xd0, 0x73, 0xd0, 0x73, 0x6f, 0x63, 0x6f, 0x63,
    0x56, 0xa5, 0x56, 0xa5, 0x56, 0xa5, 0x56, 0xa5, 0x36, 0x9d, 0x36, 0x9d, 0x36, 0x9d, 0x36, 0x9d, 0x36, 0x9d, 0x36, 0x9d, 0x36, 0x9d, 0x36, 0x9d,
    0x36, 0xa5, 0x36, 0xa5, 0x56, 0xa5, 0x56, 0xa5, 0x36, 0x9d, 0x36, 0x9d, 0x36, 0x9d, 0x36, 0x9d, 0x62, 0x20, 0x62, 0x20, 0xe5, 0xa0, 0xe5, 0xa0,
    0xc5, 0x10, 0xc5, 0x10, 0xe5, 0x10, 0xe5, 0x10, 0xe5, 0x10, 0xe5, 0x10, 0xe5, 0x10, 0xe5, 0x10, 0xc5, 0x08, 0xc5, 0x08, 0xe5, 0x10, 0xe5, 0x10,
    0xe5, 0x10, 0xe5, 0x10, 0xe5, 0x10, 0xe5, 0x10, 0xc5, 0x10, 0xc5, 0x10, 0xe5, 0x10, 0xe5, 0x10, 0xc5, 0x10, 0xc5, 0x10, 0xc5, 0x08, 0xc5, 0x08,
    0xc5, 0x10, 0xc5, 0x10, 0xc5, 0x10, 0xc5, 0x10, 0xc5, 0x10, 0xc5, 0x10, 0xe5, 0x10, 0xe5, 0x10, 0xe5, 0x10, 0xe5, 0x10, 0x97, 0xad, 0x97, 0xad,
    0xf5, 0x94, 0xf5, 0x94, 0x3d, 0xe7, 0x3d, 0xe7, 0x77, 0xa5, 0x77, 0xa5, 0x19, 0xbe, 0x19, 0xbe, 0x3a, 0xbe, 0x3a, 0xbe, 0x3a, 0xbe, 0x3a, 0xbe,
    0x39, 0xbe, 0x39, 0xbe, 0x39, 0xbe, 0x39, 0xbe, 0x19, 0xbe, 0x19, 0xbe, 0x98, 0xad, 0x98, 0xad, 0x56, 0xa5, 0x56, 0xa5, 0x36, 0x9d, 0x36, 0x9d,
    0x36, 0x9d, 0x36, 0x9d, 0x36, 0x9d, 0x36, 0x9d, 0x36, 0x9d, 0x36, 0x9d, 0x36, 0x9d, 0x36, 0x9d, 0x36, 0x9d, 0x36, 0x9d, 0x36, 0x9d, 0x36, 0x9d,
    0x36, 0x9d, 0x36, 0x9d, 0x36, 0x9d, 0x36, 0x9d, 0x36, 0x9d, 0x36, 0x9d, 0x36, 0x9d, 0x36, 0x9d, 0x36, 0x9d, 0x36, 0x9d, 0x36, 0x9d, 0x36, 0x9d,
    0x36, 0x9d, 0x36, 0x9d, 0x56, 0xa5, 0x56, 0xa5, 0xdf, 0xff, 0xdf, 0xff, 0xb8, 0xb5, 0xb8, 0xb5, 0x77, 0xa5, 0x77, 0xa5, 0x77, 0xa5, 0x77, 0xa5,
    0x77, 0xa5, 0x77, 0xa5, 0x77, 0xa5, 0x77, 0xa5, 0x77, 0xa5, 0x77, 0xa5, 0xd8, 0xb5, 0xd8, 0xb5, 0xfc, 0xde, 0xfc, 0xde, 0x67, 0x21, 0x67, 0x21,
    0x1d, 0xdf, 0x1d, 0xdf, 0x7a, 0xc6, 0x7a, 0xc6, 0xbb, 0xd6, 0xbb, 0xd6, 0xdc, 0xd6, 0xdc, 0xd6, 0xbb, 0xce, 0xbb, 0xce, 0x9b, 0xce, 0x9b, 0xce,
    0x19, 0xbe, 0x19, 0xbe, 0xf9, 0xbd, 0xf9, 0xbd, 0xf9, 0xb5, 0xf9, 0xb5, 0xf9, 0xb5, 0xf9, 0xb5, 0xd9, 0xb5, 0xd9, 0xb5, 0x39, 0xbe, 0x39, 0xbe,
    0x36, 0x9d, 0x36, 0x9d, 0xb4, 0x8c, 0xb4, 0x8c, 0x73, 0x84, 0x73, 0x84, 0xb8, 0xad, 0xb8, 0xad, 0x3d, 0xe7, 0x3d, 0xe7, 0x36, 0x9d, 0x36, 0x9d,
    0xd5, 0x94, 0xd5, 0x94, 0x94, 0x8c, 0x94, 0x8c, 0x94, 0x8c, 0x94, 0x8c, 0xb4, 0x8c, 0xb4, 0x8c, 0x93, 0x8c, 0x93, 0x8c, 0x16, 0x9d, 0x16, 0x9d,
    0x36, 0x9d, 0x36, 0x9d, 0x97, 0xad, 0x97, 0xad, 0xcd, 0x52, 0xcd, 0x52, 0x76, 0xa5, 0x76, 0xa5, 0xbb, 0xce, 0xbb, 0xce, 0x36, 0x9d, 0x36, 0x9d,
    0x36, 0x9d, 0x36, 0x9d, 0x36, 0x9d, 0x36, 0x9d, 0x36, 0x9d, 0x36, 0x9d, 0x36, 0x9d, 0x36, 0x9d, 0x36, 0x9d, 0x36, 0x9d, 0x36, 0x9d, 0x36, 0x9d,
    0x36, 0x9d, 0x36, 0x9d, 0x36, 0x9d, 0x36, 0x9d, 0x42, 0x00, 0x42, 0x00, 0xc4, 0x10, 0xc4, 0x10, 0x42, 0x00, 0x42, 0x00, 0xd0, 0x73, 0xd0, 0x73,
    0x36, 0x9d, 0x36, 0x9d, 0x56, 0xa5, 0x56, 0xa5, 0x56, 0x9d, 0x56, 0x9d, 0x36, 0x9d, 0x36, 0x9d, 0x36, 0x9d, 0x36, 0x9d, 0x36, 0x9d, 0x36, 0x9d,
    0x36, 0x9d, 0x36, 0x9d, 0x56, 0x9d, 0x56, 0x9d, 0x93, 0x8c, 0x93, 0x8c, 0x73, 0x84, 0x73, 0x84, 0xf5, 0x94, 0xf5, 0x94, 0xa4, 0xa0, 0xa4, 0xa0,
    0xc5, 0x10, 0xc5, 0x10, 0xe5, 0x08, 0xe5, 0x08, 0xe5, 0x10, 0xe5, 0x10, 0xe5, 0x10, 0xe5, 0x10, 0xc5, 0x10, 0xc5, 0x10, 0xc5, 0x10, 0xc5, 0x10,
    0xe5, 0x10, 0xe5, 0x10, 0xe5, 0x10, 0xe5, 0x10, 0xc5, 0x10, 0xc5, 0x10, 0xe5, 0x10, 0xe5, 0x10, 0xc5, 0x10, 0xc5, 0x10, 0xc5, 0x08, 0xc5, 0x08,
    0xc5, 0x10, 0xc5, 0x10, 0xc5, 0x10, 0xc5, 0x10, 0xc5, 0x10, 0xc5, 0x10, 0xe5, 0x10, 0xe5, 0x10, 0xe5, 0x10, 0xe5, 0x10, 0x97, 0xad, 0x97, 0xad,
    0xf5, 0x94, 0xf5, 0x94, 0x3d, 0xe7, 0x3d, 0xe7, 0x77, 0xa5, 0x77, 0xa5, 0x19, 0xbe, 0x19, 0xbe, 0x3a, 0xbe, 0x3a, 0xbe, 0x3a, 0xbe, 0x3a, 0xbe,
    0x39, 0xbe, 0x39, 0xbe, 0x39, 0xbe, 0x39, 0xbe, 0x19, 0xbe, 0x19, 0xbe, 0x98, 0xad, 0x98, 0xad, 0x56, 0xa5, 0x56, 0xa5, 0x36, 0x9d, 0x36, 0x9d,
    0x36, 0x9d, 0x36, 0x9d, 0x36, 0x9d, 0x36, 0x9d, 0x36, 0x9d, 0x36, 0x9d, 0x36, 0x9d, 0x36, 0x9d, 0x36, 0x9d, 0x36, 0x9d, 0x36, 0x9d, 0x36, 0x9d,
    0x36, 0x9d, 0x36, 0x9d, 0x36, 0x9d, 0x36, 0x9d, 0x36, 0x9d, 0x36, 0x9d, 0x36, 0x9d, 0x36, 0x9d, 0x36, 0x9d, 0x36, 0x9d, 0x36, 0x9d, 0x36, 0x9d,
    0x36, 0x9d, 0x36, 0x9d, 0x56, 0xa5, 0x56, 0xa5, 0xdf, 0xff, 0xdf, 0xff, 0xb8, 0xb5, 0xb8, 0xb5, 0x77, 0xa5, 0x77, 0xa5, 0x77, 0xa5, 0x77, 0xa5,
    0x77, 0xa5, 0x77, 0xa5, 0x77, 0xa5, 0x77, 0xa5, 0x77, 0xa5, 0x77, 0xa5, 0xd8, 0xb5, 0xd8, 0xb5, 0xfc, 0xde, 0xfc, 0xde, 0x67, 0x21, 0x67, 0x21,
    0x1d, 0xdf, 0x1d, 0xdf, 0x7a, 0xc6, 0x7a, 0xc6, 0xbb, 0xd6, 0xbb, 0xd6, 0xdc, 0xd6, 0xdc, 0xd6, 0xbb, 0xce, 0xbb, 0xce, 0x9b, 0xce, 0x9b, 0xce,
    0x19, 0xbe, 0x19, 0xbe, 0xf9, 0xbd, 0xf9, 0xbd, 0xf9, 0xb5, 0xf9, 0xb5, 0xf9, 0xb5, 0xf9, 0xb5, 0xd9, 0xb5, 0xd9, 0xb5, 0x39, 0xbe, 0x39, 0xbe,
    0x36, 0x9d, 0x36, 0x9d, 0xb4, 0x8c, 0xb4, 0x8c, 0x73, 0x84, 0x73, 0x84, 0xb8, 0xad, 0xb8, 0xad, 0x3d, 0xe7, 0x3d, 0xe7, 0x36, 0x9d, 0x36, 0x9d,
    0xd5, 0x94, 0xd5, 0x94, 0x94, 0x8c, 0x94, 0x8c, 0x94, 0x8c, 0x94, 0x8c, 0xb4, 0x8c, 0xb4, 0x8c, 0x93, 0x8c, 0x93, 0x8c, 0x16, 0x9d, 0x16, 0x9d,
    0x36, 0x9d, 0x36, 0x9d, 0x97, 0xad, 0x97, 0xad, 0xcd, 0x52, 0xcd, 0x52, 0x76, 0xa5, 0x76, 0xa5, 0xbb, 0xce, 0xbb, 0xce, 0x36, 0x9d, 0x36, 0x9d,
    0x36, 0x9d, 0x36, 0x9d, 0x36, 0x9d, 0x36, 0x9d, 0x36, 0x9d, 0x36, 0x9d, 0x36, 0x9d, 0x36, 0x9d, 0x36, 0x9d, 0x36, 0x9d, 0x36, 0x9d, 0x36, 0x9d,
    0x36, 0x9d, 0x36, 0x9d, 0x36, 0x9d, 0x36, 0x9d, 0x42, 0x00, 0x42, 0x00, 0xc4, 0x10, 0xc4, 0x10, 0x42, 0x00, 0x42, 0x00, 0xd0, 0x73, 0xd0, 0x73,
    0x36, 0x9d, 0x36, 0x9d, 0x56, 0xa5, 0x56, 0xa5, 0x56, 0x9d, 0x56, 0x9d, 0x36, 0x9d, 0x36, 0x9d, 0x36, 0x9d, 0x36, 0x9d, 0x36, 0x9d, 0x36, 0x9d,
    0x36, 0x9d, 0x36, 0x9d, 0x56, 0x9d, 0x56, 0x9d, 0x93, 0x8c, 0x93, 0x8c, 0x73, 0x84, 0x73, 0x84, 0xf5, 0x94, 0xf5, 0x94, 0xa4, 0xa0, 0xa4, 0xa0,
    0xc5, 0x10, 0xc5, 0x10, 0xe5, 0x08, 0xe5, 0x08, 0xe5, 0x10, 0xe5, 0x10, 0xe5, 0x10, 0xe5, 0x10, 0xc5, 0x10, 0xc5, 0x10, 0xc5, 0x10, 0xc5, 0x10,
    0xc5, 0x08, 0xc5, 0x08, 0xc5, 0x08, 0xc5, 0x08, 0xc5, 0x08, 0xc5, 0x08, 0xc5, 0x08, 0xc5, 0x08, 0xc5, 0x08, 0xc5, 0x08, 0xc5, 0x08, 0xc5, 0x08,
    0xc5, 0x08, 0xc5, 0x08, 0xc5, 0x08, 0xc5, 0x08, 0xc5, 0x10, 0xc5, 0x10, 0x39, 0xbe, 0x39, 0xbe, 0x97, 0xad, 0x97, 0xad, 0x94, 0x8c, 0x94, 0x8c,
    0xd8, 0xb5, 0xd8, 0xb5, 0x7a, 0xce, 0x7a, 0xce, 0x7b, 0xce, 0x7b, 0xce, 0x9b, 0xce, 0x9b, 0xce, 0x77, 0xa5, 0x77, 0xa5, 0x97, 0xad, 0x97, 0xad,
    0xb8, 0xad, 0xb8, 0xad, 0x36, 0x9d, 0x36, 0x9d, 0x36, 0x9d, 0x36, 0x9d, 0x36, 0x9d, 0x36, 0x9d, 0x36, 0x9d, 0x36, 0x9d, 0x36, 0x9d, 0x36, 0x9d,
    0x36, 0x9d, 0x36, 0x9d, 0x36, 0x9d, 0x36, 0x9d, 0x36, 0x9d, 0x36, 0x9d, 0x36, 0x9d, 0x36, 0x9d, 0x36, 0x9d, 0x36, 0x9d, 0x56, 0x9d, 0x56, 0x9d,
    0x56, 0xa5, 0x56, 0xa5, 0x36, 0x9d, 0x36, 0x9d, 0x56, 0xa5, 0x56, 0xa5, 0x98, 0xad, 0x98, 0xad, 0xd8, 0xb5, 0xd8, 0xb5, 0xb8, 0xad, 0xb8, 0xad,
    0x77, 0xa5, 0x77, 0xa5, 0x97, 0xa5, 0x97, 0xa5, 0x77, 0xa5, 0x77, 0xa5, 0x77, 0xa5, 0x77, 0xa5, 0x77, 0xa5, 0x77, 0xa5, 0x77, 0xa5, 0x77, 0xa5,
    0x19, 0xbe, 0x19, 0xbe, 0xff, 0xff, 0xff, 0xff, 0xc9, 0x31, 0xc9, 0x31, 0x3a, 0xc6, 0x3a, 0xc6, 0x5a, 0xc6, 0x5a, 0xc6, 0xdc, 0xd6, 0xdc, 0xd6,
    0xdc, 0xd6, 0xdc, 0xd6, 0xdc, 0xd6, 0xdc, 0xd6, 0xdc, 0xd6, 0xdc, 0xd6, 0xdc, 0xd6, 0xdc, 0xd6, 0x9b, 0xce, 0x9b, 0xce, 0x1c, 0xdf, 0x1c, 0xdf,
    0x3d, 0xe7, 0x3d, 0xe7, 0x36, 0x9d, 0x36, 0x9d, 0x94, 0x8c, 0x94, 0x8c, 0x93, 0x84, 0x93, 0x84, 0xb4, 0x8c, 0xb4, 0x8c, 0x93, 0x8c, 0x93, 0x8c,
    0x73, 0x8c, 0x73, 0x8c, 0x93, 0x84, 0x93, 0x84, 0xb4, 0x8c, 0xb4, 0x8c, 0x56, 0xa5, 0x56, 0xa5, 0x36, 0x9d, 0x36, 0x9d, 0x36, 0x9d, 0x36, 0x9d,
    0x36, 0x9d, 0x36, 0x9d, 0x36, 0x9d, 0x36, 0x9d, 0x36, 0x9d, 0x36, 0x9d, 0x36, 0x9d, 0x36, 0x9d, 0x36, 0x9d, 0x36, 0x9d, 0x36, 0x9d, 0x36, 0x9d,
    0x32, 0x7c, 0x32, 0x7c, 0xbf, 0xf7, 0xbf, 0xf7, 0x93, 0x84, 0x93, 0x84, 0x73, 0x84, 0x73, 0x84, 0x6b, 0x42, 0x6b, 0x42, 0x56, 0xa5, 0x56, 0xa5,
    0x56, 0xa5, 0x56, 0xa5, 0xd4, 0x94, 0xd4, 0x94, 0x93, 0x84, 0x93, 0x84, 0x94, 0x8c, 0x94, 0x8c, 0x94, 0x8c, 0x94, 0x8c, 0x93, 0x8c, 0x93, 0x8c,
    0x94, 0x8c, 0x94, 0x8c, 0x93, 0x8c, 0x93, 0x8c, 0x73, 0x84, 0x73, 0x84, 0x9e, 0xef, 0x9e, 0xef, 0xb4, 0x8c, 0xb4, 0x8c, 0xf5, 0x94, 0xf5, 0x94,
    0x36, 0x9d, 0x36, 0x9d, 0xd8, 0xb5, 0xd8, 0xb5, 0x5a, 0xc6, 0x5a, 0xc6, 0x7a, 0xc6, 0x7a, 0xc6, 0x36, 0x9d, 0x36, 0x9d, 0x56, 0x9d, 0x56, 0x9d,
    0x73, 0x84, 0x73, 0x84, 0x73, 0x84, 0x73, 0x84, 0x73, 0x84, 0x73, 0x84, 0x53, 0x84, 0x53, 0x84, 0x94, 0x84, 0x94, 0x84, 0x00, 0x10, 0x00, 0x10,
    0xc5, 0x10, 0xc5, 0x10, 0xc5, 0x10, 0xc5, 0x10, 0xe5, 0x10, 0xe5, 0x10, 0xc5, 0x08, 0xc5, 0x08, 0xc5, 0x10, 0xc5, 0x10, 0xe5, 0x10, 0xe5, 0x10,
    0xc5, 0x08, 0xc5, 0x08, 0xc5, 0x08, 0xc5, 0x08, 0xc5, 0x08, 0xc5, 0x08, 0xc5, 0x08, 0xc5, 0x08, 0xc5, 0x08, 0xc5, 0x08, 0xc5, 0x08, 0xc5, 0x08,
    0xc5, 0x08, 0xc5, 0x08, 0xc5, 0x08, 0xc5, 0x08, 0xc5, 0x10, 0xc5, 0x10, 0x39, 0xbe, 0x39, 0xbe, 0x97, 0xad, 0x97, 0xad, 0x94, 0x8c, 0x94, 0x8c,
    0xd8, 0xb5, 0xd8, 0xb5, 0x7a, 0xce, 0x7a, 0xce, 0x7b, 0xce, 0x7b, 0xce, 0x9b, 0xce, 0x9b, 0xce, 0x77, 0xa5, 0x77, 0xa5, 0x97, 0xad, 0x97, 0xad,
    0xb8, 0xad, 0xb8, 0xad, 0x36, 0x9d, 0x36, 0x9d, 0x36, 0x9d, 0x36, 0x9d, 0x36, 0x9d, 0x36, 0x9d, 0x36, 0x9d, 0x36, 0x9d, 0x36, 0x9d, 0x36, 0x9d,
    0x36, 0x9d, 0x36, 0x9d, 0x36, 0x9d, 0x36, 0x9d, 0x36, 0x9d, 0x36, 0x9d, 0x36, 0x9d, 0x36, 0x9d, 0x36, 0x9d, 0x36, 0x9d, 0x56, 0x9d, 0x56, 0x9d,
    0x56, 0xa5, 0x56, 0xa5, 0x36, 0x9d, 0x36, 0x9d, 0x56, 0xa5, 0x56, 0xa5, 0x98, 0xad, 0x98, 0xad, 0xd8, 0xb5, 0xd8, 0xb5, 0xb8, 0xad, 0xb8, 0xad,
    0x77, 0xa5, 0x77, 0xa5, 0x97, 0xa5, 0x97, 0xa5, 0x77, 0xa5, 0x77, 0xa5, 0x77, 0xa5, 0x77, 0xa5, 0x77, 0xa5, 0x77, 0xa5, 0x77, 0xa5, 0x77, 0xa5,
    0x19, 0xbe, 0x19, 0xbe, 0xff, 0xff, 0xff, 0xff, 0xc9, 0x31, 0xc9, 0x31, 0x3a, 0xc6, 0x3a, 0xc6, 0x5a, 0xc6, 0x5a, 0xc6, 0xdc, 0xd6, 0xdc, 0xd6,
    0xdc, 0xd6, 0xdc, 0xd6, 0xdc, 0xd6, 0xdc, 0xd6, 0xdc, 0xd6, 0xdc, 0xd6, 0xdc, 0xd6, 0xdc, 0xd6, 0x9b, 0xce, 0x9b, 0xce, 0x1c, 0xdf, 0x1c, 0xdf,
    0x3d, 0xe7, 0x3d, 0xe7, 0x36, 0x9d, 0x36, 0x9d, 0x94, 0x8c, 0x94, 0x8c, 0x93, 0x84, 0x93, 0x84, 0xb4, 0x8c, 0xb4, 0x8c, 0x93, 0x8c, 0x93, 0x8c,
    0x73, 0x8c, 0x73, 0x8c, 0x93, 0x84, 0x93, 0x84, 0xb4, 0x8c, 0xb4, 0x8c, 0x56, 0xa5, 0x56, 0xa5, 0x36, 0x9d, 0x36, 0x9d, 0x36, 0x9d, 0x36, 0x9d,
    0x36, 0x9d, 0x36, 0x9d, 0x36, 0x9d, 0x36, 0x9d, 0x36, 0x9d, 0x36, 0x9d, 0x36, 0x9d, 0x36, 0x9d, 0x36, 0x9d, 0x36, 0x9d, 0x36, 0x9d, 0x36, 0x9d,
    0x32, 0x7c, 0x32, 0x7c, 0xbf, 0xf7, 0xbf, 0xf7, 0x93, 0x84, 0x93, 0x84, 0x73, 0x84, 0x73, 0x84, 0x6b, 0x42, 0x6b, 0x42, 0x56, 0xa5, 0x56, 0xa5,
    0x56, 0xa5, 0x56, 0xa5, 0xd4, 0x94, 0xd4, 0x94, 0x93, 0x84, 0x93, 0x84, 0x94, 0x8c, 0x94, 0x8c, 0x94, 0x8c, 0x94, 0x8c, 0x93, 0x8c, 0x93, 0x8c,
    0x94, 0x8c, 0x94, 0x8c, 0x93, 0x8c, 0x93, 0x8c, 0x73, 0x84, 0x73, 0x84, 0x9e, 0xef, 0x9e, 0xef, 0xb4, 0x8c, 0xb4, 0x8c, 0xf5, 0x94, 0xf5, 0x94,
    0x36, 0x9d, 0x36, 0x9d, 0xd8, 0xb5, 0xd8, 0xb5, 0x5a, 0xc6, 0x5a, 0xc6, 0x7a, 0xc6, 0x7a, 0xc6, 0x36, 0x9d, 0x36, 0x9d, 0x56, 0x9d, 0x56, 0x9d,
    0x73, 0x84, 0x73, 0x84, 0x73, 0x84, 0x73, 0x84, 0x73, 0x84, 0x73, 0x84, 0x53, 0x84, 0x53, 0x84, 0x94, 0x84, 0x94, 0x84, 0x00, 0x10, 0x00, 0x10,
    0xc5, 0x10, 0xc5, 0x10, 0xc5, 0x10, 0xc5, 0x10, 0xe5, 0x10, 0xe5, 0x10, 0xc5, 0x08, 0xc5, 0x08, 0xc5, 0x10, 0xc5, 0x10, 0xe5, 0x10, 0xe5, 0x10,
    0xc5, 0x10, 0xc5, 0x10, 0xc5, 0x08, 0xc5, 0x08, 0xc5, 0x08, 0xc5, 0x08, 0xe5, 0x08, 0xe5, 0x08, 0xc5, 0x08, 0xc5, 0x08, 0xc5, 0x08, 0xc5, 0x08,
    0xc5, 0x08, 0xc5, 0x08, 0xc5, 0x08, 0xc5, 0x08, 0xa4, 0x08, 0xa4, 0x08, 0xbf, 0xf7, 0xbf, 0xf7, 0x7a, 0xce, 0x7a, 0xce, 0x7d, 0xef, 0x7d, 0xef,
    0xdc, 0xd6, 0xdc, 0xd6, 0xbb, 0xd6, 0xbb, 0xd6, 0x9b, 0xce, 0x9b, 0xce, 0x9b, 0xce, 0x9b, 0xce, 0xbb, 0xd6, 0xbb, 0xd6, 0x9b, 0xce, 0x9b, 0xce,
    0x9b, 0xce, 0x9b, 0xce, 0x9b, 0xce, 0x9b, 0xce, 0x7a, 0xc6, 0x7a, 0xc6, 0x5a, 0xc6, 0x5a, 0xc6, 0x5a, 0xc6, 0x5a, 0xc6, 0x7a, 0xce, 0x7a, 0xce,
    0x7b, 0xce, 0x7b, 0xce, 0x9b, 0xce, 0x9b, 0xce, 0x7a, 0xc6, 0x7a, 0xc6, 0x7a, 0xce, 0x7a, 0xce, 0x5a, 0xc6, 0x5a, 0xc6, 0x7a, 0xce, 0x7a, 0xce,
    0x7a, 0xc6, 0x7a, 0xc6, 0x5a, 0xc6, 0x5a, 0xc6, 0x5a, 0xc6, 0x5a, 0xc6, 0xd8, 0xb5, 0xd8, 0xb5, 0x7a, 0xce, 0x7a, 0xce, 0xb8, 0xad, 0xb8, 0xad,
    0x19, 0xbe, 0x19, 0xbe, 0x19, 0xb6, 0x19, 0xb6, 0x5a, 0xc6, 0x5a, 0xc6, 0x7b, 0xce, 0x7b, 0xce, 0xbc, 0xd6, 0xbc, 0xd6, 0xbf, 0xf7, 0xbf, 0xf7,
    0x3a, 0xbe, 0x3a, 0xbe, 0x3a, 0xbe, 0x3a, 0xbe, 0x39, 0xbe, 0x39, 0xbe, 0xdc, 0xd6, 0xdc, 0xd6, 0xbb, 0xd6, 0xbb, 0xd6, 0x7e, 0xef, 0x7e, 0xef,
    0xbb, 0xce, 0xbb, 0xce, 0xd8, 0xb5, 0xd8, 0xb5, 0x19, 0xbe, 0x19, 0xbe, 0x5d, 0xe7, 0x5d, 0xe7, 0xfc, 0xde, 0xfc, 0xde, 0xbb, 0xd6, 0xbb, 0xd6,
    0x5a, 0xc6, 0x5a, 0xc6, 0xf9, 0xb5, 0xf9, 0xb5, 0xb8, 0xad, 0xb8, 0xad, 0x36, 0x9d, 0x36, 0x9d, 0x36, 0x9d, 0x36, 0x9d, 0x36, 0x9d, 0x36, 0x9d,
    0x36, 0xa5, 0x36, 0xa5, 0x36, 0x9d, 0x36, 0x9d, 0x36, 0x9d, 0x36, 0x9d, 0x36, 0x9d, 0x36, 0x9d, 0x36, 0x9d, 0x36, 0x9d, 0x36, 0x9d, 0x36, 0x9d,
    0x36, 0x9d, 0x36, 0x9d, 0x36, 0x9d, 0x36, 0x9d, 0x56, 0xa5, 0x56, 0xa5, 0x36, 0x9d, 0x36, 0x9d, 0xd5, 0x94, 0xd5, 0x94, 0x73, 0x84, 0x73, 0x84,
    0x93, 0x8c, 0x93, 0x8c, 0x73, 0x84, 0x73, 0x84, 0xd8, 0xb5, 0xd8, 0xb5, 0x73, 0x84, 0x73, 0x84, 0x2e, 0x5b, 0x2e, 0x5b, 0x93, 0x8c, 0x93, 0x8c,
    0x94, 0x8c, 0x94, 0x8c, 0x93, 0x8c, 0x93, 0x8c, 0x93, 0x8c, 0x93, 0x8c, 0x93, 0x8c, 0x93, 0x8c, 0x93, 0x8c, 0x93, 0x8c, 0x93, 0x84, 0x93, 0x84,
    0x73, 0x84, 0x73, 0x84, 0x93, 0x84, 0x93, 0x84, 0x93, 0x8c, 0x93, 0x8c, 0x93, 0x84, 0x93, 0x84, 0x94, 0x8c, 0x94, 0x8c, 0x36, 0x9d, 0x36, 0x9d,
    0x5a, 0xc6, 0x5a, 0xc6, 0x9b, 0xce, 0x9b, 0xce, 0x5a, 0xc6, 0x5a, 0xc6, 0x7a, 0xc6, 0x7a, 0xc6, 0x3a, 0xbe, 0x3a, 0xbe, 0x77, 0xa5, 0x77, 0xa5,
    0x73, 0x84, 0x73, 0x84, 0x32, 0x7c, 0x32, 0x7c, 0x52, 0x7c, 0x52, 0x7c, 0x52, 0x84, 0x52, 0x84, 0x32, 0x7c, 0x32, 0x7c, 0x36, 0x9d, 0x36, 0x9d,
    0xc5, 0x10, 0xc5, 0x10, 0xc5, 0x10, 0xc5, 0x10, 0xe5, 0x10, 0xe5, 0x10, 0xc5, 0x10, 0xc5, 0x10, 0xe5, 0x10, 0xe5, 0x10, 0xe5, 0x10, 0xe5, 0x10,
    0xc5, 0x10, 0xc5, 0x10, 0xc5, 0x08, 0xc5, 0x08, 0xc5, 0x08, 0xc5, 0x08, 0xe5, 0x08, 0xe5, 0x08, 0xc5, 0x08, 0xc5, 0x08, 0xc5, 0x08, 0xc5, 0x08,
    0xc5, 0x08, 0xc5, 0x08, 0xc5, 0x08, 0xc5, 0x08, 0xa4, 0x08, 0xa4, 0x08, 0xbf, 0xf7, 0xbf, 0xf7, 0x7a, 0xce, 0x7a, 0xce, 0x7d, 0xef, 0x7d, 0xef,
    0xdc, 0xd6, 0xdc, 0xd6, 0xbb, 0xd6, 0xbb, 0xd6, 0x9b, 0xce, 0x9b, 0xce, 0x9b, 0xce, 0x9b, 0xce, 0xbb, 0xd6, 0xbb, 0xd6, 0x9b, 0xce, 0x9b, 0xce,
    0x9b, 0xce, 0x9b, 0xce, 0x9b, 0xce, 0x9b, 0xce, 0x7a, 0xc6, 0x7a, 0xc6, 0x5a, 0xc6, 0x5a, 0xc6, 0x5a, 0xc6, 0x5a, 0xc6, 0x7a, 0xce, 0x7a, 0xce,
    0x7b, 0xce, 0x7b, 0xce, 0x9b, 0xce, 0x9b, 0xce, 0x7a, 0xc6, 0x7a, 0xc6, 0x7a, 0xce, 0x7a, 0xce, 0x5a, 0xc6, 0x5a, 0xc6, 0x7a, 0xce, 0x7a, 0xce,
    0x7a, 0xc6, 0x7a, 0xc6, 0x5a, 0xc6, 0x5a, 0xc6, 0x5a, 0xc6, 0x5a, 0xc6, 0xd8, 0xb5, 0xd8, 0xb5, 0x7a, 0xce, 0x7a, 0xce, 0xb8, 0xad, 0xb8, 0xad,
    0x19, 0xbe, 0x19, 0xbe, 0x19, 0xb6, 0x19, 0xb6, 0x5a, 0xc6, 0x5a, 0xc6, 0x7b, 0xce, 0x7b, 0xce, 0xbc, 0xd6, 0xbc, 0xd6, 0xbf, 0xf7, 0xbf, 0xf7,
    0x3a, 0xbe, 0x3a, 0xbe, 0x3a, 0xbe, 0x3a, 0xbe, 0x39, 0xbe, 0x39, 0xbe, 0xdc, 0xd6, 0xdc, 0xd6, 0xbb, 0xd6, 0xbb, 0xd6, 0x7e, 0xef, 0x7e, 0xef,
    0xbb, 0xce, 0xbb, 0xce, 0xd8, 0xb5, 0xd8, 0xb5, 0x19, 0xbe, 0x19, 0xbe, 0x5d, 0xe7, 0x5d, 0xe7, 0xfc, 0xde, 0xfc, 0xde, 0xbb, 0xd6, 0xbb, 0xd6,
    0x5a, 0xc6, 0x5a, 0xc6, 0xf9, 0xb5, 0xf9, 0xb5, 0xb8, 0xad, 0xb8, 0xad, 0x36, 0x9d, 0x36, 0x9d, 0x36, 0x9d, 0x36, 0x9d, 0x36, 0x9d, 0x36, 0x9d,
    0x36, 0xa5, 0x36, 0xa5, 0x36, 0x9d, 0x36, 0x9d, 0x36, 0x9d, 0x36, 0x9d, 0x36, 0x9d, 0x36, 0x9d, 0x36, 0x9d, 0x36, 0x9d, 0x36, 0x9d, 0x36, 0x9d,
    0x36, 0x9d, 0x36, 0x9d, 0x36, 0x9d, 0x36, 0x9d, 0x56, 0xa5, 0x56, 0xa5, 0x36, 0x9d, 0x36, 0x9d, 0xd5, 0x94, 0xd5, 0x94, 0x73, 0x84, 0x73, 0x84,
    0x93, 0x8c, 0x93, 0x8c, 0x73, 0x84, 0x73, 0x84, 0xd8, 0xb5, 0xd8, 0xb5, 0x73, 0x84, 0x73, 0x84, 0x2e, 0x5b, 0x2e, 0x5b, 0x93, 0x8c, 0x93, 0x8c,
    0x94, 0x8c, 0x94, 0x8c, 0x93, 0x8c, 0x93, 0x8c, 0x93, 0x8c, 0x93, 0x8c, 0x93, 0x8c, 0x93, 0x8c, 0x93, 0x8c, 0x93, 0x8c, 0x93, 0x84, 0x93, 0x84,
    0x73, 0x84, 0x73, 0x84, 0x93, 0x84, 0x93, 0x84, 0x93, 0x8c, 0x93, 0x8c, 0x93, 0x84, 0x93, 0x84, 0x94, 0x8c, 0x94, 0x8c, 0x36, 0x9d, 0x36, 0x9d,
    0x5a, 0xc6, 0x5a, 0xc6, 0x9b, 0xce, 0x9b, 0xce, 0x5a, 0xc6, 0x5a, 0xc6, 0x7a, 0xc6, 0x7a, 0xc6, 0x3a, 0xbe, 0x3a, 0xbe, 0x77, 0xa5, 0x77, 0xa5,
    0x73, 0x84, 0x73, 0x84, 0x32, 0x7c, 0x32, 0x7c, 0x52, 0x7c, 0x52, 0x7c, 0x52, 0x84, 0x52, 0x84, 0x32, 0x7c, 0x32, 0x7c, 0x36, 0x9d, 0x36, 0x9d,
    0xc5, 0x10, 0xc5, 0x10, 0xc5, 0x10, 0xc5, 0x10, 0xe5, 0x10, 0xe5, 0x10, 0xc5, 0x10, 0xc5, 0x10, 0xe5, 0x10, 0xe5, 0x10, 0xe5, 0x10, 0xe5, 0x10,
    0xc5, 0x10, 0xc5, 0x10, 0xc5, 0x08, 0xc5, 0x08, 0xc5, 0x10, 0xc5, 0x10, 0xc5, 0x10, 0xc5, 0x10, 0xc5, 0x08, 0xc5, 0x08, 0xc5, 0x08, 0xc5, 0x08,
    0xc5, 0x08, 0xc5, 0x08, 0xc5, 0x10, 0xc5, 0x10, 0xfc, 0xd6, 0xfc, 0xd6, 0x6c, 0x3a, 0x6c, 0x3a, 0x62, 0x08, 0x62, 0x08, 0xff, 0xff, 0xff, 0xff,
    0xb5, 0x84, 0xb5, 0x84, 0xb1, 0x6b, 0xb1, 0x6b, 0x0e, 0x53, 0x0e, 0x53, 0x4f, 0x5b, 0x4f, 0x5b, 0x2e, 0x5b, 0x2e, 0x5b, 0x0a, 0x32, 0x0a, 0x32,
    0xed, 0x52, 0xed, 0x52, 0x4b, 0x3a, 0x4b, 0x3a, 0x4b, 0x42, 0x4b, 0x42, 0x0a, 0x32, 0x0a, 0x32, 0x47, 0x19, 0x47, 0x19, 0x26, 0x19, 0x26, 0x19,
    0x01, 0x00, 0x01, 0x00, 0x21, 0x00, 0x21, 0x00, 0x00, 0x00, 0x00, 0x00, 0x01, 0x00, 0x01, 0x00, 0x00, 0x00, 0x00, 0x00, 0x00, 0x00, 0x00, 0x00,
    0x20, 0x08, 0x20, 0x08, 0xa8, 0x31, 0xa8, 0x31, 0xff, 0xff, 0xff, 0xff, 0x83, 0x08, 0x83, 0x08, 0x20, 0x00, 0x20, 0x00, 0x21, 0x00, 0x21, 0x00,
    0xa3, 0x08, 0xa3, 0x08, 0x21, 0x00, 0x21, 0x00, 0x62, 0x00, 0x62, 0x00, 0x63, 0x00, 0x63, 0x00, 0x83, 0x08, 0x83, 0x08, 0x62, 0x08, 0x62, 0x08,
    0x41, 0x00, 0x41, 0x00, 0x63, 0x00, 0x63, 0x00, 0x9e, 0xf7, 0x9e, 0xf7, 0x77, 0xa5, 0x77, 0xa5, 0x77, 0xa5, 0x77, 0xa5, 0xf9, 0xb5, 0xf9, 0xb5,
    0x19, 0xbe, 0x19, 0xbe, 0x9b, 0xce, 0x9b, 0xce, 0xbf, 0xf7, 0xbf, 0xf7, 0xfc, 0xde, 0xfc, 0xde, 0xfc, 0xde, 0xfc, 0xde, 0xbb, 0xd6, 0xbb, 0xd6,
    0x5a, 0xc6, 0x5a, 0xc6, 0x19, 0xbe, 0x19, 0xbe, 0x19, 0xbe, 0x19, 0xbe, 0x36, 0x9d, 0x36, 0x9d, 0x36, 0x9d, 0x36, 0x9d, 0x16, 0x9d, 0x16, 0x9d,
    0x56, 0xa5, 0x56, 0xa5, 0x36, 0x9d, 0x36, 0x9d, 0xf5, 0x94, 0xf5, 0x94, 0x93, 0x8c, 0x93, 0x8c, 0x73, 0x84, 0x73, 0x84, 0x93, 0x8c, 0x93, 0x8c,
    0x94, 0x8c, 0x94, 0x8c, 0x94, 0x8c, 0x94, 0x8c, 0x93, 0x8c, 0x93, 0x8c, 0x93, 0x8c, 0x93, 0x8c, 0x93, 0x84, 0x93, 0x84, 0x73, 0x84, 0x73, 0x84,
    0x93, 0x84, 0x93, 0x84, 0x73, 0x84, 0x73, 0x84, 0x73, 0x84, 0x73, 0x84, 0x93, 0x84, 0x93, 0x84, 0x2e, 0x5b, 0x2e, 0x5b, 0x73, 0x84, 0x73, 0x84,
    0x73, 0x84, 0x73, 0x84, 0x73, 0x84, 0x73, 0x84, 0x94, 0x8c, 0x94, 0x8c, 0x94, 0x8c, 0x94, 0x8c, 0x93, 0x84, 0x93, 0x84, 0x94, 0x8c, 0x94, 0x8c,
    0x93, 0x8c, 0x93, 0x8c, 0x93, 0x84, 0x93, 0x84, 0x73, 0x84, 0x73, 0x84, 0x73, 0x84, 0x73, 0x84, 0xd4, 0x94, 0xd4, 0x94, 0x56, 0xa5, 0x56, 0xa5,
    0x5a, 0xc6, 0x5a, 0xc6, 0x7a, 0xc6, 0x7a, 0xc6, 0x9b, 0xce, 0x9b, 0xce, 0x12, 0x7c, 0x12, 0x7c, 0xfc, 0xde, 0xfc, 0xde, 0xd8, 0xb5, 0xd8, 0xb5,
    0x57, 0xa5, 0x57, 0xa5, 0x32, 0x7c, 0x32, 0x7c, 0x32, 0x7c, 0x32, 0x7c, 0x32, 0x7c, 0x32, 0x7c, 0x52, 0x7c, 0x52, 0x7c, 0x73, 0x84, 0x73, 0x84,
    0xe5, 0x10, 0xe5, 0x10, 0xe5, 0x10, 0xe5, 0x10, 0xc5, 0x08, 0xc5, 0x08, 0xc5, 0x10, 0xc5, 0x10, 0xc5, 0x10, 0xc5, 0x10, 0xc5, 0x10, 0xc5, 0x10,
    0xc5, 0x10, 0xc5, 0x10, 0xc5, 0x08, 0xc5, 0x08, 0xc5, 0x10, 0xc5, 0x10, 0xc5, 0x10, 0xc5, 0x10, 0xc5, 0x08, 0xc5, 0x08, 0xc5, 0x08, 0xc5, 0x08,
    0xc5, 0x08, 0xc5, 0x08, 0xc5, 0x10, 0xc5, 0x10, 0xfc, 0xd6, 0xfc, 0xd6, 0x6c, 0x3a, 0x6c, 0x3a, 0x62, 0x08, 0x62, 0x08, 0xff, 0xff, 0xff, 0xff,
    0xb5, 0x84, 0xb5, 0x84, 0xb1, 0x6b, 0xb1, 0x6b, 0x0e, 0x53, 0x0e, 0x53, 0x4f, 0x5b, 0x4f, 0x5b, 0x2e, 0x5b, 0x2e, 0x5b, 0x0a, 0x32, 0x0a, 0x32,
    0xed, 0x52, 0xed, 0x52, 0x4b, 0x3a, 0x4b, 0x3a, 0x4b, 0x42, 0x4b, 0x42, 0x0a, 0x32, 0x0a, 0x32, 0x47, 0x19, 0x47, 0x19, 0x26, 0x19, 0x26, 0x19,
    0x01, 0x00, 0x01, 0x00, 0x21, 0x00, 0x21, 0x00, 0x00, 0x00, 0x00, 0x00, 0x01, 0x00, 0x01, 0x00, 0x00, 0x00, 0x00, 0x00, 0x00, 0x00, 0x00, 0x00,
    0x20, 0x08, 0x20, 0x08, 0xa8, 0x31, 0xa8, 0x31, 0xff, 0xff, 0xff, 0xff, 0x83, 0x08, 0x83, 0x08, 0x20, 0x00, 0x20, 0x00, 0x21, 0x00, 0x21, 0x00,
    0xa3, 0x08, 0xa3, 0x08, 0x21, 0x00, 0x21, 0x00, 0x62, 0x00, 0x62, 0x00, 0x63, 0x00, 0x63, 0x00, 0x83, 0x08, 0x83, 0x08, 0x62, 0x08, 0x62, 0x08,
    0x41, 0x00, 0x41, 0x00, 0x63, 0x00, 0x63, 0x00, 0x9e, 0xf7, 0x9e, 0xf7, 0x77, 0xa5, 0x77, 0xa5, 0x77, 0xa5, 0x77, 0xa5, 0xf9, 0xb5, 0xf9, 0xb5,
    0x19, 0xbe, 0x19, 0xbe, 0x9b, 0xce, 0x9b, 0xce, 0xbf, 0xf7, 0xbf, 0xf7, 0xfc, 0xde, 0xfc, 0xde, 0xfc, 0xde, 0xfc, 0xde, 0xbb, 0xd6, 0xbb, 0xd6,
    0x5a, 0xc6, 0x5a, 0xc6, 0x19, 0xbe, 0x19, 0xbe, 0x19, 0xbe, 0x19, 0xbe, 0x36, 0x9d, 0x36, 0x9d, 0x36, 0x9d, 0x36, 0x9d, 0x16, 0x9d, 0x16, 0x9d,
    0x56, 0xa5, 0x56, 0xa5, 0x36, 0x9d, 0x36, 0x9d, 0xf5, 0x94, 0xf5, 0x94, 0x93, 0x8c, 0x93, 0x8c, 0x73, 0x84, 0x73, 0x84, 0x93, 0x8c, 0x93, 0x8c,
    0x94, 0x8c, 0x94, 0x8c, 0x94, 0x8c, 0x94, 0x8c, 0x93, 0x8c, 0x93, 0x8c, 0x93, 0x8c, 0x93, 0x8c, 0x93, 0x84, 0x93, 0x84, 0x73, 0x84, 0x73, 0x84,
    0x93, 0x84, 0x93, 0x84, 0x73, 0x84, 0x73, 0x84, 0x73, 0x84, 0x73, 0x84, 0x93, 0x84, 0x93, 0x84, 0x2e, 0x5b, 0x2e, 0x5b, 0x73, 0x84, 0x73, 0x84,
    0x73, 0x84, 0x73, 0x84, 0x73, 0x84, 0x73, 0x84, 0x94, 0x8c, 0x94, 0x8c, 0x94, 0x8c, 0x94, 0x8c, 0x93, 0x84, 0x93, 0x84, 0x94, 0x8c, 0x94, 0x8c,
    0x93, 0x8c, 0x93, 0x8c, 0x93, 0x84, 0x93, 0x84, 0x73, 0x84, 0x73, 0x84, 0x73, 0x84, 0x73, 0x84, 0xd4, 0x94, 0xd4, 0x94, 0x56, 0xa5, 0x56, 0xa5,
    0x5a, 0xc6, 0x5a, 0xc6, 0x7a, 0xc6, 0x7a, 0xc6, 0x9b, 0xce, 0x9b, 0xce, 0x12, 0x7c, 0x12, 0x7c, 0xfc, 0xde, 0xfc, 0xde, 0xd8, 0xb5, 0xd8, 0xb5,
    0x57, 0xa5, 0x57, 0xa5, 0x32, 0x7c, 0x32, 0x7c, 0x32, 0x7c, 0x32, 0x7c, 0x32, 0x7c, 0x32, 0x7c, 0x52, 0x7c, 0x52, 0x7c, 0x73, 0x84, 0x73, 0x84,
    0xe5, 0x10, 0xe5, 0x10, 0xe5, 0x10, 0xe5, 0x10, 0xc5, 0x08, 0xc5, 0x08, 0xc5, 0x10, 0xc5, 0x10, 0xc5, 0x10, 0xc5, 0x10, 0xc5, 0x10, 0xc5, 0x10,
    0xc5, 0x10, 0xc5, 0x10, 0xe5, 0x08, 0xe5, 0x08, 0xe5, 0x10, 0xe5, 0x10, 0xc5, 0x10, 0xc5, 0x10, 0xc5, 0x10, 0xc5, 0x10, 0xc5, 0x08, 0xc5, 0x08,
    0xc5, 0x10, 0xc5, 0x10, 0x90, 0x63, 0x90, 0x63, 0xa8, 0x21, 0xa8, 0x21, 0xbb, 0xd6, 0xbb, 0xd6, 0xbf, 0xf7, 0xbf, 0xf7, 0xe4, 0x10, 0xe4, 0x10,
    0x42, 0x00, 0x42, 0x00, 0x42, 0x00, 0x42, 0x00, 0x42, 0x00, 0x42, 0x00, 0x42, 0x00, 0x42, 0x00, 0x42, 0x00, 0x42, 0x00, 0x42, 0x00, 0x42, 0x00,
    0x29, 0x42, 0x29, 0x42, 0xf4, 0x9c, 0xf4, 0x9c, 0xf4, 0x9c, 0xf4, 0x9c, 0xa3, 0x08, 0xa3, 0x08, 0x41, 0x00, 0x41, 0x00, 0x42, 0x00, 0x42, 0x00,
    0x42, 0x00, 0x42, 0x00, 0x42, 0x00, 0x42, 0x00, 0x42, 0x00, 0x42, 0x00, 0x42, 0x00, 0x42, 0x00, 0x42, 0x00, 0x42, 0x00, 0x62, 0x00, 0x62, 0x00,
    0x9a, 0xd6, 0x9a, 0xd6, 0x9e, 0xef, 0x9e, 0xef, 0xe4, 0x18, 0xe4, 0x18, 0xcd, 0x4a, 0xcd, 0x4a, 0x52, 0x84, 0x52, 0x84, 0xb4, 0x84, 0xb4, 0x84,
    0x39, 0xc6, 0x39, 0xc6, 0x0a, 0x2a, 0x0a, 0x2a, 0x67, 0x19, 0x67, 0x19, 0x67, 0x21, 0x67, 0x21, 0xf2, 0x6b, 0xf2, 0x6b, 0xee, 0x4a, 0xee, 0x4a,
    0x9b, 0xce, 0x9b, 0xce, 0x3d, 0xdf, 0x3d, 0xdf, 0x5e, 0xe7, 0x5e, 0xe7, 0x97, 0xad, 0x97, 0xad, 0x97, 0xad, 0x97, 0xad, 0xf9, 0xbd, 0xf9, 0xbd,
    0xdc, 0xd6, 0xdc, 0xd6, 0xdf, 0xff, 0xdf, 0xff, 0xdf, 0xff, 0xdf, 0xff, 0xdf, 0xff, 0xdf, 0xff, 0x32, 0x7c, 0x32, 0x7c, 0x12, 0x7c, 0x12, 0x7c,
    0x12, 0x7c, 0x12, 0x7c, 0x12, 0x7c, 0x12, 0x7c, 0x7a, 0xce, 0x7a, 0xce, 0x97, 0xad, 0x97, 0xad, 0x73, 0x84, 0x73, 0x84, 0x73, 0x84, 0x73, 0x84,
    0xed, 0x52, 0xed, 0x52, 0x73, 0x84, 0x73, 0x84, 0x93, 0x84, 0x93, 0x84, 0x73, 0x84, 0x73, 0x84, 0x73, 0x84, 0x73, 0x84, 0x73, 0x84, 0x73, 0x84,
    0x73, 0x8c, 0x73, 0x8c, 0x93, 0x8c, 0x93, 0x8c, 0x93, 0x8c, 0x93, 0x8c, 0x73, 0x8c, 0x73, 0x8c, 0x73, 0x84, 0x73, 0x84, 0x93, 0x8c, 0x93, 0x8c,
    0x73, 0x84, 0x73, 0x84, 0x73, 0x84, 0x73, 0x84, 0x73, 0x84, 0x73, 0x84, 0x52, 0x84, 0x52, 0x84, 0xcc, 0x4a, 0xcc, 0x4a, 0x12, 0x7c, 0x12, 0x7c,
    0x12, 0x7c, 0x12, 0x7c, 0x12, 0x7c, 0x12, 0x7c, 0x11, 0x7c, 0x11, 0x7c, 0x12, 0x7c, 0x12, 0x7c, 0x11, 0x74, 0x11, 0x74, 0x11, 0x74, 0x11, 0x74,
    0x11, 0x74, 0x11, 0x74, 0x12, 0x7c, 0x12, 0x7c, 0x12, 0x7c, 0x12, 0x7c, 0x73, 0x84, 0x73, 0x84, 0x4a, 0x42, 0x4a, 0x42, 0xf9, 0xb5, 0xf9, 0xb5,
    0x9b, 0xce, 0x9b, 0xce, 0xd0, 0x6b, 0xd0, 0x6b, 0x62, 0x00, 0x62, 0x00, 0x41, 0x00, 0x41, 0x00, 0x41, 0x00, 0x41, 0x00, 0xd1, 0x73, 0xd1, 0x73,
    0x77, 0xad, 0x77, 0xad, 0x32, 0x7c, 0x32, 0x7c, 0x32, 0x7c, 0x32, 0x7c, 0xac, 0x4a, 0xac, 0x4a, 0x35, 0x9d, 0x35, 0x9d, 0x32, 0x7c, 0x32, 0x7c,
    0xe5, 0x10, 0xe5, 0x10, 0xe5, 0x08, 0xe5, 0x08, 0xc5, 0x08, 0xc5, 0x08, 0xc5, 0x08, 0xc5, 0x08, 0xc5, 0x10, 0xc5, 0x10, 0xc5, 0x10, 0xc5, 0x10,
    0xc5, 0x10, 0xc5, 0x10, 0xe5, 0x08, 0xe5, 0x08, 0xe5, 0x10, 0xe5, 0x10, 0xc5, 0x10, 0xc5, 0x10, 0xc5, 0x10, 0xc5, 0x10, 0xc5, 0x08, 0xc5, 0x08,
    0xc5, 0x10, 0xc5, 0x10, 0x90, 0x63, 0x90, 0x63, 0xa8, 0x21, 0xa8, 0x21, 0xbb, 0xd6, 0xbb, 0xd6, 0xbf, 0xf7, 0xbf, 0xf7, 0xe4, 0x10, 0xe4, 0x10,
    0x42, 0x00, 0x42, 0x00, 0x42, 0x00, 0x42, 0x00, 0x42, 0x00, 0x42, 0x00, 0x42, 0x00, 0x42, 0x00, 0x42, 0x00, 0x42, 0x00, 0x42, 0x00, 0x42, 0x00,
    0x29, 0x42, 0x29, 0x42, 0xf4, 0x9c, 0xf4, 0x9c, 0xf4, 0x9c, 0xf4, 0x9c, 0xa3, 0x08, 0xa3, 0x08, 0x41, 0x00, 0x41, 0x00, 0x42, 0x00, 0x42, 0x00,
    0x42, 0x00, 0x42, 0x00, 0x42, 0x00, 0x42, 0x00, 0x42, 0x00, 0x42, 0x00, 0x42, 0x00, 0x42, 0x00, 0x42, 0x00, 0x42, 0x00, 0x62, 0x00, 0x62, 0x00,
    0x9a, 0xd6, 0x9a, 0xd6, 0x9e, 0xef, 0x9e, 0xef, 0xe4, 0x18, 0xe4, 0x18, 0xcd, 0x4a, 0xcd, 0x4a, 0x52, 0x84, 0x52, 0x84, 0xb4, 0x84, 0xb4, 0x84,
    0x39, 0xc6, 0x39, 0xc6, 0x0a, 0x2a, 0x0a, 0x2a, 0x67, 0x19, 0x67, 0x19, 0x67, 0x21, 0x67, 0x21, 0xf2, 0x6b, 0xf2, 0x6b, 0xee, 0x4a, 0xee, 0x4a,
    0x9b, 0xce, 0x9b, 0xce, 0x3d, 0xdf, 0x3d, 0xdf, 0x5e, 0xe7, 0x5e, 0xe7, 0x97, 0xad, 0x97, 0xad, 0x97, 0xad, 0x97, 0xad, 0xf9, 0xbd, 0xf9, 0xbd,
    0xdc, 0xd6, 0xdc, 0xd6, 0xdf, 0xff, 0xdf, 0xff, 0xdf, 0xff, 0xdf, 0xff, 0xdf, 0xff, 0xdf, 0xff, 0x32, 0x7c, 0x32, 0x7c, 0x12, 0x7c, 0x12, 0x7c,
    0x12, 0x7c, 0x12, 0x7c, 0x12, 0x7c, 0x12, 0x7c, 0x7a, 0xce, 0x7a, 0xce, 0x97, 0xad, 0x97, 0xad, 0x73, 0x84, 0x73, 0x84, 0x73, 0x84, 0x73, 0x84,
    0xed, 0x52, 0xed, 0x52, 0x73, 0x84, 0x73, 0x84, 0x93, 0x84, 0x93, 0x84, 0x73, 0x84, 0x73, 0x84, 0x73, 0x84, 0x73, 0x84, 0x73, 0x84, 0x73, 0x84,
    0x73, 0x8c, 0x73, 0x8c, 0x93, 0x8c, 0x93, 0x8c, 0x93, 0x8c, 0x93, 0x8c, 0x73, 0x8c, 0x73, 0x8c, 0x73, 0x84, 0x73, 0x84, 0x93, 0x8c, 0x93, 0x8c,
    0x73, 0x84, 0x73, 0x84, 0x73, 0x84, 0x73, 0x84, 0x73, 0x84, 0x73, 0x84, 0x52, 0x84, 0x52, 0x84, 0xcc, 0x4a, 0xcc, 0x4a, 0x12, 0x7c, 0x12, 0x7c,
    0x12, 0x7c, 0x12, 0x7c, 0x12, 0x7c, 0x12, 0x7c, 0x11, 0x7c, 0x11, 0x7c, 0x12, 0x7c, 0x12, 0x7c, 0x11, 0x74, 0x11, 0x74, 0x11, 0x74, 0x11, 0x74,
    0x11, 0x74, 0x11, 0x74, 0x12, 0x7c, 0x12, 0x7c, 0x12, 0x7c, 0x12, 0x7c, 0x73, 0x84, 0x73, 0x84, 0x4a, 0x42, 0x4a, 0x42, 0xf9, 0xb5, 0xf9, 0xb5,
    0x9b, 0xce, 0x9b, 0xce, 0xd0, 0x6b, 0xd0, 0x6b, 0x62, 0x00, 0x62, 0x00, 0x41, 0x00, 0x41, 0x00, 0x41, 0x00, 0x41, 0x00, 0xd1, 0x73, 0xd1, 0x73,
    0x77, 0xad, 0x77, 0xad, 0x32, 0x7c, 0x32, 0x7c, 0x32, 0x7c, 0x32, 0x7c, 0xac, 0x4a, 0xac, 0x4a, 0x35, 0x9d, 0x35, 0x9d, 0x32, 0x7c, 0x32, 0x7c,
    0xe5, 0x10, 0xe5, 0x10, 0xe5, 0x08, 0xe5, 0x08, 0xc5, 0x08, 0xc5, 0x08, 0xc5, 0x08, 0xc5, 0x08, 0xc5, 0x10, 0xc5, 0x10, 0xc5, 0x10, 0xc5, 0x10,
    0xc5, 0x08, 0xc5, 0x08, 0xc5, 0x08, 0xc5, 0x08, 0xc5, 0x10, 0xc5, 0x10, 0xc5, 0x08, 0xc5, 0x08, 0xc5, 0x10, 0xc5, 0x10, 0xc5, 0x08, 0xc5, 0x08,
    0xc5, 0x10, 0xc5, 0x10, 0x3a, 0xbe, 0x3a, 0xbe, 0x70, 0x63, 0x70, 0x63, 0x88, 0x21, 0x88, 0x21, 0x0e, 0x5b, 0x0e, 0x5b, 0x51, 0x84, 0x51, 0x84,
    0x4e, 0x5b, 0x4e, 0x5b, 0x67, 0x29, 0x67, 0x29, 0xa4, 0x10, 0xa4, 0x10, 0x63, 0x08, 0x63, 0x08, 0x42, 0x08, 0x42, 0x08, 0x62, 0x08, 0x62, 0x08,
    0x83, 0x08, 0x83, 0x08, 0xdf, 0xf7, 0xdf, 0xf7, 0x31, 0x7c, 0x31, 0x7c, 0xa8, 0x31, 0xa8, 0x31, 0x4d, 0x63, 0x4d, 0x63, 0x52, 0x84, 0x52, 0x84,
    0x31, 0x84, 0x31, 0x84, 0x8f, 0x6b, 0x8f, 0x6b, 0x11, 0x7c, 0x11, 0x7c, 0x35, 0x9d, 0x35, 0x9d, 0xdb, 0xd6, 0xdb, 0xd6, 0xb8, 0xb5, 0xb8, 0xb5,
    0xdb, 0xd6, 0xdb, 0xd6, 0x2e, 0x5b, 0x2e, 0x5b, 0xf9, 0xb5, 0xf9, 0xb5, 0x4c, 0x3a, 0x4c, 0x3a, 0xdf, 0xf7, 0xdf, 0xf7, 0x5a, 0xc6, 0x5a, 0xc6,
    0x0d, 0x5b, 0x0d, 0x5b, 0xe9, 0x29, 0xe9, 0x29, 0x47, 0x19, 0x47, 0x19, 0x47, 0x21, 0x47, 0x21, 0xad, 0x42, 0xad, 0x42, 0xb0, 0x6b, 0xb0, 0x6b,
    0x53, 0x7c, 0x53, 0x7c, 0xf5, 0x8c, 0xf5, 0x8c, 0x5d, 0xe7, 0x5d, 0xe7, 0x36, 0x9d, 0x36, 0x9d, 0x77, 0xa5, 0x77, 0xa5, 0xf9, 0xb5, 0xf9, 0xb5,
    0xbb, 0xd6, 0xbb, 0xd6, 0xbf, 0xf7, 0xbf, 0xf7, 0xd8, 0xb5, 0xd8, 0xb5, 0x32, 0x7c, 0x32, 0x7c, 0x62, 0x00, 0x62, 0x00, 0x41, 0x00, 0x41, 0x00,
    0x62, 0x00, 0x62, 0x00, 0x42, 0x00, 0x42, 0x00, 0xb0, 0x6b, 0xb0, 0x6b, 0x77, 0xa5, 0x77, 0xa5, 0xd5, 0x94, 0xd5, 0x94, 0x73, 0x84, 0x73, 0x84,
    0xed, 0x52, 0xed, 0x52, 0x73, 0x84, 0x73, 0x84, 0x73, 0x84, 0x73, 0x84, 0x73, 0x84, 0x73, 0x84, 0x73, 0x84, 0x73, 0x84, 0x73, 0x84, 0x73, 0x84,
    0x73, 0x84, 0x73, 0x84, 0x52, 0x7c, 0x52, 0x7c, 0x32, 0x7c, 0x32, 0x7c, 0x12, 0x7c, 0x12, 0x7c, 0x11, 0x7c, 0x11, 0x7c, 0xf1, 0x73, 0xf1, 0x73,
    0x11, 0x7c, 0x11, 0x7c, 0xf1, 0x73, 0xf1, 0x73, 0x11, 0x74, 0x11, 0x74, 0xf1, 0x73, 0xf1, 0x73, 0xcc, 0x52, 0xcc, 0x52, 0x11, 0x74, 0x11, 0x74,
    0x12, 0x7c, 0x12, 0x7c, 0x12, 0x74, 0x12, 0x74, 0x11, 0x74, 0x11, 0x74, 0x11, 0x74, 0x11, 0x74, 0x11, 0x74, 0x11, 0x74, 0xf1, 0x73, 0xf1, 0x73,
    0x11, 0x7c, 0x11, 0x7c, 0x12, 0x7c, 0x12, 0x7c, 0x12, 0x7c, 0x12, 0x7c, 0x93, 0x8c, 0x93, 0x8c, 0x77, 0xa5, 0x77, 0xa5, 0xd8, 0xb5, 0xd8, 0xb5,
    0xd1, 0x73, 0xd1, 0x73, 0x26, 0x21, 0x26, 0x21, 0x09, 0x3a, 0x09, 0x3a, 0xa8, 0x31, 0xa8, 0x31, 0x67, 0x29, 0x67, 0x29, 0x62, 0x00, 0x62, 0x00,
    0xd1, 0x73, 0xd1, 0x73, 0x73, 0x84, 0x73, 0x84, 0x32, 0x7c, 0x32, 0x7c, 0x12, 0x7c, 0x12, 0x7c, 0x12, 0x7c, 0x12, 0x7c, 0x32, 0x7c, 0x32, 0x7c,
    0xe5, 0x10, 0xe5, 0x10, 0xc5, 0x10, 0xc5, 0x10, 0xc5, 0x08, 0xc5, 0x08, 0xe5, 0x10, 0xe5, 0x10, 0xc5, 0x08, 0xc5, 0x08, 0xc5, 0x08, 0xc5, 0x08,
    0xc5, 0x08, 0xc5, 0x08, 0xc5, 0x08, 0xc5, 0x08, 0xc5, 0x10, 0xc5, 0x10, 0xc5, 0x08, 0xc5, 0x08, 0xc5, 0x10, 0xc5, 0x10, 0xc5, 0x08, 0xc5, 0x08,
    0xc5, 0x10, 0xc5, 0x10, 0x3a, 0xbe, 0x3a, 0xbe, 0x70, 0x63, 0x70, 0x63, 0x88, 0x21, 0x88, 0x21, 0x0e, 0x5b, 0x0e, 0x5b, 0x51, 0x84, 0x51, 0x84,
    0x4e, 0x5b, 0x4e, 0x5b, 0x67, 0x29, 0x67, 0x29, 0xa4, 0x10, 0xa4, 0x10, 0x63, 0x08, 0x63, 0x08, 0x42, 0x08, 0x42, 0x08, 0x62, 0x08, 0x62, 0x08,
    0x83, 0x08, 0x83, 0x08, 0xdf, 0xf7, 0xdf, 0xf7, 0x31, 0x7c, 0x31, 0x7c, 0xa8, 0x31, 0xa8, 0x31, 0x4d, 0x63, 0x4d, 0x63, 0x52, 0x84, 0x52, 0x84,
    0x31, 0x84, 0x31, 0x84, 0x8f, 0x6b, 0x8f, 0x6b, 0x11, 0x7c, 0x11, 0x7c, 0x35, 0x9d, 0x35, 0x9d, 0xdb, 0xd6, 0xdb, 0xd6, 0xb8, 0xb5, 0xb8, 0xb5,
    0xdb, 0xd6, 0xdb, 0xd6, 0x2e, 0x5b, 0x2e, 0x5b, 0xf9, 0xb5, 0xf9, 0xb5, 0x4c, 0x3a, 0x4c, 0x3a, 0xdf, 0xf7, 0xdf, 0xf7, 0x5a, 0xc6, 0x5a, 0xc6,
    0x0d, 0x5b, 0x0d, 0x5b, 0xe9, 0x29, 0xe9, 0x29, 0x47, 0x19, 0x47, 0x19, 0x47, 0x21, 0x47, 0x21, 0xad, 0x42, 0xad, 0x42, 0xb0, 0x6b, 0xb0, 0x6b,
    0x53, 0x7c, 0x53, 0x7c, 0xf5, 0x8c, 0xf5, 0x8c, 0x5d, 0xe7, 0x5d, 0xe7, 0x36, 0x9d, 0x36, 0x9d, 0x77, 0xa5, 0x77, 0xa5, 0xf9, 0xb5, 0xf9, 0xb5,
    0xbb, 0xd6, 0xbb, 0xd6, 0xbf, 0xf7, 0xbf, 0xf7, 0xd8, 0xb5, 0xd8, 0xb5, 0x32, 0x7c, 0x32, 0x7c, 0x62, 0x00, 0x62, 0x00, 0x41, 0x00, 0x41, 0x00,
    0x62, 0x00, 0x62, 0x00, 0x42, 0x00, 0x42, 0x00, 0xb0, 0x6b, 0xb0, 0x6b, 0x77, 0xa5, 0x77, 0xa5, 0xd5, 0x94, 0xd5, 0x94, 0x73, 0x84, 0x73, 0x84,
    0xed, 0x52, 0xed, 0x52, 0x73, 0x84, 0x73, 0x84, 0x73, 0x84, 0x73, 0x84, 0x73, 0x84, 0x73, 0x84, 0x73, 0x84, 0x73, 0x84, 0x73, 0x84, 0x73, 0x84,
    0x73, 0x84, 0x73, 0x84, 0x52, 0x7c, 0x52, 0x7c, 0x32, 0x7c, 0x32, 0x7c, 0x12, 0x7c, 0x12, 0x7c, 0x11, 0x7c, 0x11, 0x7c, 0xf1, 0x73, 0xf1, 0x73,
    0x11, 0x7c, 0x11, 0x7c, 0xf1, 0x73, 0xf1, 0x73, 0x11, 0x74, 0x11, 0x74, 0xf1, 0x73, 0xf1, 0x73, 0xcc, 0x52, 0xcc, 0x52, 0x11, 0x74, 0x11, 0x74,
    0x12, 0x7c, 0x12, 0x7c, 0x12, 0x74, 0x12, 0x74, 0x11, 0x74, 0x11, 0x74, 0x11, 0x74, 0x11, 0x74, 0x11, 0x74, 0x11, 0x74, 0xf1, 0x73, 0xf1, 0x73,
    0x11, 0x7c, 0x11, 0x7c, 0x12, 0x7c, 0x12, 0x7c, 0x12, 0x7c, 0x12, 0x7c, 0x93, 0x8c, 0x93, 0x8c, 0x77, 0xa5, 0x77, 0xa5, 0xd8, 0xb5, 0xd8, 0xb5,
    0xd1, 0x73, 0xd1, 0x73, 0x26, 0x21, 0x26, 0x21, 0x09, 0x3a, 0x09, 0x3a, 0xa8, 0x31, 0xa8, 0x31, 0x67, 0x29, 0x67, 0x29, 0x62, 0x00, 0x62, 0x00,
    0xd1, 0x73, 0xd1, 0x73, 0x73, 0x84, 0x73, 0x84, 0x32, 0x7c, 0x32, 0x7c, 0x12, 0x7c, 0x12, 0x7c, 0x12, 0x7c, 0x12, 0x7c, 0x32, 0x7c, 0x32, 0x7c,
    0xe5, 0x10, 0xe5, 0x10, 0xc5, 0x10, 0xc5, 0x10, 0xc5, 0x08, 0xc5, 0x08, 0xe5, 0x10, 0xe5, 0x10, 0xc5, 0x08, 0xc5, 0x08, 0xc5, 0x08, 0xc5, 0x08,
    0xc5, 0x08, 0xc5, 0x08, 0xc5, 0x08, 0xc5, 0x08, 0xc5, 0x10, 0xc5, 0x10, 0xc5, 0x10, 0xc5, 0x10, 0xc5, 0x10, 0xc5, 0x10, 0xe5, 0x10, 0xe5, 0x10,
    0xdc, 0xd6, 0xdc, 0xd6, 0x47, 0x19, 0x47, 0x19, 0xe5, 0x10, 0xe5, 0x10, 0xa4, 0x10, 0xa4, 0x10, 0x5d, 0xe7, 0x5d, 0xe7, 0x83, 0x08, 0x83, 0x08,
    0xbb, 0xce, 0xbb, 0xce, 0xd0, 0x73, 0xd0, 0x73, 0xbe, 0xf7, 0xbe, 0xf7, 0x62, 0x00, 0x62, 0x00, 0x42, 0x00, 0x42, 0x00, 0xdb, 0xde, 0xdb, 0xde,
    0x62, 0x00, 0x62, 0x00, 0x61, 0x08, 0x61, 0x08, 0x41, 0x00, 0x41, 0x00, 0x62, 0x08, 0x62, 0x08, 0x41, 0x00, 0x41, 0x00, 0x41, 0x00, 0x41, 0x00,
    0x41, 0x00, 0x41, 0x00, 0x41, 0x00, 0x41, 0x00, 0x42, 0x00, 0x42, 0x00, 0x42, 0x00, 0x42, 0x00, 0x21, 0x00, 0x21, 0x00, 0x12, 0x7c, 0x12, 0x7c,
    0x19, 0xbe, 0x19, 0xbe, 0x01, 0x00, 0x01, 0x00, 0x9b, 0xce, 0x9b, 0xce, 0x2f, 0x53, 0x2f, 0x53, 0x2a, 0x3a, 0x2a, 0x3a, 0xd4, 0x94, 0xd4, 0x94,
    0x32, 0x7c, 0x32, 0x7c, 0x2f, 0x53, 0x2f, 0x53, 0x88, 0x21, 0x88, 0x21, 0x11, 0x7c, 0x11, 0x7c, 0x5d, 0xe7, 0x5d, 0xe7, 0x2a, 0x32, 0x2a, 0x32,
    0x83, 0x08, 0x83, 0x08, 0x83, 0x08, 0x83, 0x08, 0x15, 0x95, 0x15, 0x95, 0x15, 0x9d, 0x15, 0x9d, 0x15, 0x95, 0x15, 0x95, 0x9b, 0xce, 0x9b, 0xce,
    0x9b, 0xce, 0x9b, 0xce, 0x36, 0xa5, 0x36, 0xa5, 0xe8, 0x31, 0xe8, 0x31, 0x83, 0x08, 0x83, 0x08, 0x26, 0x19, 0x26, 0x19, 0x87, 0x29, 0x87, 0x29,
    0xa8, 0x31, 0xa8, 0x31, 0x62, 0x00, 0x62, 0x00, 0x62, 0x00, 0x62, 0x00, 0xf1, 0x73, 0xf1, 0x73, 0xb4, 0x8c, 0xb4, 0x8c, 0x73, 0x84, 0x73, 0x84,
    0x0d, 0x53, 0x0d, 0x53, 0x32, 0x7c, 0x32, 0x7c, 0x11, 0x7c, 0x11, 0x7c, 0x11, 0x7c, 0x11, 0x7c, 0xf1, 0x7b, 0xf1, 0x7b, 0x11, 0x74, 0x11, 0x74,
    0x11, 0x7c, 0x11, 0x7c, 0x11, 0x7c, 0x11, 0x7c, 0x11, 0x74, 0x11, 0x74, 0x11, 0x74, 0x11, 0x74, 0x11, 0x74, 0x11, 0x74, 0x12, 0x7c, 0x12, 0x7c,
    0x11, 0x74, 0x11, 0x74, 0x11, 0x74, 0x11, 0x74, 0xf1, 0x73, 0xf1, 0x73, 0x11, 0x74, 0x11, 0x74, 0xac, 0x4a, 0xac, 0x4a, 0x11, 0x74, 0x11, 0x74,
    0x12, 0x7c, 0x12, 0x7c, 0x11, 0x7c, 0x11, 0x7c, 0xf1, 0x73, 0xf1, 0x73, 0xf1, 0x73, 0xf1, 0x73, 0xf1, 0x73, 0xf1, 0x73, 0x11, 0x74, 0x11, 0x74,
    0x11, 0x74, 0x11, 0x74, 0x12, 0x7c, 0x12, 0x7c, 0x53, 0x84, 0x53, 0x84, 0x15, 0x9d, 0x15, 0x9d, 0x97, 0xad, 0x97, 0xad, 0xb0, 0x6b, 0xb0, 0x6b,
    0x46, 0x21, 0x46, 0x21, 0x26, 0x19, 0x26, 0x19, 0x8f, 0x6b, 0x8f, 0x6b, 0x15, 0x9d, 0x15, 0x9d, 0xe5, 0x18, 0xe5, 0x18, 0x46, 0x21, 0x46, 0x21,
    0x66, 0x29, 0x66, 0x29, 0xb4, 0x8c, 0xb4, 0x8c, 0x73, 0x84, 0x73, 0x84, 0x12, 0x74, 0x12, 0x74, 0x19, 0xbe, 0x19, 0xbe, 0xd0, 0x73, 0xd0, 0x73,
    0xc5, 0x10, 0xc5, 0x10, 0xe5, 0x08, 0xe5, 0x08, 0xe5, 0x10, 0xe5, 0x10, 0xe5, 0x10, 0xe5, 0x10, 0xc5, 0x08, 0xc5, 0x08, 0xc5, 0x10, 0xc5, 0x10,
    0xc5, 0x08, 0xc5, 0x08, 0xc5, 0x08, 0xc5, 0x08, 0xc5, 0x10, 0xc5, 0x10, 0xc5, 0x10, 0xc5, 0x10, 0xc5, 0x10, 0xc5, 0x10, 0xe5, 0x10, 0xe5, 0x10,
    0xdc, 0xd6, 0xdc, 0xd6, 0x47, 0x19, 0x47, 0x19, 0xe5, 0x10, 0xe5, 0x10, 0xa4, 0x10, 0xa4, 0x10, 0x5d, 0xe7, 0x5d, 0xe7, 0x83, 0x08, 0x83, 0x08,
    0xbb, 0xce, 0xbb, 0xce, 0xd0, 0x73, 0xd0, 0x73, 0xbe, 0xf7, 0xbe, 0xf7, 0x62, 0x00, 0x62, 0x00, 0x42, 0x00, 0x42, 0x00, 0xdb, 0xde, 0xdb, 0xde,
    0x62, 0x00, 0x62, 0x00, 0x61, 0x08, 0x61, 0x08, 0x41, 0x00, 0x41, 0x00, 0x62, 0x08, 0x62, 0x08, 0x41, 0x00, 0x41, 0x00, 0x41, 0x00, 0x41, 0x00,
    0x41, 0x00, 0x41, 0x00, 0x41, 0x00, 0x41, 0x00, 0x42, 0x00, 0x42, 0x00, 0x42, 0x00, 0x42, 0x00, 0x21, 0x00, 0x21, 0x00, 0x12, 0x7c, 0x12, 0x7c,
    0x19, 0xbe, 0x19, 0xbe, 0x01, 0x00, 0x01, 0x00, 0x9b, 0xce, 0x9b, 0xce, 0x2f, 0x53, 0x2f, 0x53, 0x2a, 0x3a, 0x2a, 0x3a, 0xd4, 0x94, 0xd4, 0x94,
    0x32, 0x7c, 0x32, 0x7c, 0x2f, 0x53, 0x2f, 0x53, 0x88, 0x21, 0x88, 0x21, 0x11, 0x7c, 0x11, 0x7c, 0x5d, 0xe7, 0x5d, 0xe7, 0x2a, 0x32, 0x2a, 0x32,
    0x83, 0x08, 0x83, 0x08, 0x83, 0x08, 0x83, 0x08, 0x15, 0x95, 0x15, 0x95, 0x15, 0x9d, 0x15, 0x9d, 0x15, 0x95, 0x15, 0x95, 0x9b, 0xce, 0x9b, 0xce,
    0x9b, 0xce, 0x9b, 0xce, 0x36, 0xa5, 0x36, 0xa5, 0xe8, 0x31, 0xe8, 0x31, 0x83, 0x08, 0x83, 0x08, 0x26, 0x19, 0x26, 0x19, 0x87, 0x29, 0x87, 0x29,
    0xa8, 0x31, 0xa8, 0x31, 0x62, 0x00, 0x62, 0x00, 0x62, 0x00, 0x62, 0x00, 0xf1, 0x73, 0xf1, 0x73, 0xb4, 0x8c, 0xb4, 0x8c, 0x73, 0x84, 0x73, 0x84,
    0x0d, 0x53, 0x0d, 0x53, 0x32, 0x7c, 0x32, 0x7c, 0x11, 0x7c, 0x11, 0x7c, 0x11, 0x7c, 0x11, 0x7c, 0xf1, 0x7b, 0xf1, 0x7b, 0x11, 0x74, 0x11, 0x74,
    0x11, 0x7c, 0x11, 0x7c, 0x11, 0x7c, 0x11, 0x7c, 0x11, 0x74, 0x11, 0x74, 0x11, 0x74, 0x11, 0x74, 0x11, 0x74, 0x11, 0x74, 0x12, 0x7c, 0x12, 0x7c,
    0x11, 0x74, 0x11, 0x74, 0x11, 0x74, 0x11, 0x74, 0xf1, 0x73, 0xf1, 0x73, 0x11, 0x74, 0x11, 0x74, 0xac, 0x4a, 0xac, 0x4a, 0x11, 0x74, 0x11, 0x74,
    0x12, 0x7c, 0x12, 0x7c, 0x11, 0x7c, 0x11, 0x7c, 0xf1, 0x73, 0xf1, 0x73, 0xf1, 0x73, 0xf1, 0x73, 0xf1, 0x73, 0xf1, 0x73, 0x11, 0x74, 0x11, 0x74,
    0x11, 0x74, 0x11, 0x74, 0x12, 0x7c, 0x12, 0x7c, 0x53, 0x84, 0x53, 0x84, 0x15, 0x9d, 0x15, 0x9d, 0x97, 0xad, 0x97, 0xad, 0xb0, 0x6b, 0xb0, 0x6b,
    0x46, 0x21, 0x46, 0x21, 0x26, 0x19, 0x26, 0x19, 0x8f, 0x6b, 0x8f, 0x6b, 0x15, 0x9d, 0x15, 0x9d, 0xe5, 0x18, 0xe5, 0x18, 0x46, 0x21, 0x46, 0x21,
    0x66, 0x29, 0x66, 0x29, 0xb4, 0x8c, 0xb4, 0x8c, 0x73, 0x84, 0x73, 0x84, 0x12, 0x74, 0x12, 0x74, 0x19, 0xbe, 0x19, 0xbe, 0xd0, 0x73, 0xd0, 0x73,
    0xc5, 0x10, 0xc5, 0x10, 0xe5, 0x08, 0xe5, 0x08, 0xe5, 0x10, 0xe5, 0x10, 0xe5, 0x10, 0xe5, 0x10, 0xc5, 0x08, 0xc5, 0x08, 0xc5, 0x10, 0xc5, 0x10,
    0xc5, 0x08, 0xc5, 0x08, 0xc5, 0x10, 0xc5, 0x10, 0xc5, 0x10, 0xc5, 0x10, 0xc5, 0x10, 0xc5, 0x10, 0xc5, 0x08, 0xc5, 0x08, 0x84, 0x00, 0x84, 0x00,
    0x1d, 0xdf, 0x1d, 0xdf, 0xbb, 0xd6, 0xbb, 0xd6, 0x5d, 0xe7, 0x5d, 0xe7, 0x1d, 0xdf, 0x1d, 0xdf, 0x9e, 0xef, 0x9e, 0xef, 0x4e, 0x63, 0x4e, 0x63,
    0x29, 0x3a, 0x29, 0x3a, 0x83, 0x08, 0x83, 0x08, 0x62, 0x00, 0x62, 0x00, 0x41, 0x00, 0x41, 0x00, 0x62, 0x00, 0x62, 0x00, 0x04, 0x19, 0x04, 0x19,
    0x39, 0xbe, 0x39, 0xbe, 0x77, 0xa5, 0x77, 0xa5, 0xf1, 0x7b, 0xf1, 0x7b, 0x05, 0x19, 0x05, 0x19, 0x83, 0x08, 0x83, 0x08, 0x83, 0x08, 0x83, 0x08,
    0x87, 0x29, 0x87, 0x29, 0x25, 0x21, 0x25, 0x21, 0x11, 0x7c, 0x11, 0x7c, 0x31, 0x7c, 0x31, 0x7c, 0xb8, 0xad, 0xb8, 0xad, 0xdc, 0xd6, 0xdc, 0xd6,
    0x90, 0x6b, 0x90, 0x6b, 0xd0, 0x73, 0xd0, 0x73, 0x6e, 0x63, 0x6e, 0x63, 0x6e, 0x63, 0x6e, 0x63, 0x15, 0x9d, 0x15, 0x9d, 0xdc, 0xde, 0xdc, 0xde,
    0x05, 0x11, 0x05, 0x11, 0x32, 0x7c, 0x32, 0x7c, 0xf1, 0x6b, 0xf1, 0x6b, 0x31, 0x84, 0x31, 0x84, 0x5d, 0xe7, 0x5d, 0xe7, 0xd8, 0xb5, 0xd8, 0xb5,
    0x36, 0x9d, 0x36, 0x9d, 0x15, 0x9d, 0x15, 0x9d, 0xb4, 0x8c, 0xb4, 0x8c, 0xb4, 0x8c, 0xb4, 0x8c, 0x36, 0x9d, 0x36, 0x9d, 0x3a, 0xbe, 0x3a, 0xbe,
    0xbb, 0xd6, 0xbb, 0xd6, 0xf1, 0x73, 0xf1, 0x73, 0x62, 0x08, 0x62, 0x08, 0xa3, 0x08, 0xa3, 0x08, 0x6a, 0x4a, 0x6a, 0x4a, 0x66, 0x29, 0x66, 0x29,
    0xe4, 0x10, 0xe4, 0x10, 0x46, 0x21, 0x46, 0x21, 0x05, 0x19, 0x05, 0x19, 0x62, 0x00, 0x62, 0x00, 0xf1, 0x73, 0xf1, 0x73, 0x52, 0x7c, 0x52, 0x7c,
    0xed, 0x52, 0xed, 0x52, 0xf1, 0x73, 0xf1, 0x73, 0xf1, 0x73, 0xf1, 0x73, 0xf1, 0x73, 0xf1, 0x73, 0xf1, 0x73, 0xf1, 0x73, 0x11, 0x74, 0x11, 0x74,
    0x11, 0x7c, 0x11, 0x7c, 0x12, 0x7c, 0x12, 0x7c, 0x11, 0x7c, 0x11, 0x7c, 0x11, 0x7c, 0x11, 0x7c, 0x11, 0x74, 0x11, 0x74, 0x11, 0x74, 0x11, 0x74,
    0x11, 0x74, 0x11, 0x74, 0xf1, 0x73, 0xf1, 0x73, 0x11, 0x74, 0x11, 0x74, 0x11, 0x74, 0x11, 0x74, 0xcc, 0x52, 0xcc, 0x52, 0x11, 0x74, 0x11, 0x74,
    0x12, 0x7c, 0x12, 0x7c, 0x11, 0x7c, 0x11, 0x7c, 0x12, 0x7c, 0x12, 0x7c, 0xf1, 0x73, 0xf1, 0x73, 0xf1, 0x73, 0xf1, 0x73, 0x73, 0x84, 0x73, 0x84,
    0xd5, 0x94, 0xd5, 0x94, 0xf5, 0x94, 0xf5, 0x94, 0x16, 0x9d, 0x16, 0x9d, 0x36, 0x9d, 0x36, 0x9d, 0x98, 0xad, 0x98, 0xad, 0xcc, 0x52, 0xcc, 0x52,
    0x05, 0x19, 0x05, 0x19, 0xf1, 0x73, 0xf1, 0x73, 0xd5, 0x94, 0xd5, 0x94, 0x0e, 0x53, 0x0e, 0x53, 0x32, 0x7c, 0x32, 0x7c, 0xe5, 0x18, 0xe5, 0x18,
    0x21, 0x00, 0x21, 0x00, 0x12, 0x7c, 0x12, 0x7c, 0x2a, 0x3a, 0x2a, 0x3a, 0x0e, 0x5b, 0x0e, 0x5b, 0x90, 0x6b, 0x90, 0x6b, 0xb0, 0x6b, 0xb0, 0x6b,
    0xc5, 0x10, 0xc5, 0x10, 0xe5, 0x10, 0xe5, 0x10, 0xe5, 0x10, 0xe5, 0x10, 0xe5, 0x08, 0xe5, 0x08, 0xc5, 0x08, 0xc5, 0x08, 0xc5, 0x08, 0xc5, 0x08,
    0xc5, 0x08, 0xc5, 0x08, 0xc5, 0x10, 0xc5, 0x10, 0xc5, 0x10, 0xc5, 0x10, 0xc5, 0x10, 0xc5, 0x10, 0xc5, 0x08, 0xc5, 0x08, 0x84, 0x00, 0x84, 0x00,
    0x1d, 0xdf, 0x1d, 0xdf, 0xbb, 0xd6, 0xbb, 0xd6, 0x5d, 0xe7, 0x5d, 0xe7, 0x1d, 0xdf, 0x1d, 0xdf, 0x9e, 0xef, 0x9e, 0xef, 0x4e, 0x63, 0x4e, 0x63,
    0x29, 0x3a, 0x29, 0x3a, 0x83, 0x08, 0x83, 0x08, 0x62, 0x00, 0x62, 0x00, 0x41, 0x00, 0x41, 0x00, 0x62, 0x00, 0x62, 0x00, 0x04, 0x19, 0x04, 0x19,
    0x39, 0xbe, 0x39, 0xbe, 0x77, 0xa5, 0x77, 0xa5, 0xf1, 0x7b, 0xf1, 0x7b, 0x05, 0x19, 0x05, 0x19, 0x83, 0x08, 0x83, 0x08, 0x83, 0x08, 0x83, 0x08,
    0x87, 0x29, 0x87, 0x29, 0x25, 0x21, 0x25, 0x21, 0x11, 0x7c, 0x11, 0x7c, 0x31, 0x7c, 0x31, 0x7c, 0xb8, 0xad, 0xb8, 0xad, 0xdc, 0xd6, 0xdc, 0xd6,
    0x90, 0x6b, 0x90, 0x6b, 0xd0, 0x73, 0xd0, 0x73, 0x6e, 0x63, 0x6e, 0x63, 0x6e, 0x63, 0x6e, 0x63, 0x15, 0x9d, 0x15, 0x9d, 0xdc, 0xde, 0xdc, 0xde,
    0x05, 0x11, 0x05, 0x11, 0x32, 0x7c, 0x32, 0x7c, 0xf1, 0x6b, 0xf1, 0x6b, 0x31, 0x84, 0x31, 0x84, 0x5d, 0xe7, 0x5d, 0xe7, 0xd8, 0xb5, 0xd8, 0xb5,
    0x36, 0x9d, 0x36, 0x9d, 0x15, 0x9d, 0x15, 0x9d, 0xb4, 0x8c, 0xb4, 0x8c, 0xb4, 0x8c, 0xb4, 0x8c, 0x36, 0x9d, 0x36, 0x9d, 0x3a, 0xbe, 0x3a, 0xbe,
    0xbb, 0xd6, 0xbb, 0xd6, 0xf1, 0x73, 0xf1, 0x73, 0x62, 0x08, 0x62, 0x08, 0xa3, 0x08, 0xa3, 0x08, 0x6a, 0x4a, 0x6a, 0x4a, 0x66, 0x29, 0x66, 0x29,
    0xe4, 0x10, 0xe4, 0x10, 0x46, 0x21, 0x46, 0x21, 0x05, 0x19, 0x05, 0x19, 0x62, 0x00, 0x62, 0x00, 0xf1, 0x73, 0xf1, 0x73, 0x52, 0x7c, 0x52, 0x7c,
    0xed, 0x52, 0xed, 0x52, 0xf1, 0x73, 0xf1, 0x73, 0xf1, 0x73, 0xf1, 0x73, 0xf1, 0x73, 0xf1, 0x73, 0xf1, 0x73, 0xf1, 0x73, 0x11, 0x74, 0x11, 0x74,
    0x11, 0x7c, 0x11, 0x7c, 0x12, 0x7c, 0x12, 0x7c, 0x11, 0x7c, 0x11, 0x7c, 0x11, 0x7c, 0x11, 0x7c, 0x11, 0x74, 0x11, 0x74, 0x11, 0x74, 0x11, 0x74,
    0x11, 0x74, 0x11, 0x74, 0xf1, 0x73, 0xf1, 0x73, 0x11, 0x74, 0x11, 0x74, 0x11, 0x74, 0x11, 0x74, 0xcc, 0x52, 0xcc, 0x52, 0x11, 0x74, 0x11, 0x74,
    0x12, 0x7c, 0x12, 0x7c, 0x11, 0x7c, 0x11, 0x7c, 0x12, 0x7c, 0x12, 0x7c, 0xf1, 0x73, 0xf1, 0x73, 0xf1, 0x73, 0xf1, 0x73, 0x73, 0x84, 0x73, 0x84,
    0xd5, 0x94, 0xd5, 0x94, 0xf5, 0x94, 0xf5, 0x94, 0x16, 0x9d, 0x16, 0x9d, 0x36, 0x9d, 0x36, 0x9d, 0x98, 0xad, 0x98, 0xad, 0xcc, 0x52, 0xcc, 0x52,
    0x05, 0x19, 0x05, 0x19, 0xf1, 0x73, 0xf1, 0x73, 0xd5, 0x94, 0xd5, 0x94, 0x0e, 0x53, 0x0e, 0x53, 0x32, 0x7c, 0x32, 0x7c, 0xe5, 0x18, 0xe5, 0x18,
    0x21, 0x00, 0x21, 0x00, 0x12, 0x7c, 0x12, 0x7c, 0x2a, 0x3a, 0x2a, 0x3a, 0x0e, 0x5b, 0x0e, 0x5b, 0x90, 0x6b, 0x90, 0x6b, 0xb0, 0x6b, 0xb0, 0x6b,
    0xc5, 0x10, 0xc5, 0x10, 0xe5, 0x10, 0xe5, 0x10, 0xe5, 0x10, 0xe5, 0x10, 0xe5, 0x08, 0xe5, 0x08, 0xc5, 0x08, 0xc5, 0x08, 0xc5, 0x08, 0xc5, 0x08,
    0xc5, 0x08, 0xc5, 0x08, 0xc5, 0x08, 0xc5, 0x08, 0xc5, 0x08, 0xc5, 0x08, 0xc5, 0x10, 0xc5, 0x10, 0xc5, 0x08, 0xc5, 0x08, 0xf1, 0x73, 0xf1, 0x73,
    0x59, 0xc6, 0x59, 0xc6, 0xfc, 0xde, 0xfc, 0xde, 0xbb, 0xd6, 0xbb, 0xd6, 0x9b, 0xce, 0x9b, 0xce, 0xf9, 0xbd, 0xf9, 0xbd, 0x4f, 0x63, 0x4f, 0x63,
    0x42, 0x00, 0x42, 0x00, 0x42, 0x00, 0x42, 0x00, 0x62, 0x00, 0x62, 0x00, 0x42, 0x00, 0x42, 0x00, 0x42, 0x00, 0x42, 0x00, 0x41, 0x00, 0x41, 0x00,
    0xc4, 0x10, 0xc4, 0x10, 0x62, 0x08, 0x62, 0x08, 0x42, 0x00, 0x42, 0x00, 0x42, 0x00, 0x42, 0x00, 0x41, 0x00, 0x41, 0x00, 0x42, 0x00, 0x42, 0x00,
    0x41, 0x00, 0x41, 0x00, 0x41, 0x00, 0x41, 0x00, 0x62, 0x00, 0x62, 0x00, 0xfc, 0xd6, 0xfc, 0xd6, 0x73, 0x8c, 0x73, 0x8c, 0xbb, 0xd6, 0xbb, 0xd6,
    0xbb, 0xd6, 0xbb, 0xd6, 0xbb, 0xd6, 0xbb, 0xd6, 0xdc, 0xd6, 0xdc, 0xd6, 0xbc, 0xd6, 0xbc, 0xd6, 0xdc, 0xd6, 0xdc, 0xd6, 0x7e, 0xef, 0x7e, 0xef,
    0x5d, 0xe7, 0x5d, 0xe7, 0xdc, 0xd6, 0xdc, 0xd6, 0x9b, 0xce, 0x9b, 0xce, 0x9b, 0xce, 0x9b, 0xce, 0xd9, 0xb5, 0xd9, 0xb5, 0x77, 0xa5, 0x77, 0xa5,
    0xf5, 0x94, 0xf5, 0x94, 0x32, 0x7c, 0x32, 0x7c, 0x94, 0x8c, 0x94, 0x8c, 0xb4, 0x8c, 0xb4, 0x8c, 0x97, 0xad, 0x97, 0xad, 0xd8, 0xb5, 0xd8, 0xb5,
    0x12, 0x7c, 0x12, 0x7c, 0x62, 0x08, 0x62, 0x08, 0xf1, 0x73, 0xf1, 0x73, 0x6b, 0x42, 0x6b, 0x42, 0xb8, 0xad, 0xb8, 0xad, 0x4b, 0x42, 0x4b, 0x42,
    0xd0, 0x6b, 0xd0, 0x6b, 0x2d, 0x5b, 0x2d, 0x5b, 0x67, 0x21, 0x67, 0x21, 0x21, 0x00, 0x21, 0x00, 0xe9, 0x31, 0xe9, 0x31, 0x93, 0x8c, 0x93, 0x8c,
    0xac, 0x4a, 0xac, 0x4a, 0xf1, 0x73, 0xf1, 0x73, 0xf1, 0x73, 0xf1, 0x73, 0xf1, 0x73, 0xf1, 0x73, 0xf1, 0x73, 0xf1, 0x73, 0xf1, 0x73, 0xf1, 0x73,
    0x11, 0x74, 0x11, 0x74, 0x11, 0x7c, 0x11, 0x7c, 0x11, 0x74, 0x11, 0x74, 0x11, 0x74, 0x11, 0x74, 0x11, 0x7c, 0x11, 0x7c, 0x11, 0x7c, 0x11, 0x7c,
    0x11, 0x74, 0x11, 0x74, 0x11, 0x74, 0x11, 0x74, 0x12, 0x7c, 0x12, 0x7c, 0x12, 0x7c, 0x12, 0x7c, 0x2a, 0x3a, 0x2a, 0x3a, 0x73, 0x84, 0x73, 0x84,
    0xd4, 0x94, 0xd4, 0x94, 0xf5, 0x94, 0xf5, 0x94, 0x16, 0x9d, 0x16, 0x9d, 0x36, 0x9d, 0x36, 0x9d, 0x77, 0xa5, 0x77, 0xa5, 0x77, 0xa5, 0x77, 0xa5,
    0x97, 0xad, 0x97, 0xad, 0x56, 0xa5, 0x56, 0xa5, 0x94, 0x8c, 0x94, 0x8c, 0xcc, 0x52, 0xcc, 0x52, 0x90, 0x6b, 0x90, 0x6b, 0xc8, 0x31, 0xc8, 0x31,
    0xe8, 0x39, 0xe8, 0x39, 0x66, 0x29, 0x66, 0x29, 0x57, 0xa5, 0x57, 0xa5, 0x19, 0xbe, 0x19, 0xbe, 0x6b, 0x42, 0x6b, 0x42, 0x8b, 0x4a, 0x8b, 0x4a,
    0xc4, 0x10, 0xc4, 0x10, 0x32, 0x7c, 0x32, 0x7c, 0xb0, 0x6b, 0xb0, 0x6b, 0x90, 0x6b, 0x90, 0x6b, 0x90, 0x6b, 0x90, 0x6b, 0xb0, 0x6b, 0xb0, 0x6b,
    0xe5, 0x08, 0xe5, 0x08, 0xc5, 0x10, 0xc5, 0x10, 0xe5, 0x10, 0xe5, 0x10, 0xe5, 0x10, 0xe5, 0x10, 0xc5, 0x08, 0xc5, 0x08, 0xc5, 0x10, 0xc5, 0x10,
    0xc5, 0x08, 0xc5, 0x08, 0xc5, 0x08, 0xc5, 0x08, 0xc5, 0x08, 0xc5, 0x08, 0xc5, 0x10, 0xc5, 0x10, 0xc5, 0x08, 0xc5, 0x08, 0xf1, 0x73, 0xf1, 0x73,
    0x59, 0xc6, 0x59, 0xc6, 0xfc, 0xde, 0xfc, 0xde, 0xbb, 0xd6, 0xbb, 0xd6, 0x9b, 0xce, 0x9b, 0xce, 0xf9, 0xbd, 0xf9, 0xbd, 0x4f, 0x63, 0x4f, 0x63,
    0x42, 0x00, 0x42, 0x00, 0x42, 0x00, 0x42, 0x00, 0x62, 0x00, 0x62, 0x00, 0x42, 0x00, 0x42, 0x00, 0x42, 0x00, 0x42, 0x00, 0x41, 0x00, 0x41, 0x00,
    0xc4, 0x10, 0xc4, 0x10, 0x62, 0x08, 0x62, 0x08, 0x42, 0x00, 0x42, 0x00, 0x42, 0x00, 0x42, 0x00, 0x41, 0x00, 0x41, 0x00, 0x42, 0x00, 0x42, 0x00,
    0x41, 0x00, 0x41, 0x00, 0x41, 0x00, 0x41, 0x00, 0x62, 0x00, 0x62, 0x00, 0xfc, 0xd6, 0xfc, 0xd6, 0x73, 0x8c, 0x73, 0x8c, 0xbb, 0xd6, 0xbb, 0xd6,
    0xbb, 0xd6, 0xbb, 0xd6, 0xbb, 0xd6, 0xbb, 0xd6, 0xdc, 0xd6, 0xdc, 0xd6, 0xbc, 0xd6, 0xbc, 0xd6, 0xdc, 0xd6, 0xdc, 0xd6, 0x7e, 0xef, 0x7e, 0xef,
    0x5d, 0xe7, 0x5d, 0xe7, 0xdc, 0xd6, 0xdc, 0xd6, 0x9b, 0xce, 0x9b, 0xce, 0x9b, 0xce, 0x9b, 0xce, 0xd9, 0xb5, 0xd9, 0xb5, 0x77, 0xa5, 0x77, 0xa5,
    0xf5, 0x94, 0xf5, 0x94, 0x32, 0x7c, 0x32, 0x7c, 0x94, 0x8c, 0x94, 0x8c, 0xb4, 0x8c, 0xb4, 0x8c, 0x97, 0xad, 0x97, 0xad, 0xd8, 0xb5, 0xd8, 0xb5,
    0x12, 0x7c, 0x12, 0x7c, 0x62, 0x08, 0x62, 0x08, 0xf1, 0x73, 0xf1, 0x73, 0x6b, 0x42, 0x6b, 0x42, 0xb8, 0xad, 0xb8, 0xad, 0x4b, 0x42, 0x4b, 0x42,
    0xd0, 0x6b, 0xd0, 0x6b, 0x2d, 0x5b, 0x2d, 0x5b, 0x67, 0x21, 0x67, 0x21, 0x21, 0x00, 0x21, 0x00, 0xe9, 0x31, 0xe9, 0x31, 0x93, 0x8c, 0x93, 0x8c,
    0xac, 0x4a, 0xac, 0x4a, 0xf1, 0x73, 0xf1, 0x73, 0xf1, 0x73, 0xf1, 0x73, 0xf1, 0x73, 0xf1, 0x73, 0xf1, 0x73, 0xf1, 0x73, 0xf1, 0x73, 0xf1, 0x73,
    0x11, 0x74, 0x11, 0x74, 0x11, 0x7c, 0x11, 0x7c, 0x11, 0x74, 0x11, 0x74, 0x11, 0x74, 0x11, 0x74, 0x11, 0x7c, 0x11, 0x7c, 0x11, 0x7c, 0x11, 0x7c,
    0x11, 0x74, 0x11, 0x74, 0x11, 0x74, 0x11, 0x74, 0x12, 0x7c, 0x12, 0x7c, 0x12, 0x7c, 0x12, 0x7c, 0x2a, 0x3a, 0x2a, 0x3a, 0x73, 0x84, 0x73, 0x84,
    0xd4, 0x94, 0xd4, 0x94, 0xf5, 0x94, 0xf5, 0x94, 0x16, 0x9d, 0x16, 0x9d, 0x36, 0x9d, 0x36, 0x9d, 0x77, 0xa5, 0x77, 0xa5, 0x77, 0xa5, 0x77, 0xa5,
    0x97, 0xad, 0x97, 0xad, 0x56, 0xa5, 0x56, 0xa5, 0x94, 0x8c, 0x94, 0x8c, 0xcc, 0x52, 0xcc, 0x52, 0x90, 0x6b, 0x90, 0x6b, 0xc8, 0x31, 0xc8, 0x31,
    0xe8, 0x39, 0xe8, 0x39, 0x66, 0x29, 0x66, 0x29, 0x57, 0xa5, 0x57, 0xa5, 0x19, 0xbe, 0x19, 0xbe, 0x6b, 0x42, 0x6b, 0x42, 0x8b, 0x4a, 0x8b, 0x4a,
    0xc4, 0x10, 0xc4, 0x10, 0x32, 0x7c, 0x32, 0x7c, 0xb0, 0x6b, 0xb0, 0x6b, 0x90, 0x6b, 0x90, 0x6b, 0x90, 0x6b, 0x90, 0x6b, 0xb0, 0x6b, 0xb0, 0x6b,
    0xe5, 0x08, 0xe5, 0x08, 0xc5, 0x10, 0xc5, 0x10, 0xe5, 0x10, 0xe5, 0x10, 0xe5, 0x10, 0xe5, 0x10, 0xc5, 0x08, 0xc5, 0x08, 0xc5, 0x10, 0xc5, 0x10,
    0xc5, 0x08, 0xc5, 0x08, 0xe5, 0x10, 0xe5, 0x10, 0xc5, 0x10, 0xc5, 0x10, 0xc5, 0x10, 0xc5, 0x10, 0xc5, 0x10, 0xc5, 0x10, 0x97, 0xad, 0x97, 0xad,
    0xb4, 0x8c, 0xb4, 0x8c, 0xf5, 0x94, 0xf5, 0x94, 0xb8, 0xb5, 0xb8, 0xb5, 0x5a, 0xc6, 0x5a, 0xc6, 0x97, 0xad, 0x97, 0xad, 0xb8, 0xad, 0xb8, 0xad,
    0x1c, 0xdf, 0x1c, 0xdf, 0x1c, 0xdf, 0x1c, 0xdf, 0x1c, 0xdf, 0x1c, 0xdf, 0x1c, 0xdf, 0x1c, 0xdf, 0x1d, 0xe7, 0x1d, 0xe7, 0x5d, 0xef, 0x5d, 0xef,
    0xbf, 0xf7, 0xbf, 0xf7, 0xdf, 0xff, 0xdf, 0xff, 0xff, 0xff, 0xff, 0xff, 0xdf, 0xff, 0xdf, 0xff, 0xbe, 0xf7, 0xbe, 0xf7, 0xdf, 0xff, 0xdf, 0xff,
    0xdf, 0xff, 0xdf, 0xff, 0x7e, 0xef, 0x7e, 0xef, 0x5a, 0xc6, 0x5a, 0xc6, 0xd8, 0xb5, 0xd8, 0xb5, 0x3d, 0xe7, 0x3d, 0xe7, 0x3d, 0xe7, 0x3d, 0xe7,
    0x3d, 0xe7, 0x3d, 0xe7, 0x1d, 0xe7, 0x1d, 0xe7, 0x7e, 0xef, 0x7e, 0xef, 0xbb, 0xd6, 0xbb, 0xd6, 0x36, 0x9d, 0x36, 0x9d, 0xb4, 0x8c, 0xb4, 0x8c,
    0xd4, 0x94, 0xd4, 0x94, 0xb4, 0x8c, 0xb4, 0x8c, 0xb4, 0x8c, 0xb4, 0x8c, 0xb4, 0x8c, 0xb4, 0x8c, 0x93, 0x8c, 0x93, 0x8c, 0x53, 0x84, 0x53, 0x84,
    0x73, 0x84, 0x73, 0x84, 0x4f, 0x63, 0x4f, 0x63, 0x53, 0x84, 0x53, 0x84, 0x73, 0x84, 0x73, 0x84, 0x77, 0xad, 0x77, 0xad, 0x97, 0xad, 0x97, 0xad,
    0xd0, 0x6b, 0xd0, 0x6b, 0xb4, 0x94, 0xb4, 0x94, 0x62, 0x08, 0x62, 0x08, 0xe9, 0x31, 0xe9, 0x31, 0xf9, 0xbd, 0xf9, 0xbd, 0x62, 0x08, 0x62, 0x08,
    0x57, 0x9d, 0x57, 0x9d, 0x4f, 0x5b, 0x4f, 0x5b, 0x6b, 0x4a, 0x6b, 0x4a, 0xa8, 0x31, 0xa8, 0x31, 0x41, 0x00, 0x41, 0x00, 0x53, 0x84, 0x53, 0x84,
    0x4a, 0x42, 0x4a, 0x42, 0x11, 0x74, 0x11, 0x74, 0xf1, 0x73, 0xf1, 0x73, 0x11, 0x74, 0x11, 0x74, 0xf1, 0x73, 0xf1, 0x73, 0xf1, 0x73, 0xf1, 0x73,
    0x11, 0x74, 0x11, 0x74, 0x11, 0x7c, 0x11, 0x7c, 0x11, 0x74, 0x11, 0x74, 0x12, 0x7c, 0x12, 0x7c, 0x32, 0x7c, 0x32, 0x7c, 0x53, 0x84, 0x53, 0x84,
    0xb4, 0x8c, 0xb4, 0x8c, 0xd5, 0x94, 0xd5, 0x94, 0x16, 0x9d, 0x16, 0x9d, 0x57, 0xa5, 0x57, 0xa5, 0x4e, 0x63, 0x4e, 0x63, 0x77, 0xa5, 0x77, 0xa5,
    0xd5, 0x94, 0xd5, 0x94, 0x93, 0x8c, 0x93, 0x8c, 0x9a, 0xce, 0x9a, 0xce, 0x1c, 0xdf, 0x1c, 0xdf, 0x8c, 0x4a, 0x8c, 0x4a, 0x2a, 0x3a, 0x2a, 0x3a,
    0x09, 0x32, 0x09, 0x32, 0xac, 0x4a, 0xac, 0x4a, 0xb0, 0x6b, 0xb0, 0x6b, 0xf1, 0x73, 0xf1, 0x73, 0xd1, 0x73, 0xd1, 0x73, 0x46, 0x21, 0x46, 0x21,
    0xec, 0x52, 0xec, 0x52, 0x94, 0x8c, 0x94, 0x8c, 0x15, 0x9d, 0x15, 0x9d, 0xd8, 0xb5, 0xd8, 0xb5, 0xe9, 0x31, 0xe9, 0x31, 0xf5, 0x94, 0xf5, 0x94,
    0xc4, 0x10, 0xc4, 0x10, 0x4a, 0x42, 0x4a, 0x42, 0x90, 0x6b, 0x90, 0x6b, 0x90, 0x6b, 0x90, 0x6b, 0x90, 0x6b, 0x90, 0x6b, 0x4f, 0x63, 0x4f, 0x63,
    0xc5, 0x08, 0xc5, 0x08, 0xe5, 0x10, 0xe5, 0x10, 0xc5, 0x08, 0xc5, 0x08, 0xe5, 0x10, 0xe5, 0x10, 0xe5, 0x10, 0xe5, 0x10, 0xe5, 0x10, 0xe5, 0x10,
    0xc5, 0x08, 0xc5, 0x08, 0xe5, 0x10, 0xe5, 0x10, 0xc5, 0x10, 0xc5, 0x10, 0xc5, 0x10, 0xc5, 0x10, 0xc5, 0x10, 0xc5, 0x10, 0x97, 0xad, 0x97, 0xad,
    0xb4, 0x8c, 0xb4, 0x8c, 0xf5, 0x94, 0xf5, 0x94, 0xb8, 0xb5, 0xb8, 0xb5, 0x5a, 0xc6, 0x5a, 0xc6, 0x97, 0xad, 0x97, 0xad, 0xb8, 0xad, 0xb8, 0xad,
    0x1c, 0xdf, 0x1c, 0xdf, 0x1c, 0xdf, 0x1c, 0xdf, 0x1c, 0xdf, 0x1c, 0xdf, 0x1c, 0xdf, 0x1c, 0xdf, 0x1d, 0xe7, 0x1d, 0xe7, 0x5d, 0xef, 0x5d, 0xef,
    0xbf, 0xf7, 0xbf, 0xf7, 0xdf, 0xff, 0xdf, 0xff, 0xff, 0xff, 0xff, 0xff, 0xdf, 0xff, 0xdf, 0xff, 0xbe, 0xf7, 0xbe, 0xf7, 0xdf, 0xff, 0xdf, 0xff,
    0xdf, 0xff, 0xdf, 0xff, 0x7e, 0xef, 0x7e, 0xef, 0x5a, 0xc6, 0x5a, 0xc6, 0xd8, 0xb5, 0xd8, 0xb5, 0x3d, 0xe7, 0x3d, 0xe7, 0x3d, 0xe7, 0x3d, 0xe7,
    0x3d, 0xe7, 0x3d, 0xe7, 0x1d, 0xe7, 0x1d, 0xe7, 0x7e, 0xef, 0x7e, 0xef, 0xbb, 0xd6, 0xbb, 0xd6, 0x36, 0x9d, 0x36, 0x9d, 0xb4, 0x8c, 0xb4, 0x8c,
    0xd4, 0x94, 0xd4, 0x94, 0xb4, 0x8c, 0xb4, 0x8c, 0xb4, 0x8c, 0xb4, 0x8c, 0xb4, 0x8c, 0xb4, 0x8c, 0x93, 0x8c, 0x93, 0x8c, 0x53, 0x84, 0x53, 0x84,
    0x73, 0x84, 0x73, 0x84, 0x4f, 0x63, 0x4f, 0x63, 0x53, 0x84, 0x53, 0x84, 0x73, 0x84, 0x73, 0x84, 0x77, 0xad, 0x77, 0xad, 0x97, 0xad, 0x97, 0xad,
    0xd0, 0x6b, 0xd0, 0x6b, 0xb4, 0x94, 0xb4, 0x94, 0x62, 0x08, 0x62, 0x08, 0xe9, 0x31, 0xe9, 0x31, 0xf9, 0xbd, 0xf9, 0xbd, 0x62, 0x08, 0x62, 0x08,
    0x57, 0x9d, 0x57, 0x9d, 0x4f, 0x5b, 0x4f, 0x5b, 0x6b, 0x4a, 0x6b, 0x4a, 0xa8, 0x31, 0xa8, 0x31, 0x41, 0x00, 0x41, 0x00, 0x53, 0x84, 0x53, 0x84,
    0x4a, 0x42, 0x4a, 0x42, 0x11, 0x74, 0x11, 0x74, 0xf1, 0x73, 0xf1, 0x73, 0x11, 0x74, 0x11, 0x74, 0xf1, 0x73, 0xf1, 0x73, 0xf1, 0x73, 0xf1, 0x73,
    0x11, 0x74, 0x11, 0x74, 0x11, 0x7c, 0x11, 0x7c, 0x11, 0x74, 0x11, 0x74, 0x12, 0x7c, 0x12, 0x7c, 0x32, 0x7c, 0x32, 0x7c, 0x53, 0x84, 0x53, 0x84,
    0xb4, 0x8c, 0xb4, 0x8c, 0xd5, 0x94, 0xd5, 0x94, 0x16, 0x9d, 0x16, 0x9d, 0x57, 0xa5, 0x57, 0xa5, 0x4e, 0x63, 0x4e, 0x63, 0x77, 0xa5, 0x77, 0xa5,
    0xd5, 0x94, 0xd5, 0x94, 0x93, 0x8c, 0x93, 0x8c, 0x9a, 0xce, 0x9a, 0xce, 0x1c, 0xdf, 0x1c, 0xdf, 0x8c, 0x4a, 0x8c, 0x4a, 0x2a, 0x3a, 0x2a, 0x3a,
    0x09, 0x32, 0x09, 0x32, 0xac, 0x4a, 0xac, 0x4a, 0xb0, 0x6b, 0xb0, 0x6b, 0xf1, 0x73, 0xf1, 0x73, 0xd1, 0x73, 0xd1, 0x73, 0x46, 0x21, 0x46, 0x21,
    0xec, 0x52, 0xec, 0x52, 0x94, 0x8c, 0x94, 0x8c, 0x15, 0x9d, 0x15, 0x9d, 0xd8, 0xb5, 0xd8, 0xb5, 0xe9, 0x31, 0xe9, 0x31, 0xf5, 0x94, 0xf5, 0x94,
    0xc4, 0x10, 0xc4, 0x10, 0x4a, 0x42, 0x4a, 0x42, 0x90, 0x6b, 0x90, 0x6b, 0x90, 0x6b, 0x90, 0x6b, 0x90, 0x6b, 0x90, 0x6b, 0x4f, 0x63, 0x4f, 0x63,
    0xc5, 0x08, 0xc5, 0x08, 0xe5, 0x10, 0xe5, 0x10, 0xc5, 0x08, 0xc5, 0x08, 0xe5, 0x10, 0xe5, 0x10, 0xe5, 0x10, 0xe5, 0x10, 0xe5, 0x10, 0xe5, 0x10,
    0xc5, 0x08, 0xc5, 0x08, 0xc5, 0x10, 0xc5, 0x10, 0xe5, 0x10, 0xe5, 0x10, 0xe5, 0x10, 0xe5, 0x10, 0xe5, 0x10, 0xe5, 0x10, 0x56, 0xa5, 0x56, 0xa5,
    0xd5, 0x94, 0xd5, 0x94, 0x94, 0x8c, 0x94, 0x8c, 0x73, 0x84, 0x73, 0x84, 0xb8, 0xad, 0xb8, 0xad, 0x12, 0x74, 0x12, 0x74, 0x15, 0x9d, 0x15, 0x9d,
    0x15, 0x95, 0x15, 0x95, 0xd5, 0x8c, 0xd5, 0x8c, 0xd5, 0x8c, 0xd5, 0x8c, 0xd5, 0x8c, 0xd5, 0x8c, 0xd5, 0x8c, 0xd5, 0x8c, 0xb4, 0x8c, 0xb4, 0x8c,
    0xb4, 0x8c, 0xb4, 0x8c, 0xb4, 0x84, 0xb4, 0x84, 0x94, 0x84, 0x94, 0x84, 0x94, 0x84, 0x94, 0x84, 0x94, 0x84, 0x94, 0x84, 0x94, 0x84, 0x94, 0x84,
    0xd5, 0x8c, 0xd5, 0x8c, 0x77, 0xa5, 0x77, 0xa5, 0xd5, 0x8c, 0xd5, 0x8c, 0x8f, 0x63, 0x8f, 0x63, 0x5a, 0xc6, 0x5a, 0xc6, 0x19, 0xbe, 0x19, 0xbe,
    0xf5, 0x94, 0xf5, 0x94, 0xd5, 0x94, 0xd5, 0x94, 0xf5, 0x94, 0xf5, 0x94, 0xb4, 0x8c, 0xb4, 0x8c, 0x94, 0x8c, 0x94, 0x8c, 0x32, 0x7c, 0x32, 0x7c,
    0x32, 0x7c, 0x32, 0x7c, 0x52, 0x84, 0x52, 0x84, 0x53, 0x84, 0x53, 0x84, 0x73, 0x84, 0x73, 0x84, 0x73, 0x84, 0x73, 0x84, 0x53, 0x84, 0x53, 0x84,
    0x53, 0x84, 0x53, 0x84, 0x53, 0x84, 0x53, 0x84, 0x53, 0x84, 0x53, 0x84, 0xb4, 0x8c, 0xb4, 0x8c, 0x16, 0x9d, 0x16, 0x9d, 0xf1, 0x73, 0xf1, 0x73,
    0x01, 0x00, 0x01, 0x00, 0x09, 0x32, 0x09, 0x32, 0xc8, 0x31, 0xc8, 0x31, 0x87, 0x29, 0x87, 0x29, 0x77, 0xa5, 0x77, 0xa5, 0x2a, 0x42, 0x2a, 0x42,
    0x97, 0xad, 0x97, 0xad, 0xe9, 0x31, 0xe9, 0x31, 0x77, 0xa5, 0x77, 0xa5, 0xe4, 0x10, 0xe4, 0x10, 0x62, 0x08, 0x62, 0x08, 0xb0, 0x6b, 0xb0, 0x6b,
    0x2e, 0x5b, 0x2e, 0x5b, 0x11, 0x74, 0x11, 0x74, 0x12, 0x7c, 0x12, 0x7c, 0x12, 0x7c, 0x12, 0x7c, 0x12, 0x7c, 0x12, 0x7c, 0x32, 0x7c, 0x32, 0x7c,
    0x73, 0x84, 0x73, 0x84, 0xd5, 0x94, 0xd5, 0x94, 0xf5, 0x9c, 0xf5, 0x9c, 0x36, 0x9d, 0x36, 0x9d, 0x56, 0xa5, 0x56, 0xa5, 0xf5, 0x94, 0xf5, 0x94,
    0x39, 0xbe, 0x39, 0xbe, 0x7a, 0xce, 0x7a, 0xce, 0x5d, 0xef, 0x5d, 0xef, 0x90, 0x63, 0x90, 0x63, 0x0d, 0x53, 0x0d, 0x53, 0xc9, 0x31, 0xc9, 0x31,
    0x4b, 0x42, 0x4b, 0x42, 0xf1, 0x73, 0xf1, 0x73, 0xd1, 0x73, 0xd1, 0x73, 0xd1, 0x73, 0xd1, 0x73, 0xd1, 0x73, 0xd1, 0x73, 0xd1, 0x73, 0xd1, 0x73,
    0xf1, 0x73, 0xf1, 0x73, 0xf1, 0x73, 0xf1, 0x73, 0xf1, 0x73, 0xf1, 0x73, 0x11, 0x74, 0x11, 0x74, 0x83, 0x08, 0x83, 0x08, 0xa4, 0x10, 0xa4, 0x10,
    0xd5, 0x94, 0xd5, 0x94, 0xac, 0x4a, 0xac, 0x4a, 0x32, 0x7c, 0x32, 0x7c, 0xd1, 0x73, 0xd1, 0x73, 0x9e, 0xef, 0x9e, 0xef, 0x09, 0x3a, 0x09, 0x3a,
    0xe4, 0x10, 0xe4, 0x10, 0x41, 0x00, 0x41, 0x00, 0x8f, 0x63, 0x8f, 0x63, 0x2e, 0x5b, 0x2e, 0x5b, 0x2e, 0x5b, 0x2e, 0x5b, 0x2e, 0x5b, 0x2e, 0x5b,
    0xe5, 0x10, 0xe5, 0x10, 0xe5, 0x10, 0xe5, 0x10, 0xe5, 0x10, 0xe5, 0x10, 0xe5, 0x10, 0xe5, 0x10, 0xc5, 0x08, 0xc5, 0x08, 0xc5, 0x08, 0xc5, 0x08,
    0xc5, 0x08, 0xc5, 0x08, 0xc5, 0x10, 0xc5, 0x10, 0xe5, 0x10, 0xe5, 0x10, 0xe5, 0x10, 0xe5, 0x10, 0xe5, 0x10, 0xe5, 0x10, 0x56, 0xa5, 0x56, 0xa5,
    0xd5, 0x94, 0xd5, 0x94, 0x94, 0x8c, 0x94, 0x8c, 0x73, 0x84, 0x73, 0x84, 0xb8, 0xad, 0xb8, 0xad, 0x12, 0x74, 0x12, 0x74, 0x15, 0x9d, 0x15, 0x9d,
    0x15, 0x95, 0x15, 0x95, 0xd5, 0x8c, 0xd5, 0x8c, 0xd5, 0x8c, 0xd5, 0x8c, 0xd5, 0x8c, 0xd5, 0x8c, 0xd5, 0x8c, 0xd5, 0x8c, 0xb4, 0x8c, 0xb4, 0x8c,
    0xb4, 0x8c, 0xb4, 0x8c, 0xb4, 0x84, 0xb4, 0x84, 0x94, 0x84, 0x94, 0x84, 0x94, 0x84, 0x94, 0x84, 0x94, 0x84, 0x94, 0x84, 0x94, 0x84, 0x94, 0x84,
    0xd5, 0x8c, 0xd5, 0x8c, 0x77, 0xa5, 0x77, 0xa5, 0xd5, 0x8c, 0xd5, 0x8c, 0x8f, 0x63, 0x8f, 0x63, 0x5a, 0xc6, 0x5a, 0xc6, 0x19, 0xbe, 0x19, 0xbe,
    0xf5, 0x94, 0xf5, 0x94, 0xd5, 0x94, 0xd5, 0x94, 0xf5, 0x94, 0xf5, 0x94, 0xb4, 0x8c, 0xb4, 0x8c, 0x94, 0x8c, 0x94, 0x8c, 0x32, 0x7c, 0x32, 0x7c,
    0x32, 0x7c, 0x32, 0x7c, 0x52, 0x84, 0x52, 0x84, 0x53, 0x84, 0x53, 0x84, 0x73, 0x84, 0x73, 0x84, 0x73, 0x84, 0x73, 0x84, 0x53, 0x84, 0x53, 0x84,
    0x53, 0x84, 0x53, 0x84, 0x53, 0x84, 0x53, 0x84, 0x53, 0x84, 0x53, 0x84, 0xb4, 0x8c, 0xb4, 0x8c, 0x16, 0x9d, 0x16, 0x9d, 0xf1, 0x73, 0xf1, 0x73,
    0x01, 0x00, 0x01, 0x00, 0x09, 0x32, 0x09, 0x32, 0xc8, 0x31, 0xc8, 0x31, 0x87, 0x29, 0x87, 0x29, 0x77, 0xa5, 0x77, 0xa5, 0x2a, 0x42, 0x2a, 0x42,
    0x97, 0xad, 0x97, 0xad, 0xe9, 0x31, 0xe9, 0x31, 0x77, 0xa5, 0x77, 0xa5, 0xe4, 0x10, 0xe4, 0x10, 0x62, 0x08, 0x62, 0x08, 0xb0, 0x6b, 0xb0, 0x6b,
    0x2e, 0x5b, 0x2e, 0x5b, 0x11, 0x74, 0x11, 0x74, 0x12, 0x7c, 0x12, 0x7c, 0x12, 0x7c, 0x12, 0x7c, 0x12, 0x7c, 0x12, 0x7c, 0x32, 0x7c, 0x32, 0x7c,
    0x73, 0x84, 0x73, 0x84, 0xd5, 0x94, 0xd5, 0x94, 0xf5, 0x9c, 0xf5, 0x9c, 0x36, 0x9d, 0x36, 0x9d, 0x56, 0xa5, 0x56, 0xa5, 0xf5, 0x94, 0xf5, 0x94,
    0x39, 0xbe, 0x39, 0xbe, 0x7a, 0xce, 0x7a, 0xce, 0x5d, 0xef, 0x5d, 0xef, 0x90, 0x63, 0x90, 0x63, 0x0d, 0x53, 0x0d, 0x53, 0xc9, 0x31, 0xc9, 0x31,
    0x4b, 0x42, 0x4b, 0x42, 0xf1, 0x73, 0xf1, 0x73, 0xd1, 0x73, 0xd1, 0x73, 0xd1, 0x73, 0xd1, 0x73, 0xd1, 0x73, 0xd1, 0x73, 0xd1, 0x73, 0xd1, 0x73,
    0xf1, 0x73, 0xf1, 0x73, 0xf1, 0x73, 0xf1, 0x73, 0xf1, 0x73, 0xf1, 0x73, 0x11, 0x74, 0x11, 0x74, 0x83, 0x08, 0x83, 0x08, 0xa4, 0x10, 0xa4, 0x10,
    0xd5, 0x94, 0xd5, 0x94, 0xac, 0x4a, 0xac, 0x4a, 0x32, 0x7c, 0x32, 0x7c, 0xd1, 0x73, 0xd1, 0x73, 0x9e, 0xef, 0x9e, 0xef, 0x09, 0x3a, 0x09, 0x3a,
    0xe4, 0x10, 0xe4, 0x10, 0x41, 0x00, 0x41, 0x00, 0x8f, 0x63, 0x8f, 0x63, 0x2e, 0x5b, 0x2e, 0x5b, 0x2e, 0x5b, 0x2e, 0x5b, 0x2e, 0x5b, 0x2e, 0x5b,
    0xe5, 0x10, 0xe5, 0x10, 0xe5, 0x10, 0xe5, 0x10, 0xe5, 0x10, 0xe5, 0x10, 0xe5, 0x10, 0xe5, 0x10, 0xc5, 0x08, 0xc5, 0x08, 0xc5, 0x08, 0xc5, 0x08,
    0xe5, 0x10, 0xe5, 0x10, 0xc5, 0x10, 0xc5, 0x10, 0xc5, 0x10, 0xc5, 0x10, 0xe5, 0x10, 0xe5, 0x10, 0xe5, 0x10, 0xe5, 0x10, 0x9e, 0xf7, 0x9e, 0xf7,
    0x0c, 0x5b, 0x0c, 0x5b, 0xe9, 0x31, 0xe9, 0x31, 0x94, 0x8c, 0x94, 0x8c, 0x56, 0xa5, 0x56, 0xa5, 0x73, 0x84, 0x73, 0x84, 0x41, 0x00, 0x41, 0x00,
    0x42, 0x00, 0x42, 0x00, 0x21, 0x00, 0x21, 0x00, 0x00, 0x00, 0x00, 0x00, 0x63, 0x00, 0x63, 0x00, 0x83, 0x08, 0x83, 0x08, 0xc4, 0x10, 0xc4, 0x10,
    0xa8, 0x29, 0xa8, 0x29, 0x46, 0x19, 0x46, 0x19, 0x67, 0x21, 0x67, 0x21, 0x0a, 0x32, 0x0a, 0x32, 0x8c, 0x42, 0x8c, 0x42, 0x8c, 0x42, 0x8c, 0x42,
    0x90, 0x63, 0x90, 0x63, 0x6f, 0x5b, 0x6f, 0x5b, 0xd1, 0x6b, 0xd1, 0x6b, 0xb8, 0xad, 0xb8, 0xad, 0xd8, 0xb5, 0xd8, 0xb5, 0x93, 0x84, 0x93, 0x84,
    0x15, 0x9d, 0x15, 0x9d, 0xf5, 0x94, 0xf5, 0x94, 0x15, 0x9d, 0x15, 0x9d, 0xd5, 0x94, 0xd5, 0x94, 0xf5, 0x94, 0xf5, 0x94, 0x15, 0x9d, 0x15, 0x9d,
    0xb4, 0x8c, 0xb4, 0x8c, 0xf1, 0x73, 0xf1, 0x73, 0x0e, 0x53, 0x0e, 0x53, 0x67, 0x21, 0x67, 0x21, 0x83, 0x08, 0x83, 0x08, 0x42, 0x00, 0x42, 0x00,
    0x26, 0x19, 0x26, 0x19, 0x53, 0x84, 0x53, 0x84, 0x53, 0x84, 0x53, 0x84, 0x53, 0x84, 0x53, 0x84, 0x36, 0x9d, 0x36, 0x9d, 0xb0, 0x6b, 0xb0, 0x6b,
    0xa3, 0x10, 0xa3, 0x10, 0x26, 0x19, 0x26, 0x19, 0xf5, 0x94, 0xf5, 0x94, 0x2e, 0x5b, 0x2e, 0x5b, 0xd5, 0x94, 0xd5, 0x94, 0x16, 0x9d, 0x16, 0x9d,
    0x41, 0x00, 0x41, 0x00, 0x87, 0x21, 0x87, 0x21, 0x94, 0x8c, 0x94, 0x8c, 0x21, 0x00, 0x21, 0x00, 0x46, 0x21, 0x46, 0x21, 0xf1, 0x73, 0xf1, 0x73,
    0x0e, 0x5b, 0x0e, 0x5b, 0x73, 0x84, 0x73, 0x84, 0x73, 0x84, 0x73, 0x84, 0x73, 0x84, 0x73, 0x84, 0xb4, 0x94, 0xb4, 0x94, 0xdf, 0xff, 0xdf, 0xff,
    0x94, 0x8c, 0x94, 0x8c, 0xc9, 0x31, 0xc9, 0x31, 0xc9, 0x31, 0xc9, 0x31, 0xc8, 0x31, 0xc8, 0x31, 0x2a, 0x3a, 0x2a, 0x3a, 0xd0, 0x73, 0xd0, 0x73,
    0xd1, 0x73, 0xd1, 0x73, 0xd0, 0x6b, 0xd0, 0x6b, 0xd1, 0x73, 0xd1, 0x73, 0xd1, 0x73, 0xd1, 0x73, 0x2a, 0x3a, 0x2a, 0x3a, 0xd1, 0x73, 0xd1, 0x73,
    0xd1, 0x73, 0xd1, 0x73, 0xd1, 0x73, 0xd1, 0x73, 0xd1, 0x73, 0xd1, 0x73, 0xd1, 0x73, 0xd1, 0x73, 0xd1, 0x73, 0xd1, 0x73, 0xd1, 0x73, 0xd1, 0x73,
    0xf1, 0x73, 0xf1, 0x73, 0xf1, 0x73, 0xf1, 0x73, 0x32, 0x7c, 0x32, 0x7c, 0xf1, 0x73, 0xf1, 0x73, 0x83, 0x08, 0x83, 0x08, 0x83, 0x08, 0x83, 0x08,
    0x00, 0x00, 0x00, 0x00, 0x16, 0x9d, 0x16, 0x9d, 0x88, 0x29, 0x88, 0x29, 0xd5, 0x94, 0xd5, 0x94, 0x62, 0x00, 0x62, 0x00, 0x6f, 0x63, 0x6f, 0x63,
    0xc4, 0x10, 0xc4, 0x10, 0x41, 0x00, 0x41, 0x00, 0x2e, 0x5b, 0x2e, 0x5b, 0x2e, 0x5b, 0x2e, 0x5b, 0x4f, 0x5b, 0x4f, 0x5b, 0x19, 0xbe, 0x19, 0xbe,
    0xc5, 0x10, 0xc5, 0x10, 0xe5, 0x10, 0xe5, 0x10, 0xe5, 0x08, 0xe5, 0x08, 0xe5, 0x10, 0xe5, 0x10, 0xe5, 0x10, 0xe5, 0x10, 0xe5, 0x10, 0xe5, 0x10,
    0xe5, 0x10, 0xe5, 0x10, 0xc5, 0x10, 0xc5, 0x10, 0xc5, 0x10, 0xc5, 0x10, 0xe5, 0x10, 0xe5, 0x10, 0xe5, 0x10, 0xe5, 0x10, 0x9e, 0xf7, 0x9e, 0xf7,
    0x0c, 0x5b, 0x0c, 0x5b, 0xe9, 0x31, 0xe9, 0x31, 0x94, 0x8c, 0x94, 0x8c, 0x56, 0xa5, 0x56, 0xa5, 0x73, 0x84, 0x73, 0x84, 0x41, 0x00, 0x41, 0x00,
    0x42, 0x00, 0x42, 0x00, 0x21, 0x00, 0x21, 0x00, 0x00, 0x00, 0x00, 0x00, 0x63, 0x00, 0x63, 0x00, 0x83, 0x08, 0x83, 0x08, 0xc4, 0x10, 0xc4, 0x10,
    0xa8, 0x29, 0xa8, 0x29, 0x46, 0x19, 0x46, 0x19, 0x67, 0x21, 0x67, 0x21, 0x0a, 0x32, 0x0a, 0x32, 0x8c, 0x42, 0x8c, 0x42, 0x8c, 0x42, 0x8c, 0x42,
    0x90, 0x63, 0x90, 0x63, 0x6f, 0x5b, 0x6f, 0x5b, 0xd1, 0x6b, 0xd1, 0x6b, 0xb8, 0xad, 0xb8, 0xad, 0xd8, 0xb5, 0xd8, 0xb5, 0x93, 0x84, 0x93, 0x84,
    0x15, 0x9d, 0x15, 0x9d, 0xf5, 0x94, 0xf5, 0x94, 0x15, 0x9d, 0x15, 0x9d, 0xd5, 0x94, 0xd5, 0x94, 0xf5, 0x94, 0xf5, 0x94, 0x15, 0x9d, 0x15, 0x9d,
    0xb4, 0x8c, 0xb4, 0x8c, 0xf1, 0x73, 0xf1, 0x73, 0x0e, 0x53, 0x0e, 0x53, 0x67, 0x21, 0x67, 0x21, 0x83, 0x08, 0x83, 0x08, 0x42, 0x00, 0x42, 0x00,
    0x26, 0x19, 0x26, 0x19, 0x53, 0x84, 0x53, 0x84, 0x53, 0x84, 0x53, 0x84, 0x53, 0x84, 0x53, 0x84, 0x36, 0x9d, 0x36, 0x9d, 0xb0, 0x6b, 0xb0, 0x6b,
    0xa3, 0x10, 0xa3, 0x10, 0x26, 0x19, 0x26, 0x19, 0xf5, 0x94, 0xf5, 0x94, 0x2e, 0x5b, 0x2e, 0x5b, 0xd5, 0x94, 0xd5, 0x94, 0x16, 0x9d, 0x16, 0x9d,
    0x41, 0x00, 0x41, 0x00, 0x87, 0x21, 0x87, 0x21, 0x94, 0x8c, 0x94, 0x8c, 0x21, 0x00, 0x21, 0x00, 0x46, 0x21, 0x46, 0x21, 0xf1, 0x73, 0xf1, 0x73,
    0x0e, 0x5b, 0x0e, 0x5b, 0x73, 0x84, 0x73, 0x84, 0x73, 0x84, 0x73, 0x84, 0x73, 0x84, 0x73, 0x84, 0xb4, 0x94, 0xb4, 0x94, 0xdf, 0xff, 0xdf, 0xff,
    0x94, 0x8c, 0x94, 0x8c, 0xc9, 0x31, 0xc9, 0x31, 0xc9, 0x31, 0xc9, 0x31, 0xc8, 0x31, 0xc8, 0x31, 0x2a, 0x3a, 0x2a, 0x3a, 0xd0, 0x73, 0xd0, 0x73,
    0xd1, 0x73, 0xd1, 0x73, 0xd0, 0x6b, 0xd0, 0x6b, 0xd1, 0x73, 0xd1, 0x73, 0xd1, 0x73, 0xd1, 0x73, 0x2a, 0x3a, 0x2a, 0x3a, 0xd1, 0x73, 0xd1, 0x73,
    0xd1, 0x73, 0xd1, 0x73, 0xd1, 0x73, 0xd1, 0x73, 0xd1, 0x73, 0xd1, 0x73, 0xd1, 0x73, 0xd1, 0x73, 0xd1, 0x73, 0xd1, 0x73, 0xd1, 0x73, 0xd1, 0x73,
    0xf1, 0x73, 0xf1, 0x73, 0xf1, 0x73, 0xf1, 0x73, 0x32, 0x7c, 0x32, 0x7c, 0xf1, 0x73, 0xf1, 0x73, 0x83, 0x08, 0x83, 0x08, 0x83, 0x08, 0x83, 0x08,
    0x00, 0x00, 0x00, 0x00, 0x16, 0x9d, 0x16, 0x9d, 0x88, 0x29, 0x88, 0x29, 0xd5, 0x94, 0xd5, 0x94, 0x62, 0x00, 0x62, 0x00, 0x6f, 0x63, 0x6f, 0x63,
    0xc4, 0x10, 0xc4, 0x10, 0x41, 0x00, 0x41, 0x00, 0x2e, 0x5b, 0x2e, 0x5b, 0x2e, 0x5b, 0x2e, 0x5b, 0x4f, 0x5b, 0x4f, 0x5b, 0x19, 0xbe, 0x19, 0xbe,
    0xc5, 0x10, 0xc5, 0x10, 0xe5, 0x10, 0xe5, 0x10, 0xe5, 0x08, 0xe5, 0x08, 0xe5, 0x10, 0xe5, 0x10, 0xe5, 0x10, 0xe5, 0x10, 0xe5, 0x10, 0xe5, 0x10,
    0xe5, 0x10, 0xe5, 0x10, 0xc5, 0x10, 0xc5, 0x10, 0xc5, 0x08, 0xc5, 0x08, 0xc5, 0x08, 0xc5, 0x08, 0xc5, 0x10, 0xc5, 0x10, 0xe5, 0x10, 0xe5, 0x10,
    0x41, 0x00, 0x41, 0x00, 0x82, 0x08, 0x82, 0x08, 0xa8, 0x29, 0xa8, 0x29, 0xb4, 0x8c, 0xb4, 0x8c, 0xdb, 0xde, 0xdb, 0xde, 0x62, 0x00, 0x62, 0x00,
    0x62, 0x08, 0x62, 0x08, 0x41, 0x00, 0x41, 0x00, 0x62, 0x08, 0x62, 0x08, 0xe4, 0x10, 0xe4, 0x10, 0x83, 0x08, 0x83, 0x08, 0x83, 0x08, 0x83, 0x08,
    0x41, 0x00, 0x41, 0x00, 0x83, 0x08, 0x83, 0x08, 0x62, 0x08, 0x62, 0x08, 0x82, 0x08, 0x82, 0x08, 0x62, 0x08, 0x62, 0x08, 0x42, 0x00, 0x42, 0x00,
    0x83, 0x08, 0x83, 0x08, 0x83, 0x08, 0x83, 0x08, 0x2e, 0x53, 0x2e, 0x53, 0x15, 0x95, 0x15, 0x95, 0x36, 0x9d, 0x36, 0x9d, 0x6b, 0x42, 0x6b, 0x42,
    0xe9, 0x39, 0xe9, 0x39, 0x87, 0x29, 0x87, 0x29, 0x46, 0x21, 0x46, 0x21, 0x46, 0x21, 0x46, 0x21, 0x59, 0xc6, 0x59, 0xc6, 0x77, 0xa5, 0x77, 0xa5,
    0x36, 0x9d, 0x36, 0x9d, 0x93, 0x94, 0x93, 0x94, 0x5d, 0xef, 0x5d, 0xef, 0x3d, 0xe7, 0x3d, 0xe7, 0x15, 0x9d, 0x15, 0x9d, 0x05, 0x19, 0x05, 0x19,
    0x41, 0x00, 0x41, 0x00, 0x32, 0x7c, 0x32, 0x7c, 0x32, 0x7c, 0x32, 0x7c, 0xb4, 0x8c, 0xb4, 0x8c, 0xf5, 0x94, 0xf5, 0x94, 0x4e, 0x63, 0x4e, 0x63,
    0x73, 0x84, 0x73, 0x84, 0x25, 0x19, 0x25, 0x19, 0x2a, 0x3a, 0x2a, 0x3a, 0xb7, 0xad, 0xb7, 0xad, 0xf1, 0x73, 0xf1, 0x73, 0x73, 0x84, 0x73, 0x84,
    0xb0, 0x6b, 0xb0, 0x6b, 0xf5, 0x94, 0xf5, 0x94, 0xa8, 0x29, 0xa8, 0x29, 0x77, 0xad, 0x77, 0xad, 0x46, 0x21, 0x46, 0x21, 0xd0, 0x73, 0xd0, 0x73,
    0xcd, 0x52, 0xcd, 0x52, 0xb0, 0x6b, 0xb0, 0x6b, 0x0a, 0x3a, 0x0a, 0x3a, 0xd1, 0x73, 0xd1, 0x73, 0xd1, 0x73, 0xd1, 0x73, 0xd1, 0x73, 0xd1, 0x73,
    0xd1, 0x73, 0xd1, 0x73, 0xd1, 0x73, 0xd1, 0x73, 0xd1, 0x73, 0xd1, 0x73, 0xd1, 0x73, 0xd1, 0x73, 0xd1, 0x73, 0xd1, 0x73, 0xd1, 0x73, 0xd1, 0x73,
    0xd1, 0x73, 0xd1, 0x73, 0xd1, 0x73, 0xd1, 0x73, 0xd1, 0x73, 0xd1, 0x73, 0xf1, 0x73, 0xf1, 0x73, 0xcc, 0x52, 0xcc, 0x52, 0xd1, 0x73, 0xd1, 0x73,
    0xf1, 0x73, 0xf1, 0x73, 0xf1, 0x73, 0xf1, 0x73, 0xf1, 0x73, 0xf1, 0x73, 0xf1, 0x73, 0xf1, 0x73, 0xf1, 0x73, 0xf1, 0x73, 0xf1, 0x73, 0xf1, 0x73,
    0xf1, 0x73, 0xf1, 0x73, 0x16, 0x9d, 0x16, 0x9d, 0x0d, 0x53, 0x0d, 0x53, 0xc8, 0x31, 0xc8, 0x31, 0x25, 0x19, 0x25, 0x19, 0xa4, 0x10, 0xa4, 0x10,
    0x41, 0x00, 0x41, 0x00, 0x9e, 0xf7, 0x9e, 0xf7, 0xa7, 0x31, 0xa7, 0x31, 0xed, 0x52, 0xed, 0x52, 0x77, 0xa5, 0x77, 0xa5, 0xb4, 0x8c, 0xb4, 0x8c,
    0xc4, 0x10, 0xc4, 0x10, 0x41, 0x00, 0x41, 0x00, 0xf5, 0x94, 0xf5, 0x94, 0xfc, 0xde, 0xfc, 0xde, 0xcd, 0x52, 0xcd, 0x52, 0xed, 0x52, 0xed, 0x52,
    0xe5, 0x10, 0xe5, 0x10, 0xc5, 0x10, 0xc5, 0x10, 0xc5, 0x10, 0xc5, 0x10, 0xe5, 0x10, 0xe5, 0x10, 0xe5, 0x10, 0xe5, 0x10, 0xe5, 0x10, 0xe5, 0x10,
    0xe5, 0x10, 0xe5, 0x10, 0xc5, 0x10, 0xc5, 0x10, 0xc5, 0x08, 0xc5, 0x08, 0xc5, 0x08, 0xc5, 0x08, 0xc5, 0x10, 0xc5, 0x10, 0xe5, 0x10, 0xe5, 0x10,
    0x41, 0x00, 0x41, 0x00, 0x82, 0x08, 0x82, 0x08, 0xa8, 0x29, 0xa8, 0x29, 0xb4, 0x8c, 0xb4, 0x8c, 0xdb, 0xde, 0xdb, 0xde, 0x62, 0x00, 0x62, 0x00,
    0x62, 0x08, 0x62, 0x08, 0x41, 0x00, 0x41, 0x00, 0x62, 0x08, 0x62, 0x08, 0xe4, 0x10, 0xe4, 0x10, 0x83, 0x08, 0x83, 0x08, 0x83, 0x08, 0x83, 0x08,
    0x41, 0x00, 0x41, 0x00, 0x83, 0x08, 0x83, 0x08, 0x62, 0x08, 0x62, 0x08, 0x82, 0x08, 0x82, 0x08, 0x62, 0x08, 0x62, 0x08, 0x42, 0x00, 0x42, 0x00,
    0x83, 0x08, 0x83, 0x08, 0x83, 0x08, 0x83, 0x08, 0x2e, 0x53, 0x2e, 0x53, 0x15, 0x95, 0x15, 0x95, 0x36, 0x9d, 0x36, 0x9d, 0x6b, 0x42, 0x6b, 0x42,
    0xe9, 0x39, 0xe9, 0x39, 0x87, 0x29, 0x87, 0x29, 0x46, 0x21, 0x46, 0x21, 0x46, 0x21, 0x46, 0x21, 0x59, 0xc6, 0x59, 0xc6, 0x77, 0xa5, 0x77, 0xa5,
    0x36, 0x9d, 0x36, 0x9d, 0x93, 0x94, 0x93, 0x94, 0x5d, 0xef, 0x5d, 0xef, 0x3d, 0xe7, 0x3d, 0xe7, 0x15, 0x9d, 0x15, 0x9d, 0x05, 0x19, 0x05, 0x19,
    0x41, 0x00, 0x41, 0x00, 0x32, 0x7c, 0x32, 0x7c, 0x32, 0x7c, 0x32, 0x7c, 0xb4, 0x8c, 0xb4, 0x8c, 0xf5, 0x94, 0xf5, 0x94, 0x4e, 0x63, 0x4e, 0x63,
    0x73, 0x84, 0x73, 0x84, 0x25, 0x19, 0x25, 0x19, 0x2a, 0x3a, 0x2a, 0x3a, 0xb7, 0xad, 0xb7, 0xad, 0xf1, 0x73, 0xf1, 0x73, 0x73, 0x84, 0x73, 0x84,
    0xb0, 0x6b, 0xb0, 0x6b, 0xf5, 0x94, 0xf5, 0x94, 0xa8, 0x29, 0xa8, 0x29, 0x77, 0xad, 0x77, 0xad, 0x46, 0x21, 0x46, 0x21, 0xd0, 0x73, 0xd0, 0x73,
    0xcd, 0x52, 0xcd, 0x52, 0xb0, 0x6b, 0xb0, 0x6b, 0x0a, 0x3a, 0x0a, 0x3a, 0xd1, 0x73, 0xd1, 0x73, 0xd1, 0x73, 0xd1, 0x73, 0xd1, 0x73, 0xd1, 0x73,
    0xd1, 0x73, 0xd1, 0x73, 0xd1, 0x73, 0xd1, 0x73, 0xd1, 0x73, 0xd1, 0x73, 0xd1, 0x73, 0xd1, 0x73, 0xd1, 0x73, 0xd1, 0x73, 0xd1, 0x73, 0xd1, 0x73,
    0xd1, 0x73, 0xd1, 0x73, 0xd1, 0x73, 0xd1, 0x73, 0xd1, 0x73, 0xd1, 0x73, 0xf1, 0x73, 0xf1, 0x73, 0xcc, 0x52, 0xcc, 0x52, 0xd1, 0x73, 0xd1, 0x73,
    0xf1, 0x73, 0xf1, 0x73, 0xf1, 0x73, 0xf1, 0x73, 0xf1, 0x73, 0xf1, 0x73, 0xf1, 0x73, 0xf1, 0x73, 0xf1, 0x73, 0xf1, 0x73, 0xf1, 0x73, 0xf1, 0x73,
    0xf1, 0x73, 0xf1, 0x73, 0x16, 0x9d, 0x16, 0x9d, 0x0d, 0x53, 0x0d, 0x53, 0xc8, 0x31, 0xc8, 0x31, 0x25, 0x19, 0x25, 0x19, 0xa4, 0x10, 0xa4, 0x10,
    0x41, 0x00, 0x41, 0x00, 0x9e, 0xf7, 0x9e, 0xf7, 0xa7, 0x31, 0xa7, 0x31, 0xed, 0x52, 0xed, 0x52, 0x77, 0xa5, 0x77, 0xa5, 0xb4, 0x8c, 0xb4, 0x8c,
    0xc4, 0x10, 0xc4, 0x10, 0x41, 0x00, 0x41, 0x00, 0xf5, 0x94, 0xf5, 0x94, 0xfc, 0xde, 0xfc, 0xde, 0xcd, 0x52, 0xcd, 0x52, 0xed, 0x52, 0xed, 0x52,
    0xe5, 0x10, 0xe5, 0x10, 0xc5, 0x10, 0xc5, 0x10, 0xc5, 0x10, 0xc5, 0x10, 0xe5, 0x10, 0xe5, 0x10, 0xe5, 0x10, 0xe5, 0x10, 0xe5, 0x10, 0xe5, 0x10,
    0xc5, 0x08, 0xc5, 0x08, 0xc5, 0x10, 0xc5, 0x10, 0xc5, 0x08, 0xc5, 0x08, 0xc5, 0x08, 0xc5, 0x08, 0xc5, 0x10, 0xc5, 0x10, 0x87, 0x21, 0x87, 0x21,
    0x62, 0x08, 0x62, 0x08, 0x46, 0x21, 0x46, 0x21, 0x62, 0x00, 0x62, 0x00, 0x73, 0x84, 0x73, 0x84, 0xc8, 0x29, 0xc8, 0x29, 0x41, 0x00, 0x41, 0x00,
    0x41, 0x00, 0x41, 0x00, 0x21, 0x00, 0x21, 0x00, 0x42, 0x00, 0x42, 0x00, 0x21, 0x00, 0x21, 0x00, 0x41, 0x00, 0x41, 0x00, 0x41, 0x00, 0x41, 0x00,
    0x42, 0x00, 0x42, 0x00, 0x62, 0x08, 0x62, 0x08, 0xa3, 0x10, 0xa3, 0x10, 0xe4, 0x10, 0xe4, 0x10, 0xc4, 0x10, 0xc4, 0x10, 0xe5, 0x18, 0xe5, 0x18,
    0x05, 0x19, 0x05, 0x19, 0x05, 0x19, 0x05, 0x19, 0x66, 0x29, 0x66, 0x29, 0xf5, 0x94, 0xf5, 0x94, 0xed, 0x52, 0xed, 0x52, 0x46, 0x21, 0x46, 0x21,
    0x26, 0x21, 0x26, 0x21, 0x41, 0x00, 0x41, 0x00, 0x42, 0x00, 0x42, 0x00, 0x42, 0x00, 0x42, 0x00, 0x42, 0x00, 0x42, 0x00, 0x62, 0x08, 0x62, 0x08,
    0x25, 0x19, 0x25, 0x19, 0xe4, 0x10, 0xe4, 0x10, 0x42, 0x00, 0x42, 0x00, 0x42, 0x00, 0x42, 0x00, 0x42, 0x00, 0x42, 0x00, 0x42, 0x00, 0x42, 0x00,
    0x32, 0x7c, 0x32, 0x7c, 0x32, 0x7c, 0x32, 0x7c, 0x32, 0x7c, 0x32, 0x7c, 0x93, 0x8c, 0x93, 0x8c, 0xb4, 0x8c, 0xb4, 0x8c, 0x41, 0x00, 0x41, 0x00,
    0xe4, 0x10, 0xe4, 0x10, 0x36, 0x9d, 0x36, 0x9d, 0x73, 0x84, 0x73, 0x84, 0x90, 0x63, 0x90, 0x63, 0x94, 0x8c, 0x94, 0x8c, 0xb4, 0x8c, 0xb4, 0x8c,
    0xf5, 0x94, 0xf5, 0x94, 0x62, 0x00, 0x62, 0x00, 0x0e, 0x53, 0x0e, 0x53, 0xb8, 0xad, 0xb8, 0xad, 0xe4, 0x10, 0xe4, 0x10, 0xf1, 0x73, 0xf1, 0x73,
    0x8c, 0x4a, 0x8c, 0x4a, 0xd1, 0x73, 0xd1, 0x73, 0xd1, 0x73, 0xd1, 0x73, 0xd1, 0x73, 0xd1, 0x73, 0xd1, 0x73, 0xd1, 0x73, 0xd1, 0x73, 0xd1, 0x73,
    0xf1, 0x73, 0xf1, 0x73, 0xd1, 0x73, 0xd1, 0x73, 0xd1, 0x73, 0xd1, 0x73, 0xf1, 0x73, 0xf1, 0x73, 0xf1, 0x73, 0xf1, 0x73, 0xf1, 0x73, 0xf1, 0x73,
    0xf1, 0x73, 0xf1, 0x73, 0xd1, 0x73, 0xd1, 0x73, 0xd5, 0x94, 0xd5, 0x94, 0x36, 0x9d, 0x36, 0x9d, 0x97, 0xad, 0x97, 0xad, 0x32, 0x7c, 0x32, 0x7c,
    0x6f, 0x63, 0x6f, 0x63, 0x8f, 0x63, 0x8f, 0x63, 0x90, 0x6b, 0x90, 0x6b, 0x6f, 0x63, 0x6f, 0x63, 0x6f, 0x63, 0x6f, 0x63, 0x6f, 0x63, 0x6f, 0x63,
    0x6f, 0x63, 0x6f, 0x63, 0x6b, 0x42, 0x6b, 0x42, 0x8f, 0x63, 0x8f, 0x63, 0x6f, 0x63, 0x6f, 0x63, 0xa7, 0x29, 0xa7, 0x29, 0xa4, 0x08, 0xa4, 0x08,
    0x94, 0x84, 0x94, 0x84, 0xad, 0x4a, 0xad, 0x4a, 0xc8, 0x31, 0xc8, 0x31, 0x39, 0xc6, 0x39, 0xc6, 0x83, 0x08, 0x83, 0x08, 0x2e, 0x5b, 0x2e, 0x5b,
    0xc4, 0x10, 0xc4, 0x10, 0x41, 0x00, 0x41, 0x00, 0xed, 0x52, 0xed, 0x52, 0xed, 0x52, 0xed, 0x52, 0x6b, 0x42, 0x6b, 0x42, 0xa8, 0x29, 0xa8, 0x29,
    0xc5, 0x10, 0xc5, 0x10, 0xc5, 0x10, 0xc5, 0x10, 0xc5, 0x10, 0xc5, 0x10, 0xc5, 0x10, 0xc5, 0x10, 0xc5, 0x10, 0xc5, 0x10, 0xe5, 0x10, 0xe5, 0x10,
    0xc5, 0x08, 0xc5, 0x08, 0xc5, 0x10, 0xc5, 0x10, 0xc5, 0x08, 0xc5, 0x08, 0xc5, 0x08, 0xc5, 0x08, 0xc5, 0x10, 0xc5, 0x10, 0x87, 0x21, 0x87, 0x21,
    0x62, 0x08, 0x62, 0x08, 0x46, 0x21, 0x46, 0x21, 0x62, 0x00, 0x62, 0x00, 0x73, 0x84, 0x73, 0x84, 0xc8, 0x29, 0xc8, 0x29, 0x41, 0x00, 0x41, 0x00,
    0x41, 0x00, 0x41, 0x00, 0x21, 0x00, 0x21, 0x00, 0x42, 0x00, 0x42, 0x00, 0x21, 0x00, 0x21, 0x00, 0x41, 0x00, 0x41, 0x00, 0x41, 0x00, 0x41, 0x00,
    0x42, 0x00, 0x42, 0x00, 0x62, 0x08, 0x62, 0x08, 0xa3, 0x10, 0xa3, 0x10, 0xe4, 0x10, 0xe4, 0x10, 0xc4, 0x10, 0xc4, 0x10, 0xe5, 0x18, 0xe5, 0x18,
    0x05, 0x19, 0x05, 0x19, 0x05, 0x19, 0x05, 0x19, 0x66, 0x29, 0x66, 0x29, 0xf5, 0x94, 0xf5, 0x94, 0xed, 0x52, 0xed, 0x52, 0x46, 0x21, 0x46, 0x21,
    0x26, 0x21, 0x26, 0x21, 0x41, 0x00, 0x41, 0x00, 0x42, 0x00, 0x42, 0x00, 0x42, 0x00, 0x42, 0x00, 0x42, 0x00, 0x42, 0x00, 0x62, 0x08, 0x62, 0x08,
    0x25, 0x19, 0x25, 0x19, 0xe4, 0x10, 0xe4, 0x10, 0x42, 0x00, 0x42, 0x00, 0x42, 0x00, 0x42, 0x00, 0x42, 0x00, 0x42, 0x00, 0x42, 0x00, 0x42, 0x00,
    0x32, 0x7c, 0x32, 0x7c, 0x32, 0x7c, 0x32, 0x7c, 0x32, 0x7c, 0x32, 0x7c, 0x93, 0x8c, 0x93, 0x8c, 0xb4, 0x8c, 0xb4, 0x8c, 0x41, 0x00, 0x41, 0x00,
    0xe4, 0x10, 0xe4, 0x10, 0x36, 0x9d, 0x36, 0x9d, 0x73, 0x84, 0x73, 0x84, 0x90, 0x63, 0x90, 0x63, 0x94, 0x8c, 0x94, 0x8c, 0xb4, 0x8c, 0xb4, 0x8c,
    0xf5, 0x94, 0xf5, 0x94, 0x62, 0x00, 0x62, 0x00, 0x0e, 0x53, 0x0e, 0x53, 0xb8, 0xad, 0xb8, 0xad, 0xe4, 0x10, 0xe4, 0x10, 0xf1, 0x73, 0xf1, 0x73,
    0x8c, 0x4a, 0x8c, 0x4a, 0xd1, 0x73, 0xd1, 0x73, 0xd1, 0x73, 0xd1, 0x73, 0xd1, 0x73, 0xd1, 0x73, 0xd1, 0x73, 0xd1, 0x73, 0xd1, 0x73, 0xd1, 0x73,
    0xf1, 0x73, 0xf1, 0x73, 0xd1, 0x73, 0xd1, 0x73, 0xd1, 0x73, 0xd1, 0x73, 0xf1, 0x73, 0xf1, 0x73, 0xf1, 0x73, 0xf1, 0x73, 0xf1, 0x73, 0xf1, 0x73,
    0xf1, 0x73, 0xf1, 0x73, 0xd1, 0x73, 0xd1, 0x73, 0xd5, 0x94, 0xd5, 0x94, 0x36, 0x9d, 0x36, 0x9d, 0x97, 0xad, 0x97, 0xad, 0x32, 0x7c, 0x32, 0x7c,
    0x6f, 0x63, 0x6f, 0x63, 0x8f, 0x63, 0x8f, 0x63, 0x90, 0x6b, 0x90, 0x6b, 0x6f, 0x63, 0x6f, 0x63, 0x6f, 0x63, 0x6f, 0x63, 0x6f, 0x63, 0x6f, 0x63,
    0x6f, 0x63, 0x6f, 0x63, 0x6b, 0x42, 0x6b, 0x42, 0x8f, 0x63, 0x8f, 0x63, 0x6f, 0x63, 0x6f, 0x63, 0xa7, 0x29, 0xa7, 0x29, 0xa4, 0x08, 0xa4, 0x08,
    0x94, 0x84, 0x94, 0x84, 0xad, 0x4a, 0xad, 0x4a, 0xc8, 0x31, 0xc8, 0x31, 0x39, 0xc6, 0x39, 0xc6, 0x83, 0x08, 0x83, 0x08, 0x2e, 0x5b, 0x2e, 0x5b,
    0xc4, 0x10, 0xc4, 0x10, 0x41, 0x00, 0x41, 0x00, 0xed, 0x52, 0xed, 0x52, 0xed, 0x52, 0xed, 0x52, 0x6b, 0x42, 0x6b, 0x42, 0xa8, 0x29, 0xa8, 0x29,
    0xc5, 0x10, 0xc5, 0x10, 0xc5, 0x10, 0xc5, 0x10, 0xc5, 0x10, 0xc5, 0x10, 0xc5, 0x10, 0xc5, 0x10, 0xc5, 0x10, 0xc5, 0x10, 0xe5, 0x10, 0xe5, 0x10,
    0xc5, 0x10, 0xc5, 0x10, 0xc5, 0x10, 0xc5, 0x10, 0xc5, 0x08, 0xc5, 0x08, 0xc5, 0x10, 0xc5, 0x10, 0xc5, 0x08, 0xc5, 0x08, 0xdf, 0xff, 0xdf, 0xff,
    0x05, 0x19, 0x05, 0x19, 0x26, 0x19, 0x26, 0x19, 0xc4, 0x10, 0xc4, 0x10, 0x93, 0x84, 0x93, 0x84, 0x29, 0x3a, 0x29, 0x3a, 0x66, 0x21, 0x66, 0x21,
    0x09, 0x3a, 0x09, 0x3a, 0x46, 0x21, 0x46, 0x21, 0xe4, 0x10, 0xe4, 0x10, 0xc4, 0x10, 0xc4, 0x10, 0x83, 0x08, 0x83, 0x08, 0x21, 0x00, 0x21, 0x00,
    0x42, 0x00, 0x42, 0x00, 0x42, 0x00, 0x42, 0x00, 0x21, 0x00, 0x21, 0x00, 0x62, 0x00, 0x62, 0x00, 0x62, 0x00, 0x62, 0x00, 0xe4, 0x10, 0xe4, 0x10,
    0x42, 0x00, 0x42, 0x00, 0xff, 0xff, 0xff, 0xff, 0x36, 0x9d, 0x36, 0x9d, 0xd5, 0x94, 0xd5, 0x94, 0xcd, 0x52, 0xcd, 0x52, 0x05, 0x19, 0x05, 0x19,
    0x66, 0x21, 0x66, 0x21, 0xa8, 0x29, 0xa8, 0x29, 0xa8, 0x29, 0xa8, 0x29, 0xc4, 0x10, 0xc4, 0x10, 0x41, 0x00, 0x41, 0x00, 0x62, 0x00, 0x62, 0x00,
    0x70, 0x63, 0x70, 0x63, 0xb4, 0x8c, 0xb4, 0x8c, 0x46, 0x21, 0x46, 0x21, 0x42, 0x00, 0x42, 0x00, 0x41, 0x00, 0x41, 0x00, 0x41, 0x00, 0x41, 0x00,
    0x12, 0x7c, 0x12, 0x7c, 0x32, 0x7c, 0x32, 0x7c, 0x32, 0x7c, 0x32, 0x7c, 0x94, 0x8c, 0x94, 0x8c, 0xb0, 0x6b, 0xb0, 0x6b, 0xe5, 0x10, 0xe5, 0x10,
    0x2a, 0x3a, 0x2a, 0x3a, 0x62, 0x08, 0x62, 0x08, 0xcd, 0x4a, 0xcd, 0x4a, 0xdf, 0xff, 0xdf, 0xff, 0xa4, 0x08, 0xa4, 0x08, 0xd5, 0x94, 0xd5, 0x94,
    0xff, 0xff, 0xff, 0xff, 0xff, 0xff, 0xff, 0xff, 0x18, 0xbe, 0x18, 0xbe, 0x9e, 0xf7, 0x9e, 0xf7, 0xe5, 0x18, 0xe5, 0x18, 0x11, 0x7c, 0x11, 0x7c,
    0xac, 0x4a, 0xac, 0x4a, 0xd1, 0x73, 0xd1, 0x73, 0xd1, 0x73, 0xd1, 0x73, 0xf1, 0x73, 0xf1, 0x73, 0x53, 0x84, 0x53, 0x84, 0x15, 0x9d, 0x15, 0x9d,
    0x15, 0x9d, 0x15, 0x9d, 0x6f, 0x63, 0x6f, 0x63, 0x8f, 0x63, 0x8f, 0x63, 0x6f, 0x63, 0x6f, 0x63, 0x8f, 0x63, 0x8f, 0x63, 0x90, 0x6b, 0x90, 0x6b,
    0x8f, 0x63, 0x8f, 0x63, 0x90, 0x63, 0x90, 0x63, 0x6f, 0x63, 0x6f, 0x63, 0x90, 0x6b, 0x90, 0x6b, 0xb0, 0x6b, 0xb0, 0x6b, 0x90, 0x6b, 0x90, 0x6b,
    0x8f, 0x63, 0x8f, 0x63, 0x90, 0x6b, 0x90, 0x6b, 0xb0, 0x6b, 0xb0, 0x6b, 0x26, 0x19, 0x26, 0x19, 0x26, 0x19, 0x26, 0x19, 0x4a, 0x3a, 0x4a, 0x3a,
    0x5a, 0xc6, 0x5a, 0xc6, 0xf5, 0x9c, 0xf5, 0x9c, 0xb0, 0x6b, 0xb0, 0x6b, 0xf1, 0x73, 0xf1, 0x73, 0x46, 0x21, 0x46, 0x21, 0xe4, 0x10, 0xe4, 0x10,
    0x62, 0x00, 0x62, 0x00, 0xfc, 0xde, 0xfc, 0xde, 0x39, 0xc6, 0x39, 0xc6, 0x67, 0x29, 0x67, 0x29, 0x97, 0xad, 0x97, 0xad, 0x97, 0xad, 0x97, 0xad,
    0xe5, 0x18, 0xe5, 0x18, 0x4a, 0x42, 0x4a, 0x42, 0x6b, 0x42, 0x6b, 0x42, 0xe9, 0x31, 0xe9, 0x31, 0xe5, 0x10, 0xe5, 0x10, 0xc5, 0x10, 0xc5, 0x10,
    0xe5, 0x08, 0xe5, 0x08, 0xe5, 0x10, 0xe5, 0x10, 0xc5, 0x10, 0xc5, 0x10, 0xc5, 0x10, 0xc5, 0x10, 0xc5, 0x08, 0xc5, 0x08, 0xc5, 0x08, 0xc5, 0x08,
    0xc5, 0x10, 0xc5, 0x10, 0xc5, 0x10, 0xc5, 0x10, 0xc5, 0x08, 0xc5, 0x08, 0xc5, 0x10, 0xc5, 0x10, 0xc5, 0x08, 0xc5, 0x08, 0xdf, 0xff, 0xdf, 0xff,
    0x05, 0x19, 0x05, 0x19, 0x26, 0x19, 0x26, 0x19, 0xc4, 0x10, 0xc4, 0x10, 0x93, 0x84, 0x93, 0x84, 0x29, 0x3a, 0x29, 0x3a, 0x66, 0x21, 0x66, 0x21,
    0x09, 0x3a, 0x09, 0x3a, 0x46, 0x21, 0x46, 0x21, 0xe4, 0x10, 0xe4, 0x10, 0xc4, 0x10, 0xc4, 0x10, 0x83, 0x08, 0x83, 0x08, 0x21, 0x00, 0x21, 0x00,
    0x42, 0x00, 0x42, 0x00, 0x42, 0x00, 0x42, 0x00, 0x21, 0x00, 0x21, 0x00, 0x62, 0x00, 0x62, 0x00, 0x62, 0x00, 0x62, 0x00, 0xe4, 0x10, 0xe4, 0x10,
    0x42, 0x00, 0x42, 0x00, 0xff, 0xff, 0xff, 0xff, 0x36, 0x9d, 0x36, 0x9d, 0xd5, 0x94, 0xd5, 0x94, 0xcd, 0x52, 0xcd, 0x52, 0x05, 0x19, 0x05, 0x19,
    0x66, 0x21, 0x66, 0x21, 0xa8, 0x29, 0xa8, 0x29, 0xa8, 0x29, 0xa8, 0x29, 0xc4, 0x10, 0xc4, 0x10, 0x41, 0x00, 0x41, 0x00, 0x62, 0x00, 0x62, 0x00,
    0x70, 0x63, 0x70, 0x63, 0xb4, 0x8c, 0xb4, 0x8c, 0x46, 0x21, 0x46, 0x21, 0x42, 0x00, 0x42, 0x00, 0x41, 0x00, 0x41, 0x00, 0x41, 0x00, 0x41, 0x00,
    0x12, 0x7c, 0x12, 0x7c, 0x32, 0x7c, 0x32, 0x7c, 0x32, 0x7c, 0x32, 0x7c, 0x94, 0x8c, 0x94, 0x8c, 0xb0, 0x6b, 0xb0, 0x6b, 0xe5, 0x10, 0xe5, 0x10,
    0x2a, 0x3a, 0x2a, 0x3a, 0x62, 0x08, 0x62, 0x08, 0xcd, 0x4a, 0xcd, 0x4a, 0xdf, 0xff, 0xdf, 0xff, 0xa4, 0x08, 0xa4, 0x08, 0xd5, 0x94, 0xd5, 0x94,
    0xff, 0xff, 0xff, 0xff, 0xff, 0xff, 0xff, 0xff, 0x18, 0xbe, 0x18, 0xbe, 0x9e, 0xf7, 0x9e, 0xf7, 0xe5, 0x18, 0xe5, 0x18, 0x11, 0x7c, 0x11, 0x7c,
    0xac, 0x4a, 0xac, 0x4a, 0xd1, 0x73, 0xd1, 0x73, 0xd1, 0x73, 0xd1, 0x73, 0xf1, 0x73, 0xf1, 0x73, 0x53, 0x84, 0x53, 0x84, 0x15, 0x9d, 0x15, 0x9d,
    0x15, 0x9d, 0x15, 0x9d, 0x6f, 0x63, 0x6f, 0x63, 0x8f, 0x63, 0x8f, 0x63, 0x6f, 0x63, 0x6f, 0x63, 0x8f, 0x63, 0x8f, 0x63, 0x90, 0x6b, 0x90, 0x6b,
    0x8f, 0x63, 0x8f, 0x63, 0x90, 0x63, 0x90, 0x63, 0x6f, 0x63, 0x6f, 0x63, 0x90, 0x6b, 0x90, 0x6b, 0xb0, 0x6b, 0xb0, 0x6b, 0x90, 0x6b, 0x90, 0x6b,
    0x8f, 0x63, 0x8f, 0x63, 0x90, 0x6b, 0x90, 0x6b, 0xb0, 0x6b, 0xb0, 0x6b, 0x26, 0x19, 0x26, 0x19, 0x26, 0x19, 0x26, 0x19, 0x4a, 0x3a, 0x4a, 0x3a,
    0x5a, 0xc6, 0x5a, 0xc6, 0xf5, 0x9c, 0xf5, 0x9c, 0xb0, 0x6b, 0xb0, 0x6b, 0xf1, 0x73, 0xf1, 0x73, 0x46, 0x21, 0x46, 0x21, 0xe4, 0x10, 0xe4, 0x10,
    0x62, 0x00, 0x62, 0x00, 0xfc, 0xde, 0xfc, 0xde, 0x39, 0xc6, 0x39, 0xc6, 0x67, 0x29, 0x67, 0x29, 0x97, 0xad, 0x97, 0xad, 0x97, 0xad, 0x97, 0xad,
    0xe5, 0x18, 0xe5, 0x18, 0x4a, 0x42, 0x4a, 0x42, 0x6b, 0x42, 0x6b, 0x42, 0xe9, 0x31, 0xe9, 0x31, 0xe5, 0x10, 0xe5, 0x10, 0xc5, 0x10, 0xc5, 0x10,
    0xe5, 0x08, 0xe5, 0x08, 0xe5, 0x10, 0xe5, 0x10, 0xc5, 0x10, 0xc5, 0x10, 0xc5, 0x10, 0xc5, 0x10, 0xc5, 0x08, 0xc5, 0x08, 0xc5, 0x08, 0xc5, 0x08,
    0xc5, 0x08, 0xc5, 0x08, 0xc5, 0x08, 0xc5, 0x08, 0xc5, 0x08, 0xc5, 0x08, 0xc5, 0x10, 0xc5, 0x10, 0xc5, 0x10, 0xc5, 0x10, 0xff, 0xff, 0xff, 0xff,
    0x21, 0x00, 0x21, 0x00, 0xa7, 0x29, 0xa7, 0x29, 0xe4, 0x10, 0xe4, 0x10, 0xb0, 0x6b, 0xb0, 0x6b, 0x36, 0x9d, 0x36, 0x9d, 0xa3, 0x10, 0xa3, 0x10,
    0x41, 0x00, 0x41, 0x00, 0x26, 0x19, 0x26, 0x19, 0x41, 0x00, 0x41, 0x00, 0x41, 0x00, 0x41, 0x00, 0x41, 0x00, 0x41, 0x00, 0x42, 0x00, 0x42, 0x00,
    0x42, 0x00, 0x42, 0x00, 0x42, 0x00, 0x42, 0x00, 0x42, 0x00, 0x42, 0x00, 0x42, 0x00, 0x42, 0x00, 0x41, 0x00, 0x41, 0x00, 0x42, 0x00, 0x42, 0x00,
    0x42, 0x00, 0x42, 0x00, 0xf1, 0x73, 0xf1, 0x73, 0xb4, 0x8c, 0xb4, 0x8c, 0xd5, 0x94, 0xd5, 0x94, 0xcd, 0x4a, 0xcd, 0x4a, 0xcd, 0x52, 0xcd, 0x52,
    0x83, 0x08, 0x83, 0x08, 0x83, 0x08, 0x83, 0x08, 0x62, 0x08, 0x62, 0x08, 0x42, 0x00, 0x42, 0x00, 0x62, 0x00, 0x62, 0x00, 0xc4, 0x10, 0xc4, 0x10,
    0xd4, 0x8c, 0xd4, 0x8c, 0x0e, 0x5b, 0x0e, 0x5b, 0xe4, 0x10, 0xe4, 0x10, 0x42, 0x00, 0x42, 0x00, 0x41, 0x00, 0x41, 0x00, 0x56, 0xa5, 0x56, 0xa5,
    0x32, 0x7c, 0x32, 0x7c, 0x32, 0x7c, 0x32, 0x7c, 0x32, 0x7c, 0x32, 0x7c, 0x52, 0x7c, 0x52, 0x7c, 0xb0, 0x6b, 0xb0, 0x6b, 0xcc, 0x4a, 0xcc, 0x4a,
    0x31, 0x7c, 0x31, 0x7c, 0x16, 0x9d, 0x16, 0x9d, 0x15, 0x95, 0x15, 0x95, 0x66, 0x21, 0x66, 0x21, 0xd0, 0x6b, 0xd0, 0x6b, 0x1d, 0xdf, 0x1d, 0xdf,
    0xa3, 0x10, 0xa3, 0x10, 0x46, 0x19, 0x46, 0x19, 0x53, 0x7c, 0x53, 0x7c, 0xb4, 0x8c, 0xb4, 0x8c, 0xe4, 0x18, 0xe4, 0x18, 0xd4, 0x94, 0xd4, 0x94,
    0xe9, 0x31, 0xe9, 0x31, 0x8f, 0x63, 0x8f, 0x63, 0x6f, 0x63, 0x6f, 0x63, 0x6f, 0x63, 0x6f, 0x63, 0x6f, 0x63, 0x6f, 0x63, 0x6f, 0x63, 0x6f, 0x63,
    0x90, 0x63, 0x90, 0x63, 0x8f, 0x63, 0x8f, 0x63, 0x90, 0x6b, 0x90, 0x6b, 0x46, 0x21, 0x46, 0x21, 0x83, 0x08, 0x83, 0x08, 0x42, 0x00, 0x42, 0x00,
    0x11, 0x7c, 0x11, 0x7c, 0x52, 0x84, 0x52, 0x84, 0x97, 0xad, 0x97, 0xad, 0x19, 0xbe, 0x19, 0xbe, 0x5a, 0xc6, 0x5a, 0xc6, 0xdb, 0xd6, 0xdb, 0xd6,
    0x3d, 0xe7, 0x3d, 0xe7, 0x3d, 0xe7, 0x3d, 0xe7, 0xb4, 0x8c, 0xb4, 0x8c, 0x4f, 0x63, 0x4f, 0x63, 0x4f, 0x5b, 0x4f, 0x5b, 0x0e, 0x5b, 0x0e, 0x5b,
    0xed, 0x52, 0xed, 0x52, 0xcd, 0x52, 0xcd, 0x52, 0xac, 0x4a, 0xac, 0x4a, 0x62, 0x00, 0x62, 0x00, 0x87, 0x29, 0x87, 0x29, 0xc4, 0x10, 0xc4, 0x10,
    0x0d, 0x53, 0x0d, 0x53, 0xb4, 0x8c, 0xb4, 0x8c, 0x19, 0xbe, 0x19, 0xbe, 0x7a, 0xce, 0x7a, 0xce, 0x2a, 0x3a, 0x2a, 0x3a, 0xf5, 0x94, 0xf5, 0x94,
    0xa4, 0x10, 0xa4, 0x10, 0x26, 0x19, 0x26, 0x19, 0xc5, 0x08, 0xc5, 0x08, 0xe5, 0x08, 0xe5, 0x08, 0xe5, 0x10, 0xe5, 0x10, 0xc5, 0x10, 0xc5, 0x10,
    0xc5, 0x10, 0xc5, 0x10, 0xc5, 0x10, 0xc5, 0x10, 0xc5, 0x10, 0xc5, 0x10, 0xc5, 0x10, 0xc5, 0x10, 0xc5, 0x10, 0xc5, 0x10, 0xc5, 0x08, 0xc5, 0x08,
    0xc5, 0x08, 0xc5, 0x08, 0xc5, 0x08, 0xc5, 0x08, 0xc5, 0x08, 0xc5, 0x08, 0xc5, 0x10, 0xc5, 0x10, 0xc5, 0x10, 0xc5, 0x10, 0xff, 0xff, 0xff, 0xff,
    0x21, 0x00, 0x21, 0x00, 0xa7, 0x29, 0xa7, 0x29, 0xe4, 0x10, 0xe4, 0x10, 0xb0, 0x6b, 0xb0, 0x6b, 0x36, 0x9d, 0x36, 0x9d, 0xa3, 0x10, 0xa3, 0x10,
    0x41, 0x00, 0x41, 0x00, 0x26, 0x19, 0x26, 0x19, 0x41, 0x00, 0x41, 0x00, 0x41, 0x00, 0x41, 0x00, 0x41, 0x00, 0x41, 0x00, 0x42, 0x00, 0x42, 0x00,
    0x42, 0x00, 0x42, 0x00, 0x42, 0x00, 0x42, 0x00, 0x42, 0x00, 0x42, 0x00, 0x42, 0x00, 0x42, 0x00, 0x41, 0x00, 0x41, 0x00, 0x42, 0x00, 0x42, 0x00,
    0x42, 0x00, 0x42, 0x00, 0xf1, 0x73, 0xf1, 0x73, 0xb4, 0x8c, 0xb4, 0x8c, 0xd5, 0x94, 0xd5, 0x94, 0xcd, 0x4a, 0xcd, 0x4a, 0xcd, 0x52, 0xcd, 0x52,
    0x83, 0x08, 0x83, 0x08, 0x83, 0x08, 0x83, 0x08, 0x62, 0x08, 0x62, 0x08, 0x42, 0x00, 0x42, 0x00, 0x62, 0x00, 0x62, 0x00, 0xc4, 0x10, 0xc4, 0x10,
    0xd4, 0x8c, 0xd4, 0x8c, 0x0e, 0x5b, 0x0e, 0x5b, 0xe4, 0x10, 0xe4, 0x10, 0x42, 0x00, 0x42, 0x00, 0x41, 0x00, 0x41, 0x00, 0x56, 0xa5, 0x56, 0xa5,
    0x32, 0x7c, 0x32, 0x7c, 0x32, 0x7c, 0x32, 0x7c, 0x32, 0x7c, 0x32, 0x7c, 0x52, 0x7c, 0x52, 0x7c, 0xb0, 0x6b, 0xb0, 0x6b, 0xcc, 0x4a, 0xcc, 0x4a,
    0x31, 0x7c, 0x31, 0x7c, 0x16, 0x9d, 0x16, 0x9d, 0x15, 0x95, 0x15, 0x95, 0x66, 0x21, 0x66, 0x21, 0xd0, 0x6b, 0xd0, 0x6b, 0x1d, 0xdf, 0x1d, 0xdf,
    0xa3, 0x10, 0xa3, 0x10, 0x46, 0x19, 0x46, 0x19, 0x53, 0x7c, 0x53, 0x7c, 0xb4, 0x8c, 0xb4, 0x8c, 0xe4, 0x18, 0xe4, 0x18, 0xd4, 0x94, 0xd4, 0x94,
    0xe9, 0x31, 0xe9, 0x31, 0x8f, 0x63, 0x8f, 0x63, 0x6f, 0x63, 0x6f, 0x63, 0x6f, 0x63, 0x6f, 0x63, 0x6f, 0x63, 0x6f, 0x63, 0x6f, 0x63, 0x6f, 0x63,
    0x90, 0x63, 0x90, 0x63, 0x8f, 0x63, 0x8f, 0x63, 0x90, 0x6b, 0x90, 0x6b, 0x46, 0x21, 0x46, 0x21, 0x83, 0x08, 0x83, 0x08, 0x42, 0x00, 0x42, 0x00,
    0x11, 0x7c, 0x11, 0x7c, 0x52, 0x84, 0x52, 0x84, 0x97, 0xad, 0x97, 0xad, 0x19, 0xbe, 0x19, 0xbe, 0x5a, 0xc6, 0x5a, 0xc6, 0xdb, 0xd6, 0xdb, 0xd6,
    0x3d, 0xe7, 0x3d, 0xe7, 0x3d, 0xe7, 0x3d, 0xe7, 0xb4, 0x8c, 0xb4, 0x8c, 0x4f, 0x63, 0x4f, 0x63, 0x4f, 0x5b, 0x4f, 0x5b, 0x0e, 0x5b, 0x0e, 0x5b,
    0xed, 0x52, 0xed, 0x52, 0xcd, 0x52, 0xcd, 0x52, 0xac, 0x4a, 0xac, 0x4a, 0x62, 0x00, 0x62, 0x00, 0x87, 0x29, 0x87, 0x29, 0xc4, 0x10, 0xc4, 0x10,
    0x0d, 0x53, 0x0d, 0x53, 0xb4, 0x8c, 0xb4, 0x8c, 0x19, 0xbe, 0x19, 0xbe, 0x7a, 0xce, 0x7a, 0xce, 0x2a, 0x3a, 0x2a, 0x3a, 0xf5, 0x94, 0xf5, 0x94,
    0xa4, 0x10, 0xa4, 0x10, 0x26, 0x19, 0x26, 0x19, 0xc5, 0x08, 0xc5, 0x08, 0xe5, 0x08, 0xe5, 0x08, 0xe5, 0x10, 0xe5, 0x10, 0xc5, 0x10, 0xc5, 0x10,
    0xc5, 0x10, 0xc5, 0x10, 0xc5, 0x10, 0xc5, 0x10, 0xc5, 0x10, 0xc5, 0x10, 0xc5, 0x10, 0xc5, 0x10, 0xc5, 0x10, 0xc5, 0x10, 0xc5, 0x08, 0xc5, 0x08,
    0xc5, 0x08, 0xc5, 0x08, 0xc5, 0x08, 0xc5, 0x08, 0xe5, 0x10, 0xe5, 0x10, 0xe5, 0x10, 0xe5, 0x10, 0xc5, 0x10, 0xc5, 0x10, 0xd4, 0x94, 0xd4, 0x94,
    0xd4, 0x8c, 0xd4, 0x8c, 0x09, 0x3a, 0x09, 0x3a, 0x42, 0x00, 0x42, 0x00, 0x8c, 0x42, 0x8c, 0x42, 0x73, 0x84, 0x73, 0x84, 0x9e, 0xf7, 0x9e, 0xf7,
    0x41, 0x00, 0x41, 0x00, 0x83, 0x08, 0x83, 0x08, 0x42, 0x00, 0x42, 0x00, 0x42, 0x00, 0x42, 0x00, 0x62, 0x00, 0x62, 0x00, 0x42, 0x00, 0x42, 0x00,
    0x82, 0x08, 0x82, 0x08, 0x83, 0x08, 0x83, 0x08, 0xa3, 0x08, 0xa3, 0x08, 0x62, 0x08, 0x62, 0x08, 0xa3, 0x10, 0xa3, 0x10, 0x83, 0x08, 0x83, 0x08,
    0x83, 0x08, 0x83, 0x08, 0xc8, 0x31, 0xc8, 0x31, 0xb4, 0x8c, 0xb4, 0x8c, 0xcd, 0x52, 0xcd, 0x52, 0x21, 0x00, 0x21, 0x00, 0x62, 0x00, 0x62, 0x00,
    0x62, 0x00, 0x62, 0x00, 0x62, 0x00, 0x62, 0x00, 0x42, 0x00, 0x42, 0x00, 0x42, 0x00, 0x42, 0x00, 0x41, 0x00, 0x41, 0x00, 0x4b, 0x42, 0x4b, 0x42,
    0xc4, 0x10, 0xc4, 0x10, 0x05, 0x19, 0x05, 0x19, 0x42, 0x00, 0x42, 0x00, 0x41, 0x00, 0x41, 0x00, 0xf8, 0xbd, 0xf8, 0xbd, 0x32, 0x7c, 0x32, 0x7c,
    0x32, 0x7c, 0x32, 0x7c, 0x32, 0x7c, 0x32, 0x7c, 0x32, 0x7c, 0x32, 0x7c, 0x32, 0x7c, 0x32, 0x7c, 0xd1, 0x73, 0xd1, 0x73, 0x36, 0xa5, 0x36, 0xa5,
    0xcc, 0x4a, 0xcc, 0x4a, 0x62, 0x08, 0x62, 0x08, 0x70, 0x63, 0x70, 0x63, 0x36, 0x9d, 0x36, 0x9d, 0xf5, 0x94, 0xf5, 0x94, 0x93, 0x84, 0x93, 0x84,
    0xd8, 0xb5, 0xd8, 0xb5, 0x62, 0x08, 0x62, 0x08, 0x2e, 0x5b, 0x2e, 0x5b, 0x19, 0xbe, 0x19, 0xbe, 0xa3, 0x10, 0xa3, 0x10, 0xb0, 0x6b, 0xb0, 0x6b,
    0x25, 0x19, 0x25, 0x19, 0x42, 0x00, 0x42, 0x00, 0x25, 0x19, 0x25, 0x19, 0x16, 0x9d, 0x16, 0x9d, 0x19, 0xbe, 0x19, 0xbe, 0x9b, 0xce, 0x9b, 0xce,
    0xfc, 0xd6, 0xfc, 0xd6, 0xdc, 0xd6, 0xdc, 0xd6, 0x7e, 0xef, 0x7e, 0xef, 0x7e, 0xef, 0x7e, 0xef, 0x5a, 0xc6, 0x5a, 0xc6, 0x4e, 0x5b, 0x4e, 0x5b,
    0x0e, 0x5b, 0x0e, 0x5b, 0x0e, 0x53, 0x0e, 0x53, 0xcd, 0x52, 0xcd, 0x52, 0xcd, 0x52, 0xcd, 0x52, 0xcd, 0x52, 0xcd, 0x52, 0x8c, 0x4a, 0x8c, 0x4a,
    0x6b, 0x42, 0x6b, 0x42, 0x6b, 0x42, 0x6b, 0x42, 0x4b, 0x3a, 0x4b, 0x3a, 0x4b, 0x3a, 0x4b, 0x3a, 0x2a, 0x3a, 0x2a, 0x3a, 0x4a, 0x3a, 0x4a, 0x3a,
    0x2a, 0x3a, 0x2a, 0x3a, 0x62, 0x00, 0x62, 0x00, 0x62, 0x08, 0x62, 0x08, 0x62, 0x08, 0x62, 0x08, 0x05, 0x19, 0x05, 0x19, 0xc4, 0x10, 0xc4, 0x10,
    0xd4, 0x94, 0xd4, 0x94, 0x83, 0x00, 0x83, 0x00, 0x56, 0xa5, 0x56, 0xa5, 0x32, 0x7c, 0x32, 0x7c, 0x4f, 0x5b, 0x4f, 0x5b, 0x73, 0x8c, 0x73, 0x8c,
    0xc4, 0x10, 0xc4, 0x10, 0xc5, 0x08, 0xc5, 0x08, 0xe5, 0x08, 0xe5, 0x08, 0xe5, 0x08, 0xe5, 0x08, 0xe5, 0x10, 0xe5, 0x10, 0xc5, 0x08, 0xc5, 0x08,
    0xc5, 0x08, 0xc5, 0x08, 0xc5, 0x08, 0xc5, 0x08, 0xe5, 0x10, 0xe5, 0x10, 0xe5, 0x10, 0xe5, 0x10, 0xc5, 0x10, 0xc5, 0x10, 0xc5, 0x10, 0xc5, 0x10,
    0xc5, 0x08, 0xc5, 0x08, 0xc5, 0x08, 0xc5, 0x08, 0xe5, 0x10, 0xe5, 0x10, 0xe5, 0x10, 0xe5, 0x10, 0xc5, 0x10, 0xc5, 0x10, 0xd4, 0x94, 0xd4, 0x94,
    0xd4, 0x8c, 0xd4, 0x8c, 0x09, 0x3a, 0x09, 0x3a, 0x42, 0x00, 0x42, 0x00, 0x8c, 0x42, 0x8c, 0x42, 0x73, 0x84, 0x73, 0x84, 0x9e, 0xf7, 0x9e, 0xf7,
    0x41, 0x00, 0x41, 0x00, 0x83, 0x08, 0x83, 0x08, 0x42, 0x00, 0x42, 0x00, 0x42, 0x00, 0x42, 0x00, 0x62, 0x00, 0x62, 0x00, 0x42, 0x00, 0x42, 0x00,
    0x82, 0x08, 0x82, 0x08, 0x83, 0x08, 0x83, 0x08, 0xa3, 0x08, 0xa3, 0x08, 0x62, 0x08, 0x62, 0x08, 0xa3, 0x10, 0xa3, 0x10, 0x83, 0x08, 0x83, 0x08,
    0x83, 0x08, 0x83, 0x08, 0xc8, 0x31, 0xc8, 0x31, 0xb4, 0x8c, 0xb4, 0x8c, 0xcd, 0x52, 0xcd, 0x52, 0x21, 0x00, 0x21, 0x00, 0x62, 0x00, 0x62, 0x00,
    0x62, 0x00, 0x62, 0x00, 0x62, 0x00, 0x62, 0x00, 0x42, 0x00, 0x42, 0x00, 0x42, 0x00, 0x42, 0x00, 0x41, 0x00, 0x41, 0x00, 0x4b, 0x42, 0x4b, 0x42,
    0xc4, 0x10, 0xc4, 0x10, 0x05, 0x19, 0x05, 0x19, 0x42, 0x00, 0x42, 0x00, 0x41, 0x00, 0x41, 0x00, 0xf8, 0xbd, 0xf8, 0xbd, 0x32, 0x7c, 0x32, 0x7c,
    0x32, 0x7c, 0x32, 0x7c, 0x32, 0x7c, 0x32, 0x7c, 0x32, 0x7c, 0x32, 0x7c, 0x32, 0x7c, 0x32, 0x7c, 0xd1, 0x73, 0xd1, 0x73, 0x36, 0xa5, 0x36, 0xa5,
    0xcc, 0x4a, 0xcc, 0x4a, 0x62, 0x08, 0x62, 0x08, 0x70, 0x63, 0x70, 0x63, 0x36, 0x9d, 0x36, 0x9d, 0xf5, 0x94, 0xf5, 0x94, 0x93, 0x84, 0x93, 0x84,
    0xd8, 0xb5, 0xd8, 0xb5, 0x62, 0x08, 0x62, 0x08, 0x2e, 0x5b, 0x2e, 0x5b, 0x19, 0xbe, 0x19, 0xbe, 0xa3, 0x10, 0xa3, 0x10, 0xb0, 0x6b, 0xb0, 0x6b,
    0x25, 0x19, 0x25, 0x19, 0x42, 0x00, 0x42, 0x00, 0x25, 0x19, 0x25, 0x19, 0x16, 0x9d, 0x16, 0x9d, 0x19, 0xbe, 0x19, 0xbe, 0x9b, 0xce, 0x9b, 0xce,
    0xfc, 0xd6, 0xfc, 0xd6, 0xdc, 0xd6, 0xdc, 0xd6, 0x7e, 0xef, 0x7e, 0xef, 0x7e, 0xef, 0x7e, 0xef, 0x5a, 0xc6, 0x5a, 0xc6, 0x4e, 0x5b, 0x4e, 0x5b,
    0x0e, 0x5b, 0x0e, 0x5b, 0x0e, 0x53, 0x0e, 0x53, 0xcd, 0x52, 0xcd, 0x52, 0xcd, 0x52, 0xcd, 0x52, 0xcd, 0x52, 0xcd, 0x52, 0x8c, 0x4a, 0x8c, 0x4a,
    0x6b, 0x42, 0x6b, 0x42, 0x6b, 0x42, 0x6b, 0x42, 0x4b, 0x3a, 0x4b, 0x3a, 0x4b, 0x3a, 0x4b, 0x3a, 0x2a, 0x3a, 0x2a, 0x3a, 0x4a, 0x3a, 0x4a, 0x3a,
    0x2a, 0x3a, 0x2a, 0x3a, 0x62, 0x00, 0x62, 0x00, 0x62, 0x08, 0x62, 0x08, 0x62, 0x08, 0x62, 0x08, 0x05, 0x19, 0x05, 0x19, 0xc4, 0x10, 0xc4, 0x10,
    0xd4, 0x94, 0xd4, 0x94, 0x83, 0x00, 0x83, 0x00, 0x56, 0xa5, 0x56, 0xa5, 0x32, 0x7c, 0x32, 0x7c, 0x4f, 0x5b, 0x4f, 0x5b, 0x73, 0x8c, 0x73, 0x8c,
    0xc4, 0x10, 0xc4, 0x10, 0xc5, 0x08, 0xc5, 0x08, 0xe5, 0x08, 0xe5, 0x08, 0xe5, 0x08, 0xe5, 0x08, 0xe5, 0x10, 0xe5, 0x10, 0xc5, 0x08, 0xc5, 0x08,
    0xc5, 0x08, 0xc5, 0x08, 0xc5, 0x08, 0xc5, 0x08, 0xe5, 0x10, 0xe5, 0x10, 0xe5, 0x10, 0xe5, 0x10, 0xc5, 0x10, 0xc5, 0x10, 0xc5, 0x10, 0xc5, 0x10,
    0xc5, 0x08, 0xc5, 0x08, 0xe5, 0x08, 0xe5, 0x08, 0xc5, 0x08, 0xc5, 0x08, 0xc5, 0x08, 0xc5, 0x08, 0xe5, 0x10, 0xe5, 0x10, 0xb0, 0x6b, 0xb0, 0x6b,
    0x9e, 0xf7, 0x9e, 0xf7, 0xdf, 0xff, 0xdf, 0xff, 0x56, 0xa5, 0x56, 0xa5, 0x9e, 0xf7, 0x9e, 0xf7, 0x32, 0x7c, 0x32, 0x7c, 0x97, 0xad, 0x97, 0xad,
    0x5a, 0xc6, 0x5a, 0xc6, 0xdf, 0xff, 0xdf, 0xff, 0xdf, 0xff, 0xdf, 0xff, 0xbe, 0xff, 0xbe, 0xff, 0xbe, 0xf7, 0xbe, 0xf7, 0x32, 0x84, 0x32, 0x84,
    0x4a, 0x42, 0x4a, 0x42, 0xe5, 0x10, 0xe5, 0x10, 0xa4, 0x10, 0xa4, 0x10, 0x62, 0x08, 0x62, 0x08, 0x62, 0x08, 0x62, 0x08, 0xc4, 0x10, 0xc4, 0x10,
    0xff, 0xff, 0xff, 0xff, 0x53, 0x84, 0x53, 0x84, 0xb4, 0x8c, 0xb4, 0x8c, 0xd1, 0x6b, 0xd1, 0x6b, 0x3a, 0xc6, 0x3a, 0xc6, 0xed, 0x52, 0xed, 0x52,
    0x67, 0x21, 0x67, 0x21, 0x67, 0x21, 0x67, 0x21, 0xc8, 0x29, 0xc8, 0x29, 0x0a, 0x3a, 0x0a, 0x3a, 0x4f, 0x5b, 0x4f, 0x5b, 0x32, 0x7c, 0x32, 0x7c,
    0xf1, 0x73, 0xf1, 0x73, 0xf5, 0x9c, 0xf5, 0x9c, 0x7e, 0xe7, 0x7e, 0xe7, 0x32, 0x7c, 0x32, 0x7c, 0xb4, 0x8c, 0xb4, 0x8c, 0xb8, 0xad, 0xb8, 0xad,
    0xdc, 0xd6, 0xdc, 0xd6, 0xdb, 0xd6, 0xdb, 0xd6, 0xbb, 0xce, 0xbb, 0xce, 0x56, 0xa5, 0x56, 0xa5, 0x15, 0x9d, 0x15, 0x9d, 0xc4, 0x10, 0xc4, 0x10,
    0x62, 0x08, 0x62, 0x08, 0x62, 0x00, 0x62, 0x00, 0xb8, 0xad, 0xb8, 0xad, 0x4f, 0x5b, 0x4f, 0x5b, 0x2a, 0x3a, 0x2a, 0x3a, 0xd7, 0xb5, 0xd7, 0xb5,
    0xe9, 0x31, 0xe9, 0x31, 0x77, 0xa5, 0x77, 0xa5, 0xf5, 0x94, 0xf5, 0x94, 0x83, 0x08, 0x83, 0x08, 0xa3, 0x08, 0xa3, 0x08, 0x12, 0x7c, 0x12, 0x7c,
    0xac, 0x4a, 0xac, 0x4a, 0xed, 0x52, 0xed, 0x52, 0xcd, 0x4a, 0xcd, 0x4a, 0xcd, 0x52, 0xcd, 0x52, 0xac, 0x4a, 0xac, 0x4a, 0x8c, 0x4a, 0x8c, 0x4a,
    0x8c, 0x4a, 0x8c, 0x4a, 0x8c, 0x4a, 0x8c, 0x4a, 0x4b, 0x42, 0x4b, 0x42, 0x2a, 0x3a, 0x2a, 0x3a, 0x4b, 0x42, 0x4b, 0x42, 0x2a, 0x3a, 0x2a, 0x3a,
    0x2a, 0x3a, 0x2a, 0x3a, 0x87, 0x29, 0x87, 0x29, 0xe9, 0x31, 0xe9, 0x31, 0x0a, 0x3a, 0x0a, 0x3a, 0x42, 0x00, 0x42, 0x00, 0xe5, 0x10, 0xe5, 0x10,
    0xc5, 0x08, 0xc5, 0x08, 0xc5, 0x08, 0xc5, 0x08, 0xc5, 0x08, 0xc5, 0x08, 0xe5, 0x10, 0xe5, 0x10, 0xc5, 0x10, 0xc5, 0x10, 0xc5, 0x08, 0xc5, 0x08,
    0x42, 0x00, 0x42, 0x00, 0x42, 0x00, 0x42, 0x00, 0x42, 0x00, 0x42, 0x00, 0x83, 0x08, 0x83, 0x08, 0xc4, 0x10, 0xc4, 0x10, 0x62, 0x00, 0x62, 0x00,
    0xc4, 0x10, 0xc4, 0x10, 0x41, 0x00, 0x41, 0x00, 0x36, 0x9d, 0x36, 0x9d, 0x2e, 0x5b, 0x2e, 0x5b, 0xbf, 0xf7, 0xbf, 0xf7, 0x87, 0x29, 0x87, 0x29,
    0xa4, 0x08, 0xa4, 0x08, 0xc5, 0x10, 0xc5, 0x10, 0xc5, 0x08, 0xc5, 0x08, 0xc5, 0x08, 0xc5, 0x08, 0xe5, 0x10, 0xe5, 0x10, 0xc5, 0x10, 0xc5, 0x10,
    0xe5, 0x08, 0xe5, 0x08, 0xc5, 0x10, 0xc5, 0x10, 0xe5, 0x10, 0xe5, 0x10, 0xe5, 0x10, 0xe5, 0x10, 0xc5, 0x08, 0xc5, 0x08, 0xc5, 0x10, 0xc5, 0x10,
    0xc5, 0x08, 0xc5, 0x08, 0xe5, 0x08, 0xe5, 0x08, 0xc5, 0x08, 0xc5, 0x08, 0xc5, 0x08, 0xc5, 0x08, 0xe5, 0x10, 0xe5, 0x10, 0xb0, 0x6b, 0xb0, 0x6b,
    0x9e, 0xf7, 0x9e, 0xf7, 0xdf, 0xff, 0xdf, 0xff, 0x56, 0xa5, 0x56, 0xa5, 0x9e, 0xf7, 0x9e, 0xf7, 0x32, 0x7c, 0x32, 0x7c, 0x97, 0xad, 0x97, 0xad,
    0x5a, 0xc6, 0x5a, 0xc6, 0xdf, 0xff, 0xdf, 0xff, 0xdf, 0xff, 0xdf, 0xff, 0xbe, 0xff, 0xbe, 0xff, 0xbe, 0xf7, 0xbe, 0xf7, 0x32, 0x84, 0x32, 0x84,
    0x4a, 0x42, 0x4a, 0x42, 0xe5, 0x10, 0xe5, 0x10, 0xa4, 0x10, 0xa4, 0x10, 0x62, 0x08, 0x62, 0x08, 0x62, 0x08, 0x62, 0x08, 0xc4, 0x10, 0xc4, 0x10,
    0xff, 0xff, 0xff, 0xff, 0x53, 0x84, 0x53, 0x84, 0xb4, 0x8c, 0xb4, 0x8c, 0xd1, 0x6b, 0xd1, 0x6b, 0x3a, 0xc6, 0x3a, 0xc6, 0xed, 0x52, 0xed, 0x52,
    0x67, 0x21, 0x67, 0x21, 0x67, 0x21, 0x67, 0x21, 0xc8, 0x29, 0xc8, 0x29, 0x0a, 0x3a, 0x0a, 0x3a, 0x4f, 0x5b, 0x4f, 0x5b, 0x32, 0x7c, 0x32, 0x7c,
    0xf1, 0x73, 0xf1, 0x73, 0xf5, 0x9c, 0xf5, 0x9c, 0x7e, 0xe7, 0x7e, 0xe7, 0x32, 0x7c, 0x32, 0x7c, 0xb4, 0x8c, 0xb4, 0x8c, 0xb8, 0xad, 0xb8, 0xad,
    0xdc, 0xd6, 0xdc, 0xd6, 0xdb, 0xd6, 0xdb, 0xd6, 0xbb, 0xce, 0xbb, 0xce, 0x56, 0xa5, 0x56, 0xa5, 0x15, 0x9d, 0x15, 0x9d, 0xc4, 0x10, 0xc4, 0x10,
    0x62, 0x08, 0x62, 0x08, 0x62, 0x00, 0x62, 0x00, 0xb8, 0xad, 0xb8, 0xad, 0x4f, 0x5b, 0x4f, 0x5b, 0x2a, 0x3a, 0x2a, 0x3a, 0xd7, 0xb5, 0xd7, 0xb5,
    0xe9, 0x31, 0xe9, 0x31, 0x77, 0xa5, 0x77, 0xa5, 0xf5, 0x94, 0xf5, 0x94, 0x83, 0x08, 0x83, 0x08, 0xa3, 0x08, 0xa3, 0x08, 0x12, 0x7c, 0x12, 0x7c,
    0xac, 0x4a, 0xac, 0x4a, 0xed, 0x52, 0xed, 0x52, 0xcd, 0x4a, 0xcd, 0x4a, 0xcd, 0x52, 0xcd, 0x52, 0xac, 0x4a, 0xac, 0x4a, 0x8c, 0x4a, 0x8c, 0x4a,
    0x8c, 0x4a, 0x8c, 0x4a, 0x8c, 0x4a, 0x8c, 0x4a, 0x4b, 0x42, 0x4b, 0x42, 0x2a, 0x3a, 0x2a, 0x3a, 0x4b, 0x42, 0x4b, 0x42, 0x2a, 0x3a, 0x2a, 0x3a,
    0x2a, 0x3a, 0x2a, 0x3a, 0x87, 0x29, 0x87, 0x29, 0xe9, 0x31, 0xe9, 0x31, 0x0a, 0x3a, 0x0a, 0x3a, 0x42, 0x00, 0x42, 0x00, 0xe5, 0x10, 0xe5, 0x10,
    0xc5, 0x08, 0xc5, 0x08, 0xc5, 0x08, 0xc5, 0x08, 0xc5, 0x08, 0xc5, 0x08, 0xe5, 0x10, 0xe5, 0x10, 0xc5, 0x10, 0xc5, 0x10, 0xc5, 0x08, 0xc5, 0x08,
    0x42, 0x00, 0x42, 0x00, 0x42, 0x00, 0x42, 0x00, 0x42, 0x00, 0x42, 0x00, 0x83, 0x08, 0x83, 0x08, 0xc4, 0x10, 0xc4, 0x10, 0x62, 0x00, 0x62, 0x00,
    0xc4, 0x10, 0xc4, 0x10, 0x41, 0x00, 0x41, 0x00, 0x36, 0x9d, 0x36, 0x9d, 0x2e, 0x5b, 0x2e, 0x5b, 0xbf, 0xf7, 0xbf, 0xf7, 0x87, 0x29, 0x87, 0x29,
    0xa4, 0x08, 0xa4, 0x08, 0xc5, 0x10, 0xc5, 0x10, 0xc5, 0x08, 0xc5, 0x08, 0xc5, 0x08, 0xc5, 0x08, 0xe5, 0x10, 0xe5, 0x10, 0xc5, 0x10, 0xc5, 0x10,
    0xe5, 0x08, 0xe5, 0x08, 0xc5, 0x10, 0xc5, 0x10, 0xe5, 0x10, 0xe5, 0x10, 0xe5, 0x10, 0xe5, 0x10, 0xc5, 0x08, 0xc5, 0x08, 0xc5, 0x10, 0xc5, 0x10,
    0xc5, 0x10, 0xc5, 0x10, 0xe5, 0x08, 0xe5, 0x08, 0xc5, 0x08, 0xc5, 0x08, 0xc5, 0x08, 0xc5, 0x08, 0xc5, 0x08, 0xc5, 0x08, 0xa8, 0x29, 0xa8, 0x29,
    0xa8, 0x29, 0xa8, 0x29, 0x41, 0x00, 0x41, 0x00, 0x42, 0x00, 0x42, 0x00, 0x42, 0x00, 0x42, 0x00, 0x06, 0x19, 0x06, 0x19, 0xe9, 0x31, 0xe9, 0x31,
    0x6b, 0x42, 0x6b, 0x42, 0xac, 0x4a, 0xac, 0x4a, 0x0e, 0x5b, 0x0e, 0x5b, 0xcc, 0x4a, 0xcc, 0x4a, 0x0d, 0x53, 0x0d, 0x53, 0xed, 0x52, 0xed, 0x52,
    0x0d, 0x53, 0x0d, 0x53, 0x2e, 0x5b, 0x2e, 0x5b, 0x2e, 0x5b, 0x2e, 0x5b, 0x4f, 0x63, 0x4f, 0x63, 0x6f, 0x63, 0x6f, 0x63, 0x4e, 0x63, 0x4e, 0x63,
    0x6f, 0x63, 0x6f, 0x63, 0x2e, 0x5b, 0x2e, 0x5b, 0x73, 0x84, 0x73, 0x84, 0xb8, 0xb5, 0xb8, 0xb5, 0x5d, 0xe7, 0x5d, 0xe7, 0x9e, 0xef, 0x9e, 0xef,
    0x9e, 0xf7, 0x9e, 0xf7, 0x9e, 0xf7, 0x9e, 0xf7, 0x9e, 0xef, 0x9e, 0xef, 0x5e, 0xef, 0x5e, 0xef, 0xbe, 0xf7, 0xbe, 0xf7, 0xbf, 0xf7, 0xbf, 0xf7,
    0xbe, 0xf7, 0xbe, 0xf7, 0x9e, 0xf7, 0x9e, 0xf7, 0xf5, 0x9c, 0xf5, 0x9c, 0xd0, 0x73, 0xd0, 0x73, 0x6f, 0x63, 0x6f, 0x63, 0x2e, 0x5b, 0x2e, 0x5b,
    0x0d, 0x53, 0x0d, 0x53, 0x2e, 0x5b, 0x2e, 0x5b, 0x0e, 0x53, 0x0e, 0x53, 0x2e, 0x5b, 0x2e, 0x5b, 0x83, 0x08, 0x83, 0x08, 0xa3, 0x08, 0xa3, 0x08,
    0x90, 0x63, 0x90, 0x63, 0xff, 0xff, 0xff, 0xff, 0x83, 0x08, 0x83, 0x08, 0xcd, 0x4a, 0xcd, 0x4a, 0x62, 0x00, 0x62, 0x00, 0x3a, 0xc6, 0x3a, 0xc6,
    0x42, 0x00, 0x42, 0x00, 0x8c, 0x4a, 0x8c, 0x4a, 0x15, 0x95, 0x15, 0x95, 0x05, 0x19, 0x05, 0x19, 0x41, 0x00, 0x41, 0x00, 0x4b, 0x3a, 0x4b, 0x3a,
    0x2a, 0x3a, 0x2a, 0x3a, 0x0a, 0x3a, 0x0a, 0x3a, 0x2a, 0x3a, 0x2a, 0x3a, 0x41, 0x00, 0x41, 0x00, 0x42, 0x00, 0x42, 0x00, 0x42, 0x00, 0x42, 0x00,
    0xc5, 0x08, 0xc5, 0x08, 0xc5, 0x08, 0xc5, 0x08, 0xc5, 0x08, 0xc5, 0x08, 0xe5, 0x10, 0xe5, 0x10, 0xc5, 0x10, 0xc5, 0x10, 0xc5, 0x08, 0xc5, 0x08,
    0xc5, 0x08, 0xc5, 0x08, 0xe5, 0x08, 0xe5, 0x08, 0xc5, 0x08, 0xc5, 0x08, 0xc5, 0x10, 0xc5, 0x10, 0xe5, 0x10, 0xe5, 0x10, 0xc5, 0x10, 0xc5, 0x10,
    0xc5, 0x08, 0xc5, 0x08, 0xc5, 0x08, 0xc5, 0x08, 0xc5, 0x10, 0xc5, 0x10, 0xc5, 0x08, 0xc5, 0x08, 0xc5, 0x08, 0xc5, 0x08, 0xc5, 0x08, 0xc5, 0x08,
    0xc5, 0x08, 0xc5, 0x08, 0xa4, 0x08, 0xa4, 0x08, 0x62, 0x00, 0x62, 0x00, 0x62, 0x00, 0x62, 0x00, 0x41, 0x00, 0x41, 0x00, 0x05, 0x19, 0x05, 0x19,
    0xc4, 0x10, 0xc4, 0x10, 0x00, 0x00, 0x00, 0x00, 0xb4, 0x8c, 0xb4, 0x8c, 0xbb, 0xd6, 0xbb, 0xd6, 0x66, 0x21, 0x66, 0x21, 0x83, 0x08, 0x83, 0x08,
    0xc5, 0x08, 0xc5, 0x08, 0xc5, 0x08, 0xc5, 0x08, 0xe5, 0x10, 0xe5, 0x10, 0xc5, 0x10, 0xc5, 0x10, 0xe5, 0x10, 0xe5, 0x10, 0xe5, 0x10, 0xe5, 0x10,
    0xe5, 0x10, 0xe5, 0x10, 0xe5, 0x08, 0xe5, 0x08, 0xe5, 0x10, 0xe5, 0x10, 0xc5, 0x08, 0xc5, 0x08, 0xc5, 0x10, 0xc5, 0x10, 0xc5, 0x10, 0xc5, 0x10,
    0xc5, 0x10, 0xc5, 0x10, 0xe5, 0x08, 0xe5, 0x08, 0xc5, 0x08, 0xc5, 0x08, 0xc5, 0x08, 0xc5, 0x08, 0xc5, 0x08, 0xc5, 0x08, 0xa8, 0x29, 0xa8, 0x29,
    0xa8, 0x29, 0xa8, 0x29, 0x41, 0x00, 0x41, 0x00, 0x42, 0x00, 0x42, 0x00, 0x42, 0x00, 0x42, 0x00, 0x06, 0x19, 0x06, 0x19, 0xe9, 0x31, 0xe9, 0x31,
    0x6b, 0x42, 0x6b, 0x42, 0xac, 0x4a, 0xac, 0x4a, 0x0e, 0x5b, 0x0e, 0x5b, 0xcc, 0x4a, 0xcc, 0x4a, 0x0d, 0x53, 0x0d, 0x53, 0xed, 0x52, 0xed, 0x52,
    0x0d, 0x53, 0x0d, 0x53, 0x2e, 0x5b, 0x2e, 0x5b, 0x2e, 0x5b, 0x2e, 0x5b, 0x4f, 0x63, 0x4f, 0x63, 0x6f, 0x63, 0x6f, 0x63, 0x4e, 0x63, 0x4e, 0x63,
    0x6f, 0x63, 0x6f, 0x63, 0x2e, 0x5b, 0x2e, 0x5b, 0x73, 0x84, 0x73, 0x84, 0xb8, 0xb5, 0xb8, 0xb5, 0x5d, 0xe7, 0x5d, 0xe7, 0x9e, 0xef, 0x9e, 0xef,
    0x9e, 0xf7, 0x9e, 0xf7, 0x9e, 0xf7, 0x9e, 0xf7, 0x9e, 0xef, 0x9e, 0xef, 0x5e, 0xef, 0x5e, 0xef, 0xbe, 0xf7, 0xbe, 0xf7, 0xbf, 0xf7, 0xbf, 0xf7,
    0xbe, 0xf7, 0xbe, 0xf7, 0x9e, 0xf7, 0x9e, 0xf7, 0xf5, 0x9c, 0xf5, 0x9c, 0xd0, 0x73, 0xd0, 0x73, 0x6f, 0x63, 0x6f, 0x63, 0x2e, 0x5b, 0x2e, 0x5b,
    0x0d, 0x53, 0x0d, 0x53, 0x2e, 0x5b, 0x2e, 0x5b, 0x0e, 0x53, 0x0e, 0x53, 0x2e, 0x5b, 0x2e, 0x5b, 0x83, 0x08, 0x83, 0x08, 0xa3, 0x08, 0xa3, 0x08,
    0x90, 0x63, 0x90, 0x63, 0xff, 0xff, 0xff, 0xff, 0x83, 0x08, 0x83, 0x08, 0xcd, 0x4a, 0xcd, 0x4a, 0x62, 0x00, 0x62, 0x00, 0x3a, 0xc6, 0x3a, 0xc6,
    0x42, 0x00, 0x42, 0x00, 0x8c, 0x4a, 0x8c, 0x4a, 0x15, 0x95, 0x15, 0x95, 0x05, 0x19, 0x05, 0x19, 0x41, 0x00, 0x41, 0x00, 0x4b, 0x3a, 0x4b, 0x3a,
    0x2a, 0x3a, 0x2a, 0x3a, 0x0a, 0x3a, 0x0a, 0x3a, 0x2a, 0x3a, 0x2a, 0x3a, 0x41, 0x00, 0x41, 0x00, 0x42, 0x00, 0x42, 0x00, 0x42, 0x00, 0x42, 0x00,
    0xc5, 0x08, 0xc5, 0x08, 0xc5, 0x08, 0xc5, 0x08, 0xc5, 0x08, 0xc5, 0x08, 0xe5, 0x10, 0xe5, 0x10, 0xc5, 0x10, 0xc5, 0x10, 0xc5, 0x08, 0xc5, 0x08,
    0xc5, 0x08, 0xc5, 0x08, 0xe5, 0x08, 0xe5, 0x08, 0xc5, 0x08, 0xc5, 0x08, 0xc5, 0x10, 0xc5, 0x10, 0xe5, 0x10, 0xe5, 0x10, 0xc5, 0x10, 0xc5, 0x10,
    0xc5, 0x08, 0xc5, 0x08, 0xc5, 0x08, 0xc5, 0x08, 0xc5, 0x10, 0xc5, 0x10, 0xc5, 0x08, 0xc5, 0x08, 0xc5, 0x08, 0xc5, 0x08, 0xc5, 0x08, 0xc5, 0x08,
    0xc5, 0x08, 0xc5, 0x08, 0xa4, 0x08, 0xa4, 0x08, 0x62, 0x00, 0x62, 0x00, 0x62, 0x00, 0x62, 0x00, 0x41, 0x00, 0x41, 0x00, 0x05, 0x19, 0x05, 0x19,
    0xc4, 0x10, 0xc4, 0x10, 0x00, 0x00, 0x00, 0x00, 0xb4, 0x8c, 0xb4, 0x8c, 0xbb, 0xd6, 0xbb, 0xd6, 0x66, 0x21, 0x66, 0x21, 0x83, 0x08, 0x83, 0x08,
    0xc5, 0x08, 0xc5, 0x08, 0xc5, 0x08, 0xc5, 0x08, 0xe5, 0x10, 0xe5, 0x10, 0xc5, 0x10, 0xc5, 0x10, 0xe5, 0x10, 0xe5, 0x10, 0xe5, 0x10, 0xe5, 0x10,
    0xe5, 0x10, 0xe5, 0x10, 0xe5, 0x08, 0xe5, 0x08, 0xe5, 0x10, 0xe5, 0x10, 0xc5, 0x08, 0xc5, 0x08, 0xc5, 0x10, 0xc5, 0x10, 0xc5, 0x10, 0xc5, 0x10,
    0xe5, 0x10, 0xe5, 0x10, 0xc5, 0x10, 0xc5, 0x10, 0xc5, 0x08, 0xc5, 0x08, 0xc5, 0x08, 0xc5, 0x08, 0xc5, 0x10, 0xc5, 0x10, 0xc5, 0x08, 0xc5, 0x08,
    0xc5, 0x08, 0xc5, 0x08, 0xc5, 0x10, 0xc5, 0x10, 0xc5, 0x10, 0xc5, 0x10, 0xc5, 0x08, 0xc5, 0x08, 0x42, 0x00, 0x42, 0x00, 0x42, 0x00, 0x42, 0x00,
    0x42, 0x00, 0x42, 0x00, 0x42, 0x00, 0x42, 0x00, 0x42, 0x00, 0x42, 0x00, 0x42, 0x00, 0x42, 0x00, 0x42, 0x00, 0x42, 0x00, 0x42, 0x00, 0x42, 0x00,
    0x42, 0x00, 0x42, 0x00, 0x42, 0x00, 0x42, 0x00, 0x42, 0x00, 0x42, 0x00, 0x42, 0x00, 0x42, 0x00, 0x42, 0x00, 0x42, 0x00, 0x41, 0x00, 0x41, 0x00,
    0x42, 0x00, 0x42, 0x00, 0x42, 0x00, 0x42, 0x00, 0x41, 0x00, 0x41, 0x00, 0x42, 0x00, 0x42, 0x00, 0x42, 0x00, 0x42, 0x00, 0x42, 0x00, 0x42, 0x00,
    0x41, 0x00, 0x41, 0x00, 0x42, 0x00, 0x42, 0x00, 0x42, 0x00, 0x42, 0x00, 0x41, 0x00, 0x41, 0x00, 0x46, 0x21, 0x46, 0x21, 0xac, 0x4a, 0xac, 0x4a,
    0x8c, 0x4a, 0x8c, 0x4a, 0x8c, 0x4a, 0x8c, 0x4a, 0xac, 0x4a, 0xac, 0x4a, 0xac, 0x4a, 0xac, 0x4a, 0x4b, 0x42, 0x4b, 0x42, 0x4a, 0x3a, 0x4a, 0x3a,
    0x4a, 0x3a, 0x4a, 0x3a, 0x4b, 0x3a, 0x4b, 0x3a, 0x2a, 0x3a, 0x2a, 0x3a, 0x6b, 0x42, 0x6b, 0x42, 0x62, 0x00, 0x62, 0x00, 0xa4, 0x10, 0xa4, 0x10,
    0x05, 0x19, 0x05, 0x19, 0xf5, 0x94, 0xf5, 0x94, 0x41, 0x00, 0x41, 0x00, 0xbf, 0xf7, 0xbf, 0xf7, 0x42, 0x00, 0x42, 0x00, 0xf9, 0xb5, 0xf9, 0xb5,
    0xa4, 0x08, 0xa4, 0x08, 0x53, 0x7c, 0x53, 0x7c, 0xa3, 0x10, 0xa3, 0x10, 0xc4, 0x10, 0xc4, 0x10, 0x42, 0x00, 0x42, 0x00, 0x42, 0x00, 0x42, 0x00,
    0x42, 0x00, 0x42, 0x00, 0x42, 0x00, 0x42, 0x00, 0x42, 0x00, 0x42, 0x00, 0x83, 0x08, 0x83, 0x08, 0x83, 0x08, 0x83, 0x08, 0x63, 0x08, 0x63, 0x08,
    0x83, 0x08, 0x83, 0x08, 0x63, 0x08, 0x63, 0x08, 0x63, 0x08, 0x63, 0x08, 0x63, 0x08, 0x63, 0x08, 0x83, 0x08, 0x83, 0x08, 0x83, 0x08, 0x83, 0x08,
    0x83, 0x08, 0x83, 0x08, 0x83, 0x08, 0x83, 0x08, 0x83, 0x08, 0x83, 0x08, 0x83, 0x08, 0x83, 0x08, 0x83, 0x08, 0x83, 0x08, 0x83, 0x08, 0x83, 0x08,
    0x83, 0x08, 0x83, 0x08, 0x63, 0x00, 0x63, 0x00, 0x83, 0x08, 0x83, 0x08, 0x63, 0x08, 0x63, 0x08, 0x83, 0x08, 0x83, 0x08, 0x83, 0x08, 0x83, 0x08,
    0xc4, 0x08, 0xc4, 0x08, 0xa4, 0x08, 0xa4, 0x08, 0x41, 0x00, 0x41, 0x00, 0x42, 0x00, 0x42, 0x00, 0x83, 0x08, 0x83, 0x08, 0xc4, 0x10, 0xc4, 0x10,
    0x41, 0x00, 0x41, 0x00, 0xc4, 0x10, 0xc4, 0x10, 0xa8, 0x29, 0xa8, 0x29, 0xc4, 0x10, 0xc4, 0x10, 0xc4, 0x10, 0xc4, 0x10, 0x63, 0x00, 0x63, 0x00,
    0x83, 0x08, 0x83, 0x08, 0x83, 0x08, 0x83, 0x08, 0x83, 0x08, 0x83, 0x08, 0x83, 0x08, 0x83, 0x08, 0x83, 0x08, 0x83, 0x08, 0x83, 0x08, 0x83, 0x08,
    0xe5, 0x10, 0xe5, 0x10, 0xc5, 0x10, 0xc5, 0x10, 0xc5, 0x10, 0xc5, 0x10, 0xe5, 0x10, 0xe5, 0x10, 0xc5, 0x10, 0xc5, 0x10, 0xc5, 0x10, 0xc5, 0x10,
    0xe5, 0x10, 0xe5, 0x10, 0xc5, 0x10, 0xc5, 0x10, 0xc5, 0x08, 0xc5, 0x08, 0xc5, 0x08, 0xc5, 0x08, 0xc5, 0x10, 0xc5, 0x10, 0xc5, 0x08, 0xc5, 0x08,
    0xc5, 0x08, 0xc5, 0x08, 0xc5, 0x10, 0xc5, 0x10, 0xc5, 0x10, 0xc5, 0x10, 0xc5, 0x08, 0xc5, 0x08, 0x42, 0x00, 0x42, 0x00, 0x42, 0x00, 0x42, 0x00,
    0x42, 0x00, 0x42, 0x00, 0x42, 0x00, 0x42, 0x00, 0x42, 0x00, 0x42, 0x00, 0x42, 0x00, 0x42, 0x00, 0x42, 0x00, 0x42, 0x00, 0x42, 0x00, 0x42, 0x00,
    0x42, 0x00, 0x42, 0x00, 0x42, 0x00, 0x42, 0x00, 0x42, 0x00, 0x42, 0x00, 0x42, 0x00, 0x42, 0x00, 0x42, 0x00, 0x42, 0x00, 0x41, 0x00, 0x41, 0x00,
    0x42, 0x00, 0x42, 0x00, 0x42, 0x00, 0x42, 0x00, 0x41, 0x00, 0x41, 0x00, 0x42, 0x00, 0x42, 0x00, 0x42, 0x00, 0x42, 0x00, 0x42, 0x00, 0x42, 0x00,
    0x41, 0x00, 0x41, 0x00, 0x42, 0x00, 0x42, 0x00, 0x42, 0x00, 0x42, 0x00, 0x41, 0x00, 0x41, 0x00, 0x46, 0x21, 0x46, 0x21, 0xac, 0x4a, 0xac, 0x4a,
    0x8c, 0x4a, 0x8c, 0x4a, 0x8c, 0x4a, 0x8c, 0x4a, 0xac, 0x4a, 0xac, 0x4a, 0xac, 0x4a, 0xac, 0x4a, 0x4b, 0x42, 0x4b, 0x42, 0x4a, 0x3a, 0x4a, 0x3a,
    0x4a, 0x3a, 0x4a, 0x3a, 0x4b, 0x3a, 0x4b, 0x3a, 0x2a, 0x3a, 0x2a, 0x3a, 0x6b, 0x42, 0x6b, 0x42, 0x62, 0x00, 0x62, 0x00, 0xa4, 0x10, 0xa4, 0x10,
    0x05, 0x19, 0x05, 0x19, 0xf5, 0x94, 0xf5, 0x94, 0x41, 0x00, 0x41, 0x00, 0xbf, 0xf7, 0xbf, 0xf7, 0x42, 0x00, 0x42, 0x00, 0xf9, 0xb5, 0xf9, 0xb5,
    0xa4, 0x08, 0xa4, 0x08, 0x53, 0x7c, 0x53, 0x7c, 0xa3, 0x10, 0xa3, 0x10, 0xc4, 0x10, 0xc4, 0x10, 0x42, 0x00, 0x42, 0x00, 0x42, 0x00, 0x42, 0x00,
    0x42, 0x00, 0x42, 0x00, 0x42, 0x00, 0x42, 0x00, 0x42, 0x00, 0x42, 0x00, 0x83, 0x08, 0x83, 0x08, 0x83, 0x08, 0x83, 0x08, 0x63, 0x08, 0x63, 0x08,
    0x83, 0x08, 0x83, 0x08, 0x63, 0x08, 0x63, 0x08, 0x63, 0x08, 0x63, 0x08, 0x63, 0x08, 0x63, 0x08, 0x83, 0x08, 0x83, 0x08, 0x83, 0x08, 0x83, 0x08,
    0x83, 0x08, 0x83, 0x08, 0x83, 0x08, 0x83, 0x08, 0x83, 0x08, 0x83, 0x08, 0x83, 0x08, 0x83, 0x08, 0x83, 0x08, 0x83, 0x08, 0x83, 0x08, 0x83, 0x08,
    0x83, 0x08, 0x83, 0x08, 0x63, 0x00, 0x63, 0x00, 0x83, 0x08, 0x83, 0x08, 0x63, 0x08, 0x63, 0x08, 0x83, 0x08, 0x83, 0x08, 0x83, 0x08, 0x83, 0x08,
    0xc4, 0x08, 0xc4, 0x08, 0xa4, 0x08, 0xa4, 0x08, 0x41, 0x00, 0x41, 0x00, 0x42, 0x00, 0x42, 0x00, 0x83, 0x08, 0x83, 0x08, 0xc4, 0x10, 0xc4, 0x10,
    0x41, 0x00, 0x41, 0x00, 0xc4, 0x10, 0xc4, 0x10, 0xa8, 0x29, 0xa8, 0x29, 0xc4, 0x10, 0xc4, 0x10, 0xc4, 0x10, 0xc4, 0x10, 0x63, 0x00, 0x63, 0x00,
    0x83, 0x08, 0x83, 0x08, 0x83, 0x08, 0x83, 0x08, 0x83, 0x08, 0x83, 0x08, 0x83, 0x08, 0x83, 0x08, 0x83, 0x08, 0x83, 0x08, 0x83, 0x08, 0x83, 0x08,
    0xe5, 0x10, 0xe5, 0x10, 0xc5, 0x10, 0xc5, 0x10, 0xc5, 0x10, 0xc5, 0x10, 0xe5, 0x10, 0xe5, 0x10, 0xc5, 0x10, 0xc5, 0x10, 0xc5, 0x10, 0xc5, 0x10,
    0xe5, 0x08, 0xe5, 0x08, 0xc5, 0x10, 0xc5, 0x10, 0xc5, 0x08, 0xc5, 0x08, 0xc5, 0x08, 0xc5, 0x08, 0xc5, 0x10, 0xc5, 0x10, 0xc5, 0x10, 0xc5, 0x10,
    0xc5, 0x08, 0xc5, 0x08, 0xc5, 0x10, 0xc5, 0x10, 0xc5, 0x10, 0xc5, 0x10, 0xc5, 0x08, 0xc5, 0x08, 0xc5, 0x08, 0xc5, 0x08, 0xa4, 0x10, 0xa4, 0x10,
    0x83, 0x08, 0x83, 0x08, 0x83, 0x08, 0x83, 0x08, 0x62, 0x00, 0x62, 0x00, 0x42, 0x00, 0x42, 0x00, 0x42, 0x00, 0x42, 0x00, 0x42, 0x00, 0x42, 0x00,
    0x42, 0x00, 0x42, 0x00, 0x42, 0x00, 0x42, 0x00, 0x42, 0x00, 0x42, 0x00, 0x42, 0x00, 0x42, 0x00, 0xc5, 0x08, 0xc5, 0x08, 0xc5, 0x10, 0xc5, 0x10,
    0xe5, 0x10, 0xe5, 0x10, 0xe5, 0x10, 0xe5, 0x10, 0xc5, 0x08, 0xc5, 0x08, 0xc5, 0x10, 0xc5, 0x10, 0xc5, 0x08, 0xc5, 0x08, 0xc5, 0x08, 0xc5, 0x08,
    0xc5, 0x08, 0xc5, 0x08, 0xc5, 0x08, 0xc5, 0x08, 0xe5, 0x08, 0xe5, 0x08, 0xc5, 0x08, 0xc5, 0x08, 0x83, 0x08, 0x83, 0x08, 0x42, 0x00, 0x42, 0x00,
    0x42, 0x00, 0x42, 0x00, 0x42, 0x00, 0x42, 0x00, 0x42, 0x00, 0x42, 0x00, 0x42, 0x00, 0x42, 0x00, 0x42, 0x00, 0x42, 0x00, 0x42, 0x00, 0x42, 0x00,
    0x42, 0x00, 0x42, 0x00, 0x42, 0x00, 0x42, 0x00, 0x42, 0x00, 0x42, 0x00, 0x62, 0x00, 0x62, 0x00, 0xc4, 0x10, 0xc4, 0x10, 0x41, 0x00, 0x41, 0x00,
    0xa4, 0x10, 0xa4, 0x10, 0xd8, 0xb5, 0xd8, 0xb5, 0x09, 0x3a, 0x09, 0x3a, 0xf5, 0x94, 0xf5, 0x94, 0x62, 0x08, 0x62, 0x08, 0xac, 0x4a, 0xac, 0x4a,
    0xb4, 0x8c, 0xb4, 0x8c, 0x56, 0xa5, 0x56, 0xa5, 0x05, 0x19, 0x05, 0x19, 0x41, 0x00, 0x41, 0x00, 0x42, 0x00, 0x42, 0x00, 0x62, 0x00, 0x62, 0x00,
    0x62, 0x00, 0x62, 0x00, 0x63, 0x00, 0x63, 0x00, 0x63, 0x00, 0x63, 0x00, 0x63, 0x00, 0x63, 0x00, 0x83, 0x08, 0x83, 0x08, 0x63, 0x08, 0x63, 0x08,
    0x83, 0x08, 0x83, 0x08, 0x83, 0x00, 0x83, 0x00, 0x83, 0x08, 0x83, 0x08, 0x83, 0x08, 0x83, 0x08, 0x83, 0x08, 0x83, 0x08, 0x63, 0x00, 0x63, 0x00,
    0x83, 0x08, 0x83, 0x08, 0x83, 0x08, 0x83, 0x08, 0x63, 0x08, 0x63, 0x08, 0x63, 0x00, 0x63, 0x00, 0x83, 0x08, 0x83, 0x08, 0x83, 0x08, 0x83, 0x08,
    0x83, 0x08, 0x83, 0x08, 0x63, 0x08, 0x63, 0x08, 0x83, 0x08, 0x83, 0x08, 0x63, 0x00, 0x63, 0x00, 0x83, 0x08, 0x83, 0x08, 0x62, 0x00, 0x62, 0x00,
    0x42, 0x00, 0x42, 0x00, 0x42, 0x00, 0x42, 0x00, 0x42, 0x00, 0x42, 0x00, 0x42, 0x00, 0x42, 0x00, 0x42, 0x00, 0x42, 0x00, 0x42, 0x00, 0x42, 0x00,
    0x42, 0x00, 0x42, 0x00, 0x62, 0x00, 0x62, 0x00, 0x42, 0x00, 0x42, 0x00, 0x42, 0x00, 0x42, 0x00, 0x42, 0x00, 0x42, 0x00, 0x83, 0x08, 0x83, 0x08,
    0xc5, 0x08, 0xc5, 0x08, 0xc5, 0x10, 0xc5, 0x10, 0xe5, 0x10, 0xe5, 0x10, 0xe5, 0x10, 0xe5, 0x10, 0xc5, 0x08, 0xc5, 0x08, 0xe5, 0x10, 0xe5, 0x10,
    0xe5, 0x10, 0xe5, 0x10, 0xc5, 0x08, 0xc5, 0x08, 0xc5, 0x10, 0xc5, 0x10, 0xc5, 0x08, 0xc5, 0x08, 0xc5, 0x10, 0xc5, 0x10, 0xc5, 0x10, 0xc5, 0x10,
    0xe5, 0x08, 0xe5, 0x08, 0xc5, 0x10, 0xc5, 0x10, 0xc5, 0x08, 0xc5, 0x08, 0xc5, 0x08, 0xc5, 0x08, 0xc5, 0x10, 0xc5, 0x10, 0xc5, 0x10, 0xc5, 0x10,
    0xc5, 0x08, 0xc5, 0x08, 0xc5, 0x10, 0xc5, 0x10, 0xc5, 0x10, 0xc5, 0x10, 0xc5, 0x08, 0xc5, 0x08, 0xc5, 0x08, 0xc5, 0x08, 0xa4, 0x10, 0xa4, 0x10,
    0x83, 0x08, 0x83, 0x08, 0x83, 0x08, 0x83, 0x08, 0x62, 0x00, 0x62, 0x00, 0x42, 0x00, 0x42, 0x00, 0x42, 0x00, 0x42, 0x00, 0x42, 0x00, 0x42, 0x00,
    0x42, 0x00, 0x42, 0x00, 0x42, 0x00, 0x42, 0x00, 0x42, 0x00, 0x42, 0x00, 0x42, 0x00, 0x42, 0x00, 0xc5, 0x08, 0xc5, 0x08, 0xc5, 0x10, 0xc5, 0x10,
    0xe5, 0x10, 0xe5, 0x10, 0xe5, 0x10, 0xe5, 0x10, 0xc5, 0x08, 0xc5, 0x08, 0xc5, 0x10, 0xc5, 0x10, 0xc5, 0x08, 0xc5, 0x08, 0xc5, 0x08, 0xc5, 0x08,
    0xc5, 0x08, 0xc5, 0x08, 0xc5, 0x08, 0xc5, 0x08, 0xe5, 0x08, 0xe5, 0x08, 0xc5, 0x08, 0xc5, 0x08, 0x83, 0x08, 0x83, 0x08, 0x42, 0x00, 0x42, 0x00,
    0x42, 0x00, 0x42, 0x00, 0x42, 0x00, 0x42, 0x00, 0x42, 0x00, 0x42, 0x00, 0x42, 0x00, 0x42, 0x00, 0x42, 0x00, 0x42, 0x00, 0x42, 0x00, 0x42, 0x00,
    0x42, 0x00, 0x42, 0x00, 0x42, 0x00, 0x42, 0x00, 0x42, 0x00, 0x42, 0x00, 0x62, 0x00, 0x62, 0x00, 0xc4, 0x10, 0xc4, 0x10, 0x41, 0x00, 0x41, 0x00,
    0xa4, 0x10, 0xa4, 0x10, 0xd8, 0xb5, 0xd8, 0xb5, 0x09, 0x3a, 0x09, 0x3a, 0xf5, 0x94, 0xf5, 0x94, 0x62, 0x08, 0x62, 0x08, 0xac, 0x4a, 0xac, 0x4a,
    0xb4, 0x8c, 0xb4, 0x8c, 0x56, 0xa5, 0x56, 0xa5, 0x05, 0x19, 0x05, 0x19, 0x41, 0x00, 0x41, 0x00, 0x42, 0x00, 0x42, 0x00, 0x62, 0x00, 0x62, 0x00,
    0x62, 0x00, 0x62, 0x00, 0x63, 0x00, 0x63, 0x00, 0x63, 0x00, 0x63, 0x00, 0x63, 0x00, 0x63, 0x00, 0x83, 0x08, 0x83, 0x08, 0x63, 0x08, 0x63, 0x08,
    0x83, 0x08, 0x83, 0x08, 0x83, 0x00, 0x83, 0x00, 0x83, 0x08, 0x83, 0x08, 0x83, 0x08, 0x83, 0x08, 0x83, 0x08, 0x83, 0x08, 0x63, 0x00, 0x63, 0x00,
    0x83, 0x08, 0x83, 0x08, 0x83, 0x08, 0x83, 0x08, 0x63, 0x08, 0x63, 0x08, 0x63, 0x00, 0x63, 0x00, 0x83, 0x08, 0x83, 0x08, 0x83, 0x08, 0x83, 0x08,
    0x83, 0x08, 0x83, 0x08, 0x63, 0x08, 0x63, 0x08, 0x83, 0x08, 0x83, 0x08, 0x63, 0x00, 0x63, 0x00, 0x83, 0x08, 0x83, 0x08, 0x62, 0x00, 0x62, 0x00,
    0x42, 0x00, 0x42, 0x00, 0x42, 0x00, 0x42, 0x00, 0x42, 0x00, 0x42, 0x00, 0x42, 0x00, 0x42, 0x00, 0x42, 0x00, 0x42, 0x00, 0x42, 0x00, 0x42, 0x00,
    0x42, 0x00, 0x42, 0x00, 0x62, 0x00, 0x62, 0x00, 0x42, 0x00, 0x42, 0x00, 0x42, 0x00, 0x42, 0x00, 0x42, 0x00, 0x42, 0x00, 0x83, 0x08, 0x83, 0x08,
    0xc5, 0x08, 0xc5, 0x08, 0xc5, 0x10, 0xc5, 0x10, 0xe5, 0x10, 0xe5, 0x10, 0xe5, 0x10, 0xe5, 0x10, 0xc5, 0x08, 0xc5, 0x08, 0xe5, 0x10, 0xe5, 0x10,
    0xe5, 0x10, 0xe5, 0x10, 0xc5, 0x08, 0xc5, 0x08, 0xc5, 0x10, 0xc5, 0x10, 0xc5, 0x08, 0xc5, 0x08, 0xc5, 0x10, 0xc5, 0x10, 0xc5, 0x10, 0xc5, 0x10,
    0xc5, 0x08, 0xc5, 0x08, 0xc5, 0x08, 0xc5, 0x08, 0xc5, 0x08, 0xc5, 0x08, 0xc5, 0x08, 0xc5, 0x08, 0xe5, 0x08, 0xe5, 0x08, 0xc5, 0x08, 0xc5, 0x08,
    0xc5, 0x10, 0xc5, 0x10, 0xc5, 0x08, 0xc5, 0x08, 0xc5, 0x10, 0xc5, 0x10, 0xc5, 0x08, 0xc5, 0x08, 0xc5, 0x08, 0xc5, 0x08, 0xc5, 0x08, 0xc5, 0x08,
    0x62, 0x00, 0x62, 0x00, 0x42, 0x00, 0x42, 0x00, 0x42, 0x00, 0x42, 0x00, 0x42, 0x00, 0x42, 0x00, 0x42, 0x00, 0x42, 0x00, 0x42, 0x00, 0x42, 0x00,
    0x42, 0x00, 0x42, 0x00, 0x42, 0x00, 0x42, 0x00, 0x62, 0x00, 0x62, 0x00, 0x63, 0x08, 0x63, 0x08, 0x63, 0x00, 0x63, 0x00, 0x63, 0x00, 0x63, 0x00,
    0x63, 0x08, 0x63, 0x08, 0x63, 0x08, 0x63, 0x08, 0x63, 0x08, 0x63, 0x08, 0x63, 0x08, 0x63, 0x08, 0x63, 0x08, 0x63, 0x08, 0x63, 0x00, 0x63, 0x00,
    0x62, 0x00, 0x62, 0x00, 0x42, 0x00, 0x42, 0x00, 0x42, 0x00, 0x42, 0x00, 0x42, 0x00, 0x42, 0x00, 0x42, 0x00, 0x42, 0x00, 0x42, 0x00, 0x42, 0x00,
    0x42, 0x00, 0x42, 0x00, 0x42, 0x00, 0x42, 0x00, 0x42, 0x00, 0x42, 0x00, 0x42, 0x00, 0x42, 0x00, 0x42, 0x00, 0x42, 0x00, 0x42, 0x00, 0x42, 0x00,
    0x62, 0x00, 0x62, 0x00, 0x42, 0x00, 0x42, 0x00, 0x83, 0x08, 0x83, 0x08, 0x83, 0x08, 0x83, 0x08, 0x83, 0x08, 0x83, 0x08, 0xc4, 0x10, 0xc4, 0x10,
    0x62, 0x08, 0x62, 0x08, 0xc4, 0x10, 0xc4, 0x10, 0xf9, 0xb5, 0xf9, 0xb5, 0xd4, 0x8c, 0xd4, 0x8c, 0xb8, 0xad, 0xb8, 0xad, 0xbf, 0xf7, 0xbf, 0xf7,
    0x83, 0x08, 0x83, 0x08, 0x26, 0x21, 0x26, 0x21, 0xa4, 0x10, 0xa4, 0x10, 0x63, 0x00, 0x63, 0x00, 0x63, 0x00, 0x63, 0x00, 0x63, 0x00, 0x63, 0x00,
    0x63, 0x08, 0x63, 0x08, 0x63, 0x08, 0x63, 0x08, 0x83, 0x08, 0x83, 0x08, 0x63, 0x08, 0x63, 0x08, 0x83, 0x08, 0x83, 0x08, 0x63, 0x08, 0x63, 0x08,
    0x83, 0x08, 0x83, 0x08, 0x83, 0x08, 0x83, 0x08, 0x83, 0x08, 0x83, 0x08, 0x83, 0x08, 0x83, 0x08, 0x83, 0x08, 0x83, 0x08, 0x83, 0x00, 0x83, 0x00,
    0x63, 0x00, 0x63, 0x00, 0x83, 0x00, 0x83, 0x00, 0x83, 0x08, 0x83, 0x08, 0x83, 0x08, 0x83, 0x08, 0x83, 0x08, 0x83, 0x08, 0x83, 0x08, 0x83, 0x08,
    0x83, 0x08, 0x83, 0x08, 0x83, 0x08, 0x83, 0x08, 0x83, 0x08, 0x83, 0x08, 0x83, 0x08, 0x83, 0x08, 0x63, 0x08, 0x63, 0x08, 0x83, 0x08, 0x83, 0x08,
    0x63, 0x00, 0x63, 0x00, 0x83, 0x08, 0x83, 0x08, 0x83, 0x08, 0x83, 0x08, 0xc5, 0x08, 0xc5, 0x08, 0xc5, 0x08, 0xc5, 0x08, 0xc5, 0x08, 0xc5, 0x08,
    0xc5, 0x08, 0xc5, 0x08, 0xc5, 0x08, 0xc5, 0x08, 0xc5, 0x08, 0xc5, 0x08, 0xc5, 0x08, 0xc5, 0x08, 0xc5, 0x10, 0xc5, 0x10, 0xe5, 0x10, 0xe5, 0x10,
    0xc5, 0x08, 0xc5, 0x08, 0xc5, 0x08, 0xc5, 0x08, 0xe5, 0x10, 0xe5, 0x10, 0xe5, 0x08, 0xe5, 0x08, 0xc5, 0x08, 0xc5, 0x08, 0xe5, 0x10, 0xe5, 0x10,
    0xc5, 0x08, 0xc5, 0x08, 0xc5, 0x08, 0xc5, 0x08, 0xe5, 0x10, 0xe5, 0x10, 0xc5, 0x10, 0xc5, 0x10, 0xc5, 0x10, 0xc5, 0x10, 0xc5, 0x10, 0xc5, 0x10,
    0xc5, 0x08, 0xc5, 0x08, 0xc5, 0x08, 0xc5, 0x08, 0xc5, 0x08, 0xc5, 0x08, 0xc5, 0x08, 0xc5, 0x08, 0xe5, 0x08, 0xe5, 0x08, 0xc5, 0x08, 0xc5, 0x08,
    0xc5, 0x10, 0xc5, 0x10, 0xc5, 0x08, 0xc5, 0x08, 0xc5, 0x10, 0xc5, 0x10, 0xc5, 0x08, 0xc5, 0x08, 0xc5, 0x08, 0xc5, 0x08, 0xc5, 0x08, 0xc5, 0x08,
    0x62, 0x00, 0x62, 0x00, 0x42, 0x00, 0x42, 0x00, 0x42, 0x00, 0x42, 0x00, 0x42, 0x00, 0x42, 0x00, 0x42, 0x00, 0x42, 0x00, 0x42, 0x00, 0x42, 0x00,
    0x42, 0x00, 0x42, 0x00, 0x42, 0x00, 0x42, 0x00, 0x62, 0x00, 0x62, 0x00, 0x63, 0x08, 0x63, 0x08, 0x63, 0x00, 0x63, 0x00, 0x63, 0x00, 0x63, 0x00,
    0x63, 0x08, 0x63, 0x08, 0x63, 0x08, 0x63, 0x08, 0x63, 0x08, 0x63, 0x08, 0x63, 0x08, 0x63, 0x08, 0x63, 0x08, 0x63, 0x08, 0x63, 0x00, 0x63, 0x00,
    0x62, 0x00, 0x62, 0x00, 0x42, 0x00, 0x42, 0x00, 0x42, 0x00, 0x42, 0x00, 0x42, 0x00, 0x42, 0x00, 0x42, 0x00, 0x42, 0x00, 0x42, 0x00, 0x42, 0x00,
    0x42, 0x00, 0x42, 0x00, 0x42, 0x00, 0x42, 0x00, 0x42, 0x00, 0x42, 0x00, 0x42, 0x00, 0x42, 0x00, 0x42, 0x00, 0x42, 0x00, 0x42, 0x00, 0x42, 0x00,
    0x62, 0x00, 0x62, 0x00, 0x42, 0x00, 0x42, 0x00, 0x83, 0x08, 0x83, 0x08, 0x83, 0x08, 0x83, 0x08, 0x83, 0x08, 0x83, 0x08, 0xc4, 0x10, 0xc4, 0x10,
    0x62, 0x08, 0x62, 0x08, 0xc4, 0x10, 0xc4, 0x10, 0xf9, 0xb5, 0xf9, 0xb5, 0xd4, 0x8c, 0xd4, 0x8c, 0xb8, 0xad, 0xb8, 0xad, 0xbf, 0xf7, 0xbf, 0xf7,
    0x83, 0x08, 0x83, 0x08, 0x26, 0x21, 0x26, 0x21, 0xa4, 0x10, 0xa4, 0x10, 0x63, 0x00, 0x63, 0x00, 0x63, 0x00, 0x63, 0x00, 0x63, 0x00, 0x63, 0x00,
    0x63, 0x08, 0x63, 0x08, 0x63, 0x08, 0x63, 0x08, 0x83, 0x08, 0x83, 0x08, 0x63, 0x08, 0x63, 0x08, 0x83, 0x08, 0x83, 0x08, 0x63, 0x08, 0x63, 0x08,
    0x83, 0x08, 0x83, 0x08, 0x83, 0x08, 0x83, 0x08, 0x83, 0x08, 0x83, 0x08, 0x83, 0x08, 0x83, 0x08, 0x83, 0x08, 0x83, 0x08, 0x83, 0x00, 0x83, 0x00,
    0x63, 0x00, 0x63, 0x00, 0x83, 0x00, 0x83, 0x00, 0x83, 0x08, 0x83, 0x08, 0x83, 0x08, 0x83, 0x08, 0x83, 0x08, 0x83, 0x08, 0x83, 0x08, 0x83, 0x08,
    0x83, 0x08, 0x83, 0x08, 0x83, 0x08, 0x83, 0x08, 0x83, 0x08, 0x83, 0x08, 0x83, 0x08, 0x83, 0x08, 0x63, 0x08, 0x63, 0x08, 0x83, 0x08, 0x83, 0x08,
    0x63, 0x00, 0x63, 0x00, 0x83, 0x08, 0x83, 0x08, 0x83, 0x08, 0x83, 0x08, 0xc5, 0x08, 0xc5, 0x08, 0xc5, 0x08, 0xc5, 0x08, 0xc5, 0x08, 0xc5, 0x08,
    0xc5, 0x08, 0xc5, 0x08, 0xc5, 0x08, 0xc5, 0x08, 0xc5, 0x08, 0xc5, 0x08, 0xc5, 0x08, 0xc5, 0x08, 0xc5, 0x10, 0xc5, 0x10, 0xe5, 0x10, 0xe5, 0x10,
    0xc5, 0x08, 0xc5, 0x08, 0xc5, 0x08, 0xc5, 0x08, 0xe5, 0x10, 0xe5, 0x10, 0xe5, 0x08, 0xe5, 0x08, 0xc5, 0x08, 0xc5, 0x08, 0xe5, 0x10, 0xe5, 0x10,
    0xc5, 0x08, 0xc5, 0x08, 0xc5, 0x08, 0xc5, 0x08, 0xe5, 0x10, 0xe5, 0x10, 0xc5, 0x10, 0xc5, 0x10, 0xc5, 0x10, 0xc5, 0x10, 0xc5, 0x10, 0xc5, 0x10,
    0xc5, 0x08, 0xc5, 0x08, 0xc5, 0x10, 0xc5, 0x10, 0xe5, 0x10, 0xe5, 0x10, 0xc5, 0x08, 0xc5, 0x08, 0xc5, 0x08, 0xc5, 0x08, 0xc5, 0x08, 0xc5, 0x08,
    0x83, 0x08, 0x83, 0x08, 0x63, 0x08, 0x63, 0x08, 0x63, 0x08, 0x63, 0x08, 0x63, 0x08, 0x63, 0x08, 0x63, 0x08, 0x63, 0x08, 0x63, 0x00, 0x63, 0x00,
    0x63, 0x00, 0x63, 0x00, 0x63, 0x00, 0x63, 0x00, 0x63, 0x00, 0x63, 0x00, 0x63, 0x00, 0x63, 0x00, 0x63, 0x00, 0x63, 0x00, 0x63, 0x00, 0x63, 0x00,
    0x63, 0x00, 0x63, 0x00, 0x63, 0x00, 0x63, 0x00, 0x63, 0x00, 0x63, 0x00, 0x63, 0x00, 0x63, 0x00, 0x63, 0x00, 0x63, 0x00, 0x63, 0x00, 0x63, 0x00,
    0x63, 0x00, 0x63, 0x00, 0x63, 0x00, 0x63, 0x00, 0x63, 0x00, 0x63, 0x00, 0x63, 0x00, 0x63, 0x00, 0x63, 0x00, 0x63, 0x00, 0x63, 0x00, 0x63, 0x00,
    0x63, 0x00, 0x63, 0x00, 0x63, 0x08, 0x63, 0x08, 0x63, 0x00, 0x63, 0x00, 0x42, 0x00, 0x42, 0x00, 0x42, 0x00, 0x42, 0x00, 0x42, 0x00, 0x42, 0x00,
    0x42, 0x00, 0x42, 0x00, 0x42, 0x00, 0x42, 0x00, 0x42, 0x00, 0x42, 0x00, 0x42, 0x00, 0x42, 0x00, 0x42, 0x00, 0x42, 0x00, 0x42, 0x00, 0x42, 0x00,
    0x42, 0x00, 0x42, 0x00, 0x42, 0x00, 0x42, 0x00, 0x42, 0x00, 0x42, 0x00, 0x62, 0x00, 0x62, 0x00, 0x62, 0x00, 0x62, 0x00, 0x42, 0x00, 0x42, 0x00,
    0xa3, 0x08, 0xa3, 0x08, 0x62, 0x00, 0x62, 0x00, 0xc4, 0x10, 0xc4, 0x10, 0x46, 0x21, 0x46, 0x21, 0x87, 0x29, 0x87, 0x29, 0xa8, 0x29, 0xa8, 0x29,
    0xa3, 0x10, 0xa3, 0x10, 0xc4, 0x10, 0xc4, 0x10, 0x63, 0x00, 0x63, 0x00, 0x63, 0x08, 0x63, 0x08, 0x63, 0x08, 0x63, 0x08, 0x83, 0x00, 0x83, 0x00,
    0x83, 0x08, 0x83, 0x08, 0x63, 0x08, 0x63, 0x08, 0x63, 0x08, 0x63, 0x08, 0x83, 0x08, 0x83, 0x08, 0x83, 0x08, 0x83, 0x08, 0x83, 0x08, 0x83, 0x08,
    0x83, 0x08, 0x83, 0x08, 0x83, 0x08, 0x83, 0x08, 0x83, 0x08, 0x83, 0x08, 0x63, 0x08, 0x63, 0x08, 0x63, 0x08, 0x63, 0x08, 0x83, 0x00, 0x83, 0x00,
    0x63, 0x00, 0x63, 0x00, 0x63, 0x00, 0x63, 0x00, 0xc5, 0x08, 0xc5, 0x08, 0xc5, 0x08, 0xc5, 0x08, 0xc5, 0x08, 0xc5, 0x08, 0xc5, 0x08, 0xc5, 0x08,
    0xc5, 0x08, 0xc5, 0x08, 0xc5, 0x10, 0xc5, 0x10, 0xc5, 0x08, 0xc5, 0x08, 0xc5, 0x08, 0xc5, 0x08, 0xc5, 0x10, 0xc5, 0x10, 0xe5, 0x08, 0xe5, 0x08,
    0xc5, 0x08, 0xc5, 0x08, 0xc5, 0x08, 0xc5, 0x08, 0xc5, 0x08, 0xc5, 0x08, 0xc5, 0x08, 0xc5, 0x08, 0xc5, 0x10, 0xc5, 0x10, 0xc5, 0x08, 0xc5, 0x08,
    0xc5, 0x08, 0xc5, 0x08, 0xc5, 0x08, 0xc5, 0x08, 0xc5, 0x10, 0xc5, 0x10, 0xe5, 0x08, 0xe5, 0x08, 0xe5, 0x10, 0xe5, 0x10, 0xe5, 0x08, 0xe5, 0x08,
    0xc5, 0x08, 0xc5, 0x08, 0xc5, 0x10, 0xc5, 0x10, 0xc5, 0x08, 0xc5, 0x08, 0xe5, 0x08, 0xe5, 0x08, 0xe5, 0x10, 0xe5, 0x10, 0xe5, 0x08, 0xe5, 0x08,
    0xc5, 0x10, 0xc5, 0x10, 0xe5, 0x10, 0xe5, 0x10, 0xc5, 0x08, 0xc5, 0x08, 0xc5, 0x10, 0xc5, 0x10, 0xc5, 0x10, 0xc5, 0x10, 0xc5, 0x10, 0xc5, 0x10,
    0xc5, 0x08, 0xc5, 0x08, 0xc5, 0x10, 0xc5, 0x10, 0xe5, 0x10, 0xe5, 0x10, 0xc5, 0x08, 0xc5, 0x08, 0xc5, 0x08, 0xc5, 0x08, 0xc5, 0x08, 0xc5, 0x08,
    0x83, 0x08, 0x83, 0x08, 0x63, 0x08, 0x63, 0x08, 0x63, 0x08, 0x63, 0x08, 0x63, 0x08, 0x63, 0x08, 0x63, 0x08, 0x63, 0x08, 0x63, 0x00, 0x63, 0x00,
    0x63, 0x00, 0x63, 0x00, 0x63, 0x00, 0x63, 0x00, 0x63, 0x00, 0x63, 0x00, 0x63, 0x00, 0x63, 0x00, 0x63, 0x00, 0x63, 0x00, 0x63, 0x00, 0x63, 0x00,
    0x63, 0x00, 0x63, 0x00, 0x63, 0x00, 0x63, 0x00, 0x63, 0x00, 0x63, 0x00, 0x63, 0x00, 0x63, 0x00, 0x63, 0x00, 0x63, 0x00, 0x63, 0x00, 0x63, 0x00,
    0x63, 0x00, 0x63, 0x00, 0x63, 0x00, 0x63, 0x00, 0x63, 0x00, 0x63, 0x00, 0x63, 0x00, 0x63, 0x00, 0x63, 0x00, 0x63, 0x00, 0x63, 0x00, 0x63, 0x00,
    0x63, 0x00, 0x63, 0x00, 0x63, 0x08, 0x63, 0x08, 0x63, 0x00, 0x63, 0x00, 0x42, 0x00, 0x42, 0x00, 0x42, 0x00, 0x42, 0x00, 0x42, 0x00, 0x42, 0x00,
    0x42, 0x00, 0x42, 0x00, 0x42, 0x00, 0x42, 0x00, 0x42, 0x00, 0x42, 0x00, 0x42, 0x00, 0x42, 0x00, 0x42, 0x00, 0x42, 0x00, 0x42, 0x00, 0x42, 0x00,
    0x42, 0x00, 0x42, 0x00, 0x42, 0x00, 0x42, 0x00, 0x42, 0x00, 0x42, 0x00, 0x62, 0x00, 0x62, 0x00, 0x62, 0x00, 0x62, 0x00, 0x42, 0x00, 0x42, 0x00,
    0xa3, 0x08, 0xa3, 0x08, 0x62, 0x00, 0x62, 0x00, 0xc4, 0x10, 0xc4, 0x10, 0x46, 0x21, 0x46, 0x21, 0x87, 0x29, 0x87, 0x29, 0xa8, 0x29, 0xa8, 0x29,
    0xa3, 0x10, 0xa3, 0x10, 0xc4, 0x10, 0xc4, 0x10, 0x63, 0x00, 0x63, 0x00, 0x63, 0x08, 0x63, 0x08, 0x63, 0x08, 0x63, 0x08, 0x83, 0x00, 0x83, 0x00,
    0x83, 0x08, 0x83, 0x08, 0x63, 0x08, 0x63, 0x08, 0x63, 0x08, 0x63, 0x08, 0x83, 0x08, 0x83, 0x08, 0x83, 0x08, 0x83, 0x08, 0x83, 0x08, 0x83, 0x08,
    0x83, 0x08, 0x83, 0x08, 0x83, 0x08, 0x83, 0x08, 0x83, 0x08, 0x83, 0x08, 0x63, 0x08, 0x63, 0x08, 0x63, 0x08, 0x63, 0x08, 0x83, 0x00, 0x83, 0x00,
    0x63, 0x00, 0x63, 0x00, 0x63, 0x00, 0x63, 0x00, 0xc5, 0x08, 0xc5, 0x08, 0xc5, 0x08, 0xc5, 0x08, 0xc5, 0x08, 0xc5, 0x08, 0xc5, 0x08, 0xc5, 0x08,
    0xc5, 0x08, 0xc5, 0x08, 0xc5, 0x10, 0xc5, 0x10, 0xc5, 0x08, 0xc5, 0x08, 0xc5, 0x08, 0xc5, 0x08, 0xc5, 0x10, 0xc5, 0x10, 0xe5, 0x08, 0xe5, 0x08,
    0xc5, 0x08, 0xc5, 0x08, 0xc5, 0x08, 0xc5, 0x08, 0xc5, 0x08, 0xc5, 0x08, 0xc5, 0x08, 0xc5, 0x08, 0xc5, 0x10, 0xc5, 0x10, 0xc5, 0x08, 0xc5, 0x08,
    0xc5, 0x08, 0xc5, 0x08, 0xc5, 0x08, 0xc5, 0x08, 0xc5, 0x10, 0xc5, 0x10, 0xe5, 0x08, 0xe5, 0x08, 0xe5, 0x10, 0xe5, 0x10, 0xe5, 0x08, 0xe5, 0x08,
    0xc5, 0x08, 0xc5, 0x08, 0xc5, 0x10, 0xc5, 0x10, 0xc5, 0x08, 0xc5, 0x08, 0xe5, 0x08, 0xe5, 0x08, 0xe5, 0x10, 0xe5, 0x10, 0xe5, 0x08, 0xe5, 0x08,
    0xc5, 0x10, 0xc5, 0x10, 0xe5, 0x10, 0xe5, 0x10, 0xc5, 0x08, 0xc5, 0x08, 0xc5, 0x10, 0xc5, 0x10, 0xc5, 0x10, 0xc5, 0x10, 0xc5, 0x10, 0xc5, 0x10,
    0xc5, 0x08, 0xc5, 0x08, 0xc5, 0x10, 0xc5, 0x10, 0xc5, 0x08, 0xc5, 0x08, 0xc5, 0x08, 0xc5, 0x08, 0xe5, 0x10, 0xe5, 0x10, 0xc5, 0x08, 0xc5, 0x08,
    0xe5, 0x10, 0xe5, 0x10, 0xc5, 0x10, 0xc5, 0x10, 0xe5, 0x10, 0xe5, 0x10, 0xc5, 0x08, 0xc5, 0x08, 0xc5, 0x10, 0xc5, 0x10, 0xc5, 0x08, 0xc5, 0x08,
    0xc5, 0x08, 0xc5, 0x08, 0xc5, 0x08, 0xc5, 0x08, 0xc5, 0x08, 0xc5, 0x08, 0x63, 0x08, 0x63, 0x08, 0x63, 0x00, 0x63, 0x00, 0x63, 0x00, 0x63, 0x00,
    0x63, 0x00, 0x63, 0x00, 0x63, 0x08, 0x63, 0x08, 0x63, 0x00, 0x63, 0x00, 0x63, 0x00, 0x63, 0x00, 0x63, 0x00, 0x63, 0x00, 0x63, 0x08, 0x63, 0x08,
    0x63, 0x00, 0x63, 0x00, 0x63, 0x00, 0x63, 0x00, 0x63, 0x08, 0x63, 0x08, 0x63, 0x08, 0x63, 0x08, 0x63, 0x08, 0x63, 0x08, 0x63, 0x00, 0x63, 0x00,
    0x63, 0x08, 0x63, 0x08, 0x63, 0x00, 0x63, 0x00, 0x63, 0x00, 0x63, 0x00, 0x63, 0x00, 0x63, 0x00, 0x63, 0x08, 0x63, 0x08, 0x63, 0x00, 0x63, 0x00,
    0x63, 0x00, 0x63, 0x00, 0x63, 0x00, 0x63, 0x00, 0x63, 0x00, 0x63, 0x00, 0x63, 0x00, 0x63, 0x00, 0x63, 0x00, 0x63, 0x00, 0x63, 0x00, 0x63, 0x00,
    0x63, 0x00, 0x63, 0x00, 0x62, 0x00, 0x62, 0x00, 0x42, 0x00, 0x42, 0x00, 0x42, 0x00, 0x42, 0x00, 0x42, 0x00, 0x42, 0x00, 0x42, 0x00, 0x42, 0x00,
    0x42, 0x00, 0x42, 0x00, 0x42, 0x00, 0x42, 0x00, 0x42, 0x00, 0x42, 0x00, 0xc4, 0x10, 0xc4, 0x10, 0xc4, 0x10, 0xc4, 0x10, 0xa3, 0x10, 0xa3, 0x10,
    0x62, 0x00, 0x62, 0x00, 0x62, 0x00, 0x62, 0x00, 0x63, 0x00, 0x63, 0x00, 0x63, 0x00, 0x63, 0x00, 0x63, 0x08, 0x63, 0x08, 0x63, 0x00, 0x63, 0x00,
    0x83, 0x00, 0x83, 0x00, 0xc5, 0x08, 0xc5, 0x08, 0xe5, 0x08, 0xe5, 0x08, 0xc5, 0x08, 0xc5, 0x08, 0xc5, 0x08, 0xc5, 0x08, 0xc5, 0x08, 0xc5, 0x08,
    0xc5, 0x10, 0xc5, 0x10, 0xe5, 0x10, 0xe5, 0x10, 0xe5, 0x10, 0xe5, 0x10, 0xe5, 0x10, 0xe5, 0x10, 0xe5, 0x10, 0xe5, 0x10, 0xe5, 0x08, 0xe5, 0x08,
    0xc5, 0x08, 0xc5, 0x08, 0xc5, 0x08, 0xc5, 0x08, 0xc5, 0x08, 0xc5, 0x08, 0xc5, 0x08, 0xc5, 0x08, 0xc5, 0x10, 0xc5, 0x10, 0xc5, 0x08, 0xc5, 0x08,
    0xe5, 0x10, 0xe5, 0x10, 0xc5, 0x08, 0xc5, 0x08, 0xc5, 0x08, 0xc5, 0x08, 0xc5, 0x08, 0xc5, 0x08, 0xe5, 0x10, 0xe5, 0x10, 0xe5, 0x10, 0xe5, 0x10,
    0xe5, 0x10, 0xe5, 0x10, 0xc5, 0x08, 0xc5, 0x08, 0xc5, 0x10, 0xc5, 0x10, 0xc5, 0x08, 0xc5, 0x08, 0xc5, 0x08, 0xc5, 0x08, 0xc5, 0x08, 0xc5, 0x08,
    0xc5, 0x08, 0xc5, 0x08, 0xc5, 0x08, 0xc5, 0x08, 0xc5, 0x08, 0xc5, 0x08, 0xe5, 0x08, 0xe5, 0x08, 0xe5, 0x08, 0xe5, 0x08, 0xe5, 0x10, 0xe5, 0x10,
    0xe5, 0x10, 0xe5, 0x10, 0xc5, 0x08, 0xc5, 0x08, 0xe5, 0x10, 0xe5, 0x10, 0xc5, 0x08, 0xc5, 0x08, 0xc5, 0x10, 0xc5, 0x10, 0xc5, 0x08, 0xc5, 0x08,
    0xc5, 0x08, 0xc5, 0x08, 0xe5, 0x10, 0xe5, 0x10, 0xe5, 0x10, 0xe5, 0x10, 0xe5, 0x10, 0xe5, 0x10, 0xc5, 0x10, 0xc5, 0x10, 0xc5, 0x10, 0xc5, 0x10,
    0xc5, 0x08, 0xc5, 0x08, 0xc5, 0x10, 0xc5, 0x10, 0xc5, 0x08, 0xc5, 0x08, 0xc5, 0x08, 0xc5, 0x08, 0xe5, 0x10, 0xe5, 0x10, 0xc5, 0x08, 0xc5, 0x08,
    0xe5, 0x10, 0xe5, 0x10, 0xc5, 0x10, 0xc5, 0x10, 0xe5, 0x10, 0xe5, 0x10, 0xc5, 0x08, 0xc5, 0x08, 0xc5, 0x10, 0xc5, 0x10, 0xc5, 0x08, 0xc5, 0x08,
    0xc5, 0x08, 0xc5, 0x08, 0xc5, 0x08, 0xc5, 0x08, 0xc5, 0x08, 0xc5, 0x08, 0x63, 0x08, 0x63, 0x08, 0x63, 0x00, 0x63, 0x00, 0x63, 0x00, 0x63, 0x00,
    0x63, 0x00, 0x63, 0x00, 0x63, 0x08, 0x63, 0x08, 0x63, 0x00, 0x63, 0x00, 0x63, 0x00, 0x63, 0x00, 0x63, 0x00, 0x63, 0x00, 0x63, 0x08, 0x63, 0x08,
    0x63, 0x00, 0x63, 0x00, 0x63, 0x00, 0x63, 0x00, 0x63, 0x08, 0x63, 0x08, 0x63, 0x08, 0x63, 0x08, 0x63, 0x08, 0x63, 0x08, 0x63, 0x00, 0x63, 0x00,
    0x63, 0x08, 0x63, 0x08, 0x63, 0x00, 0x63, 0x00, 0x63, 0x00, 0x63, 0x00, 0x63, 0x00, 0x63, 0x00, 0x63, 0x08, 0x63, 0x08, 0x63, 0x00, 0x63, 0x00,
    0x63, 0x00, 0x63, 0x00, 0x63, 0x00, 0x63, 0x00, 0x63, 0x00, 0x63, 0x00, 0x63, 0x00, 0x63, 0x00, 0x63, 0x00, 0x63, 0x00, 0x63, 0x00, 0x63, 0x00,
    0x63, 0x00, 0x63, 0x00, 0x62, 0x00, 0x62, 0x00, 0x42, 0x00, 0x42, 0x00, 0x42, 0x00, 0x42, 0x00, 0x42, 0x00, 0x42, 0x00, 0x42, 0x00, 0x42, 0x00,
    0x42, 0x00, 0x42, 0x00, 0x42, 0x00, 0x42, 0x00, 0x42, 0x00, 0x42, 0x00, 0xc4, 0x10, 0xc4, 0x10, 0xc4, 0x10, 0xc4, 0x10, 0xa3, 0x10, 0xa3, 0x10,
    0x62, 0x00, 0x62, 0x00, 0x62, 0x00, 0x62, 0x00, 0x63, 0x00, 0x63, 0x00, 0x63, 0x00, 0x63, 0x00, 0x63, 0x08, 0x63, 0x08, 0x63, 0x00, 0x63, 0x00,
    0x83, 0x00, 0x83, 0x00, 0xc5, 0x08, 0xc5, 0x08, 0xe5, 0x08, 0xe5, 0x08, 0xc5, 0x08, 0xc5, 0x08, 0xc5, 0x08, 0xc5, 0x08, 0xc5, 0x08, 0xc5, 0x08,
    0xc5, 0x10, 0xc5, 0x10, 0xe5, 0x10, 0xe5, 0x10, 0xe5, 0x10, 0xe5, 0x10, 0xe5, 0x10, 0xe5, 0x10, 0xe5, 0x10, 0xe5, 0x10, 0xe5, 0x08, 0xe5, 0x08,
    0xc5, 0x08, 0xc5, 0x08, 0xc5, 0x08, 0xc5, 0x08, 0xc5, 0x08, 0xc5, 0x08, 0xc5, 0x08, 0xc5, 0x08, 0xc5, 0x10, 0xc5, 0x10, 0xc5, 0x08, 0xc5, 0x08,
    0xe5, 0x10, 0xe5, 0x10, 0xc5, 0x08, 0xc5, 0x08, 0xc5, 0x08, 0xc5, 0x08, 0xc5, 0x08, 0xc5, 0x08, 0xe5, 0x10, 0xe5, 0x10, 0xe5, 0x10, 0xe5, 0x10,
    0xe5, 0x10, 0xe5, 0x10, 0xc5, 0x08, 0xc5, 0x08, 0xc5, 0x10, 0xc5, 0x10, 0xc5, 0x08, 0xc5, 0x08, 0xc5, 0x08, 0xc5, 0x08, 0xc5, 0x08, 0xc5, 0x08,
    0xc5, 0x08, 0xc5, 0x08, 0xc5, 0x08, 0xc5, 0x08, 0xc5, 0x08, 0xc5, 0x08, 0xe5, 0x08, 0xe5, 0x08, 0xe5, 0x08, 0xe5, 0x08, 0xe5, 0x10, 0xe5, 0x10,
    0xe5, 0x10, 0xe5, 0x10, 0xc5, 0x08, 0xc5, 0x08, 0xe5, 0x10, 0xe5, 0x10, 0xc5, 0x08, 0xc5, 0x08, 0xc5, 0x10, 0xc5, 0x10, 0xc5, 0x08, 0xc5, 0x08,
    0xc5, 0x08, 0xc5, 0x08, 0xe5, 0x10, 0xe5, 0x10, 0xe5, 0x10, 0xe5, 0x10, 0xe5, 0x10, 0xe5, 0x10, 0xc5, 0x10, 0xc5, 0x10, 0xc5, 0x10, 0xc5, 0x10,
    0xc5, 0x10, 0xc5, 0x10, 0xc5, 0x08, 0xc5, 0x08, 0xc5, 0x10, 0xc5, 0x10, 0xc5, 0x10, 0xc5, 0x10, 0xc5, 0x10, 0xc5, 0x10, 0xc5, 0x10, 0xc5, 0x10,
    0xe5, 0x10, 0xe5, 0x10, 0xc5, 0x10, 0xc5, 0x10, 0xc5, 0x08, 0xc5, 0x08, 0xe5, 0x10, 0xe5, 0x10, 0xe5, 0x10, 0xe5, 0x10, 0xc5, 0x08, 0xc5, 0x08,
    0xc5, 0x10, 0xc5, 0x10, 0xc5, 0x10, 0xc5, 0x10, 0xc5, 0x08, 0xc5, 0x08, 0xc5, 0x08, 0xc5, 0x08, 0xc5, 0x08, 0xc5, 0x08, 0xc5, 0x08, 0xc5, 0x08,
    0xc5, 0x10, 0xc5, 0x10, 0xc5, 0x08, 0xc5, 0x08, 0xc5, 0x08, 0xc5, 0x08, 0xc5, 0x08, 0xc5, 0x08, 0xc5, 0x08, 0xc5, 0x08, 0xc5, 0x08, 0xc5, 0x08,
    0xc5, 0x08, 0xc5, 0x08, 0xc5, 0x08, 0xc5, 0x08, 0xc5, 0x08, 0xc5, 0x08, 0xc5, 0x08, 0xc5, 0x08, 0xc5, 0x08, 0xc5, 0x08, 0xc5, 0x08, 0xc5, 0x08,
    0xc5, 0x08, 0xc5, 0x08, 0xc5, 0x08, 0xc5, 0x08, 0xc5, 0x08, 0xc5, 0x08, 0xc5, 0x10, 0xc5, 0x10, 0xe5, 0x10, 0xe5, 0x10, 0xc5, 0x08, 0xc5, 0x08,
    0x63, 0x08, 0x63, 0x08, 0x83, 0x08, 0x83, 0x08, 0x63, 0x08, 0x63, 0x08, 0x63, 0x00, 0x63, 0x00, 0x63, 0x00, 0x63, 0x00, 0x63, 0x00, 0x63, 0x00,
    0x63, 0x00, 0x63, 0x00, 0x63, 0x00, 0x63, 0x00, 0x63, 0x08, 0x63, 0x08, 0x63, 0x08, 0x63, 0x08, 0x63, 0x08, 0x63, 0x08, 0x63, 0x00, 0x63, 0x00,
    0x83, 0x08, 0x83, 0x08, 0xc5, 0x08, 0xc5, 0x08, 0xc5, 0x08, 0xc5, 0x08, 0xe5, 0x10, 0xe5, 0x10, 0xc5, 0x08, 0xc5, 0x08, 0xc5, 0x08, 0xc5, 0x08,
    0xc5, 0x08, 0xc5, 0x08, 0xc5, 0x08, 0xc5, 0x08, 0xc5, 0x08, 0xc5, 0x08, 0xc5, 0x08, 0xc5, 0x08, 0xc5, 0x08, 0xc5, 0x08, 0xc5, 0x08, 0xc5, 0x08,
    0xe5, 0x08, 0xe5, 0x08, 0xc5, 0x08, 0xc5, 0x08, 0xe5, 0x10, 0xe5, 0x10, 0xc5, 0x08, 0xc5, 0x08, 0xc5, 0x08, 0xc5, 0x08, 0xc5, 0x10, 0xc5, 0x10,
    0xc5, 0x08, 0xc5, 0x08, 0xe5, 0x10, 0xe5, 0x10, 0xe5, 0x10, 0xe5, 0x10, 0xe5, 0x10, 0xe5, 0x10, 0xe5, 0x10, 0xe5, 0x10, 0xc5, 0x10, 0xc5, 0x10,
    0xc5, 0x08, 0xc5, 0x08, 0xc5, 0x10, 0xc5, 0x10, 0xc5, 0x10, 0xc5, 0x10, 0xe5, 0x08, 0xe5, 0x08, 0xc5, 0x08, 0xc5, 0x08, 0xc5, 0x10, 0xc5, 0x10,
    0xc5, 0x10, 0xc5, 0x10, 0xc5, 0x08, 0xc5, 0x08, 0xc5, 0x08, 0xc5, 0x08, 0xe5, 0x08, 0xe5, 0x08, 0xc5, 0x08, 0xc5, 0x08, 0xe5, 0x10, 0xe5, 0x10,
    0xe5, 0x08, 0xe5, 0x08, 0xc5, 0x10, 0xc5, 0x10, 0xc5, 0x08, 0xc5, 0x08, 0xc5, 0x08, 0xc5, 0x08, 0xe5, 0x10, 0xe5, 0x10, 0xc5, 0x10, 0xc5, 0x10,
    0xc5, 0x10, 0xc5, 0x10, 0xc5, 0x08, 0xc5, 0x08, 0xe5, 0x08, 0xe5, 0x08, 0xe5, 0x08, 0xe5, 0x08, 0xe5, 0x10, 0xe5, 0x10, 0xc5, 0x08, 0xc5, 0x08,
    0xc5, 0x08, 0xc5, 0x08, 0xc5, 0x08, 0xc5, 0x08, 0xe5, 0x10, 0xe5, 0x10, 0xe5, 0x10, 0xe5, 0x10, 0xe5, 0x10, 0xe5, 0x10, 0xc5, 0x10, 0xc5, 0x10,
    0xe5, 0x10, 0xe5, 0x10, 0xe5, 0x10, 0xe5, 0x10, 0xc5, 0x10, 0xc5, 0x10, 0xc5, 0x10, 0xc5, 0x10, 0xc5, 0x08, 0xc5, 0x08, 0xc5, 0x10, 0xc5, 0x10,
    0xc5, 0x10, 0xc5, 0x10, 0xc5, 0x08, 0xc5, 0x08, 0xc5, 0x10, 0xc5, 0x10, 0xc5, 0x10, 0xc5, 0x10, 0xc5, 0x10, 0xc5, 0x10, 0xc5, 0x10, 0xc5, 0x10,
    0xe5, 0x10, 0xe5, 0x10, 0xc5, 0x10, 0xc5, 0x10, 0xc5, 0x08, 0xc5, 0x08, 0xe5, 0x10, 0xe5, 0x10, 0xe5, 0x10, 0xe5, 0x10, 0xc5, 0x08, 0xc5, 0x08,
    0xc5, 0x10, 0xc5, 0x10, 0xc5, 0x10, 0xc5, 0x10, 0xc5, 0x08, 0xc5, 0x08, 0xc5, 0x08, 0xc5, 0x08, 0xc5, 0x08, 0xc5, 0x08, 0xc5, 0x08, 0xc5, 0x08,
    0xc5, 0x10, 0xc5, 0x10, 0xc5, 0x08, 0xc5, 0x08, 0xc5, 0x08, 0xc5, 0x08, 0xc5, 0x08, 0xc5, 0x08, 0xc5, 0x08, 0xc5, 0x08, 0xc5, 0x08, 0xc5, 0x08,
    0xc5, 0x08, 0xc5, 0x08, 0xc5, 0x08, 0xc5, 0x08, 0xc5, 0x08, 0xc5, 0x08, 0xc5, 0x08, 0xc5, 0x08, 0xc5, 0x08, 0xc5, 0x08, 0xc5, 0x08, 0xc5, 0x08,
    0xc5, 0x08, 0xc5, 0x08, 0xc5, 0x08, 0xc5, 0x08, 0xc5, 0x08, 0xc5, 0x08, 0xc5, 0x10, 0xc5, 0x10, 0xe5, 0x10, 0xe5, 0x10, 0xc5, 0x08, 0xc5, 0x08,
    0x63, 0x08, 0x63, 0x08, 0x83, 0x08, 0x83, 0x08, 0x63, 0x08, 0x63, 0x08, 0x63, 0x00, 0x63, 0x00, 0x63, 0x00, 0x63, 0x00, 0x63, 0x00, 0x63, 0x00,
    0x63, 0x00, 0x63, 0x00, 0x63, 0x00, 0x63, 0x00, 0x63, 0x08, 0x63, 0x08, 0x63, 0x08, 0x63, 0x08, 0x63, 0x08, 0x63, 0x08, 0x63, 0x00, 0x63, 0x00,
    0x83, 0x08, 0x83, 0x08, 0xc5, 0x08, 0xc5, 0x08, 0xc5, 0x08, 0xc5, 0x08, 0xe5, 0x10, 0xe5, 0x10, 0xc5, 0x08, 0xc5, 0x08, 0xc5, 0x08, 0xc5, 0x08,
    0xc5, 0x08, 0xc5, 0x08, 0xc5, 0x08, 0xc5, 0x08, 0xc5, 0x08, 0xc5, 0x08, 0xc5, 0x08, 0xc5, 0x08, 0xc5, 0x08, 0xc5, 0x08, 0xc5, 0x08, 0xc5, 0x08,
    0xe5, 0x08, 0xe5, 0x08, 0xc5, 0x08, 0xc5, 0x08, 0xe5, 0x10, 0xe5, 0x10, 0xc5, 0x08, 0xc5, 0x08, 0xc5, 0x08, 0xc5, 0x08, 0xc5, 0x10, 0xc5, 0x10,
    0xc5, 0x08, 0xc5, 0x08, 0xe5, 0x10, 0xe5, 0x10, 0xe5, 0x10, 0xe5, 0x10, 0xe5, 0x10, 0xe5, 0x10, 0xe5, 0x10, 0xe5, 0x10, 0xc5, 0x10, 0xc5, 0x10,
    0xc5, 0x08, 0xc5, 0x08, 0xc5, 0x10, 0xc5, 0x10, 0xc5, 0x10, 0xc5, 0x10, 0xe5, 0x08, 0xe5, 0x08, 0xc5, 0x08, 0xc5, 0x08, 0xc5, 0x10, 0xc5, 0x10,
    0xc5, 0x10, 0xc5, 0x10, 0xc5, 0x08, 0xc5, 0x08, 0xc5, 0x08, 0xc5, 0x08, 0xe5, 0x08, 0xe5, 0x08, 0xc5, 0x08, 0xc5, 0x08, 0xe5, 0x10, 0xe5, 0x10,
    0xe5, 0x08, 0xe5, 0x08, 0xc5, 0x10, 0xc5, 0x10, 0xc5, 0x08, 0xc5, 0x08, 0xc5, 0x08, 0xc5, 0x08, 0xe5, 0x10, 0xe5, 0x10, 0xc5, 0x10, 0xc5, 0x10,
    0xc5, 0x10, 0xc5, 0x10, 0xc5, 0x08, 0xc5, 0x08, 0xe5, 0x08, 0xe5, 0x08, 0xe5, 0x08, 0xe5, 0x08, 0xe5, 0x10, 0xe5, 0x10, 0xc5, 0x08, 0xc5, 0x08,
    0xc5, 0x08, 0xc5, 0x08, 0xc5, 0x08, 0xc5, 0x08, 0xe5, 0x10, 0xe5, 0x10, 0xe5, 0x10, 0xe5, 0x10, 0xe5, 0x10, 0xe5, 0x10, 0xc5, 0x10, 0xc5, 0x10,
    0xe5, 0x10, 0xe5, 0x10, 0xe5, 0x10, 0xe5, 0x10, 0xc5, 0x10, 0xc5, 0x10, 0xc5, 0x10, 0xc5, 0x10, 0xc5, 0x08, 0xc5, 0x08, 0xc5, 0x10, 0xc5, 0x10,
    0xc5, 0x08, 0xc5, 0x08, 0xc5, 0x10, 0xc5, 0x10, 0xe5, 0x10, 0xe5, 0x10, 0xc5, 0x10, 0xc5, 0x10, 0xc5, 0x10, 0xc5, 0x10, 0xc5, 0x08, 0xc5, 0x08,
    0xc5, 0x08, 0xc5, 0x08, 0xc5, 0x10, 0xc5, 0x10, 0xc5, 0x08, 0xc5, 0x08, 0xc5, 0x08, 0xc5, 0x08, 0xc5, 0x08, 0xc5, 0x08, 0xc5, 0x08, 0xc5, 0x08,
    0xc5, 0x08, 0xc5, 0x08, 0xc5, 0x08, 0xc5, 0x08, 0xc5, 0x10, 0xc5, 0x10, 0xc5, 0x08, 0xc5, 0x08, 0xc5, 0x08, 0xc5, 0x08, 0xc5, 0x08, 0xc5, 0x08,
    0xc5, 0x08, 0xc5, 0x08, 0xc5, 0x08, 0xc5, 0x08, 0xc5, 0x08, 0xc5, 0x08, 0xc5, 0x08, 0xc5, 0x08, 0xc5, 0x08, 0xc5, 0x08, 0xc5, 0x08, 0xc5, 0x08,
    0xc5, 0x10, 0xc5, 0x10, 0xc5, 0x08, 0xc5, 0x08, 0xc5, 0x08, 0xc5, 0x08, 0xc5, 0x08, 0xc5, 0x08, 0xc5, 0x08, 0xc5, 0x08, 0xc5, 0x10, 0xc5, 0x10,
    0xe5, 0x10, 0xe5, 0x10, 0xc5, 0x08, 0xc5, 0x08, 0xc5, 0x08, 0xc5, 0x08, 0xc5, 0x08, 0xc5, 0x08, 0xc5, 0x08, 0xc5, 0x08, 0xc5, 0x08, 0xc5, 0x08,
    0xc5, 0x08, 0xc5, 0x08, 0xc5, 0x08, 0xc5, 0x08, 0xc5, 0x08, 0xc5, 0x08, 0xe5, 0x10, 0xe5, 0x10, 0xc5, 0x08, 0xc5, 0x08, 0xc5, 0x08, 0xc5, 0x08,
    0xc5, 0x08, 0xc5, 0x08, 0xc5, 0x08, 0xc5, 0x08, 0xc5, 0x08, 0xc5, 0x08, 0xc5, 0x08, 0xc5, 0x08, 0xc5, 0x08, 0xc5, 0x08, 0xc5, 0x08, 0xc5, 0x08,
    0xc5, 0x08, 0xc5, 0x08, 0xc5, 0x08, 0xc5, 0x08, 0xc5, 0x08, 0xc5, 0x08, 0xc5, 0x08, 0xc5, 0x08, 0xc5, 0x08, 0xc5, 0x08, 0xc5, 0x08, 0xc5, 0x08,
    0xc5, 0x10, 0xc5, 0x10, 0xe5, 0x10, 0xe5, 0x10, 0xc5, 0x08, 0xc5, 0x08, 0xc5, 0x08, 0xc5, 0x08, 0xc5, 0x08, 0xc5, 0x08, 0xc5, 0x08, 0xc5, 0x08,
    0xc5, 0x10, 0xc5, 0x10, 0xc5, 0x08, 0xc5, 0x08, 0xc5, 0x08, 0xc5, 0x08, 0xc5, 0x08, 0xc5, 0x08, 0xc5, 0x08, 0xc5, 0x08, 0xc5, 0x08, 0xc5, 0x08,
    0xc5, 0x08, 0xc5, 0x08, 0xc5, 0x10, 0xc5, 0x10, 0xc5, 0x08, 0xc5, 0x08, 0xc5, 0x08, 0xc5, 0x08, 0xc5, 0x10, 0xc5, 0x10, 0xc5, 0x10, 0xc5, 0x10,
    0xc5, 0x08, 0xc5, 0x08, 0xe5, 0x10, 0xe5, 0x10, 0xc5, 0x10, 0xc5, 0x10, 0xc5, 0x08, 0xc5, 0x08, 0xe5, 0x10, 0xe5, 0x10, 0xc5, 0x08, 0xc5, 0x08,
    0xc5, 0x08, 0xc5, 0x08, 0xe5, 0x08, 0xe5, 0x08, 0xe5, 0x10, 0xe5, 0x10, 0xe5, 0x10, 0xe5, 0x10, 0xe5, 0x10, 0xe5, 0x10, 0xc5, 0x08, 0xc5, 0x08,
    0xe5, 0x10, 0xe5, 0x10, 0xc5, 0x10, 0xc5, 0x10, 0xe5, 0x10, 0xe5, 0x10, 0xc5, 0x08, 0xc5, 0x08, 0xe5, 0x10, 0xe5, 0x10, 0xe5, 0x10, 0xe5, 0x10,
    0xc5, 0x08, 0xc5, 0x08, 0xc5, 0x08, 0xc5, 0x08, 0xe5, 0x10, 0xe5, 0x10, 0xc5, 0x08, 0xc5, 0x08, 0xe5, 0x10, 0xe5, 0x10, 0xc5, 0x08, 0xc5, 0x08,
    0xc5, 0x08, 0xc5, 0x08, 0xc5, 0x10, 0xc5, 0x10, 0xe5, 0x10, 0xe5, 0x10, 0xc5, 0x10, 0xc5, 0x10, 0xe5, 0x10, 0xe5, 0x10, 0xc5, 0x10, 0xc5, 0x10,
    0xe5, 0x10, 0xe5, 0x10, 0xc5, 0x10, 0xc5, 0x10, 0xe5, 0x08, 0xe5, 0x08, 0xc5, 0x08, 0xc5, 0x08, 0xc5, 0x10, 0xc5, 0x10, 0xe5, 0x10, 0xe5, 0x10,
    0xc5, 0x08, 0xc5, 0x08, 0xc5, 0x10, 0xc5, 0x10, 0xe5, 0x10, 0xe5, 0x10, 0xc5, 0x10, 0xc5, 0x10, 0xc5, 0x10, 0xc5, 0x10, 0xc5, 0x08, 0xc5, 0x08,
    0xc5, 0x08, 0xc5, 0x08, 0xc5, 0x10, 0xc5, 0x10, 0xc5, 0x08, 0xc5, 0x08, 0xc5, 0x08, 0xc5, 0x08, 0xc5, 0x08, 0xc5, 0x08, 0xc5, 0x08, 0xc5, 0x08,
    0xc5, 0x08, 0xc5, 0x08, 0xc5, 0x08, 0xc5, 0x08, 0xc5, 0x10, 0xc5, 0x10, 0xc5, 0x08, 0xc5, 0x08, 0xc5, 0x08, 0xc5, 0x08, 0xc5, 0x08, 0xc5, 0x08,
    0xc5, 0x08, 0xc5, 0x08, 0xc5, 0x08, 0xc5, 0x08, 0xc5, 0x08, 0xc5, 0x08, 0xc5, 0x08, 0xc5, 0x08, 0xc5, 0x08, 0xc5, 0x08, 0xc5, 0x08, 0xc5, 0x08,
    0xc5, 0x10, 0xc5, 0x10, 0xc5, 0x08, 0xc5, 0x08, 0xc5, 0x08, 0xc5, 0x08, 0xc5, 0x08, 0xc5, 0x08, 0xc5, 0x08, 0xc5, 0x08, 0xc5, 0x10, 0xc5, 0x10,
    0xe5, 0x10, 0xe5, 0x10, 0xc5, 0x08, 0xc5, 0x08, 0xc5, 0x08, 0xc5, 0x08, 0xc5, 0x08, 0xc5, 0x08, 0xc5, 0x08, 0xc5, 0x08, 0xc5, 0x08, 0xc5, 0x08,
    0xc5, 0x08, 0xc5, 0x08, 0xc5, 0x08, 0xc5, 0x08, 0xc5, 0x08, 0xc5, 0x08, 0xe5, 0x10, 0xe5, 0x10, 0xc5, 0x08, 0xc5, 0x08, 0xc5, 0x08, 0xc5, 0x08,
    0xc5, 0x08, 0xc5, 0x08, 0xc5, 0x08, 0xc5, 0x08, 0xc5, 0x08, 0xc5, 0x08, 0xc5, 0x08, 0xc5, 0x08, 0xc5, 0x08, 0xc5, 0x08, 0xc5, 0x08, 0xc5, 0x08,
    0xc5, 0x08, 0xc5, 0x08, 0xc5, 0x08, 0xc5, 0x08, 0xc5, 0x08, 0xc5, 0x08, 0xc5, 0x08, 0xc5, 0x08, 0xc5, 0x08, 0xc5, 0x08, 0xc5, 0x08, 0xc5, 0x08,
    0xc5, 0x10, 0xc5, 0x10, 0xe5, 0x10, 0xe5, 0x10, 0xc5, 0x08, 0xc5, 0x08, 0xc5, 0x08, 0xc5, 0x08, 0xc5, 0x08, 0xc5, 0x08, 0xc5, 0x08, 0xc5, 0x08,
    0xc5, 0x10, 0xc5, 0x10, 0xc5, 0x08, 0xc5, 0x08, 0xc5, 0x08, 0xc5, 0x08, 0xc5, 0x08, 0xc5, 0x08, 0xc5, 0x08, 0xc5, 0x08, 0xc5, 0x08, 0xc5, 0x08,
    0xc5, 0x08, 0xc5, 0x08, 0xc5, 0x10, 0xc5, 0x10, 0xc5, 0x08, 0xc5, 0x08, 0xc5, 0x08, 0xc5, 0x08, 0xc5, 0x10, 0xc5, 0x10, 0xc5, 0x10, 0xc5, 0x10,
    0xc5, 0x08, 0xc5, 0x08, 0xe5, 0x10, 0xe5, 0x10, 0xc5, 0x10, 0xc5, 0x10, 0xc5, 0x08, 0xc5, 0x08, 0xe5, 0x10, 0xe5, 0x10, 0xc5, 0x08, 0xc5, 0x08,
    0xc5, 0x08, 0xc5, 0x08, 0xe5, 0x08, 0xe5, 0x08, 0xe5, 0x10, 0xe5, 0x10, 0xe5, 0x10, 0xe5, 0x10, 0xe5, 0x10, 0xe5, 0x10, 0xc5, 0x08, 0xc5, 0x08,
    0xe5, 0x10, 0xe5, 0x10, 0xc5, 0x10, 0xc5, 0x10, 0xe5, 0x10, 0xe5, 0x10, 0xc5, 0x08, 0xc5, 0x08, 0xe5, 0x10, 0xe5, 0x10, 0xe5, 0x10, 0xe5, 0x10,
    0xc5, 0x08, 0xc5, 0x08, 0xc5, 0x08, 0xc5, 0x08, 0xe5, 0x10, 0xe5, 0x10, 0xc5, 0x08, 0xc5, 0x08, 0xe5, 0x10, 0xe5, 0x10, 0xc5, 0x08, 0xc5, 0x08,
    0xc5, 0x08, 0xc5, 0x08, 0xc5, 0x10, 0xc5, 0x10, 0xe5, 0x10, 0xe5, 0x10, 0xc5, 0x10, 0xc5, 0x10, 0xe5, 0x10, 0xe5, 0x10, 0xc5, 0x10, 0xc5, 0x10,
    0xe5, 0x10, 0xe5, 0x10, 0xc5, 0x10, 0xc5, 0x10, 0xe5, 0x08, 0xe5, 0x08, 0xc5, 0x08, 0xc5, 0x08, 0xc5, 0x10, 0xc5, 0x10, 0xe5, 0x10, 0xe5, 0x10,
    0xc5, 0x08, 0xc5, 0x08, 0xe5, 0x10, 0xe5, 0x10, 0xc5, 0x08, 0xc5, 0x08, 0xc5, 0x08, 0xc5, 0x08, 0xe5, 0x10, 0xe5, 0x10, 0xc5, 0x08, 0xc5, 0x08,
    0xe5, 0x10, 0xe5, 0x10, 0xe5, 0x10, 0xe5, 0x10, 0xe5, 0x10, 0xe5, 0x10, 0xc5, 0x08, 0xc5, 0x08, 0xc5, 0x08, 0xc5, 0x08, 0xc5, 0x08, 0xc5, 0x08,
    0xe5, 0x08, 0xe5, 0x08, 0xc5, 0x08, 0xc5, 0x08, 0xc5, 0x08, 0xc5, 0x08, 0xc5, 0x08, 0xc5, 0x08, 0xc5, 0x08, 0xc5, 0x08, 0xc5, 0x08, 0xc5, 0x08,
    0xc5, 0x08, 0xc5, 0x08, 0xc5, 0x08, 0xc5, 0x08, 0xc5, 0x08, 0xc5, 0x08, 0xc5, 0x10, 0xc5, 0x10, 0xc5, 0x08, 0xc5, 0x08, 0xc5, 0x08, 0xc5, 0x08,
    0xc5, 0x08, 0xc5, 0x08, 0xc5, 0x08, 0xc5, 0x08, 0xc5, 0x08, 0xc5, 0x08, 0xc5, 0x08, 0xc5, 0x08, 0xc5, 0x08, 0xc5, 0x08, 0xc5, 0x08, 0xc5, 0x08,
    0xc5, 0x10, 0xc5, 0x10, 0xe5, 0x10, 0xe5, 0x10, 0xc5, 0x10, 0xc5, 0x10, 0xc5, 0x08, 0xc5, 0x08, 0xc5, 0x08, 0xc5, 0x08, 0xc5, 0x10, 0xc5, 0x10,
    0xc5, 0x08, 0xc5, 0x08, 0xe5, 0x08, 0xe5, 0x08, 0xc5, 0x08, 0xc5, 0x08, 0xc5, 0x10, 0xc5, 0x10, 0xc5, 0x08, 0xc5, 0x08, 0xc5, 0x08, 0xc5, 0x08,
    0xc5, 0x08, 0xc5, 0x08, 0xc5, 0x08, 0xc5, 0x08, 0xc5, 0x08, 0xc5, 0x08, 0xc5, 0x08, 0xc5, 0x08, 0xc5, 0x08, 0xc5, 0x08, 0xc5, 0x08, 0xc5, 0x08,
    0xc5, 0x08, 0xc5, 0x08, 0xc5, 0x10, 0xc5, 0x10, 0xc5, 0x10, 0xc5, 0x10, 0xc5, 0x08, 0xc5, 0x08, 0xc5, 0x08, 0xc5, 0x08, 0xc5, 0x08, 0xc5, 0x08,
    0xc5, 0x08, 0xc5, 0x08, 0xe5, 0x10, 0xe5, 0x10, 0xe5, 0x10, 0xe5, 0x10, 0xc5, 0x08, 0xc5, 0x08, 0xc5, 0x08, 0xc5, 0x08, 0xc5, 0x08, 0xc5, 0x08,
    0xc5, 0x08, 0xc5, 0x08, 0xc5, 0x10, 0xc5, 0x10, 0xc5, 0x08, 0xc5, 0x08, 0xc5, 0x08, 0xc5, 0x08, 0xc5, 0x10, 0xc5, 0x10, 0xc5, 0x10, 0xc5, 0x10,
    0xc5, 0x10, 0xc5, 0x10, 0xc5, 0x08, 0xc5, 0x08, 0xc5, 0x08, 0xc5, 0x08, 0xc5, 0x08, 0xc5, 0x08, 0xc5, 0x08, 0xc5, 0x08, 0xc5, 0x10, 0xc5, 0x10,
    0xc5, 0x08, 0xc5, 0x08, 0xe5, 0x08, 0xe5, 0x08, 0xc5, 0x08, 0xc5, 0x08, 0xc5, 0x08, 0xc5, 0x08, 0xc5, 0x08, 0xc5, 0x08, 0xc5, 0x08, 0xc5, 0x08,
    0xc5, 0x08, 0xc5, 0x08, 0xc5, 0x10, 0xc5, 0x10, 0xc5, 0x10, 0xc5, 0x10, 0xc5, 0x08, 0xc5, 0x08, 0xc5, 0x08, 0xc5, 0x08, 0xc5, 0x08, 0xc5, 0x08,
    0xe5, 0x10, 0xe5, 0x10, 0xe5, 0x08, 0xe5, 0x08, 0xc5, 0x08, 0xc5, 0x08, 0xc5, 0x10, 0xc5, 0x10, 0xc5, 0x10, 0xc5, 0x10, 0xc5, 0x10, 0xc5, 0x10,
    0xe5, 0x10, 0xe5, 0x10, 0xc5, 0x08, 0xc5, 0x08, 0xc5, 0x08, 0xc5, 0x08, 0xc5, 0x10, 0xc5, 0x10, 0xe5, 0x10, 0xe5, 0x10, 0xc5, 0x10, 0xc5, 0x10,
    0xe5, 0x08, 0xe5, 0x08, 0xe5, 0x10, 0xe5, 0x10, 0xc5, 0x08, 0xc5, 0x08, 0xc5, 0x10, 0xc5, 0x10, 0xc5, 0x10, 0xc5, 0x10, 0xe5, 0x10, 0xe5, 0x10,
    0xe5, 0x10, 0xe5, 0x10, 0xe5, 0x08, 0xe5, 0x08, 0xc5, 0x08, 0xc5, 0x08, 0xe5, 0x10, 0xe5, 0x10, 0xe5, 0x08, 0xe5, 0x08, 0xc5, 0x08, 0xc5, 0x08,
    0xc5, 0x08, 0xc5, 0x08, 0xe5, 0x10, 0xe5, 0x10, 0xc5, 0x08, 0xc5, 0x08, 0xc5, 0x08, 0xc5, 0x08, 0xe5, 0x10, 0xe5, 0x10, 0xc5, 0x08, 0xc5, 0x08,
    0xe5, 0x10, 0xe5, 0x10, 0xe5, 0x10, 0xe5, 0x10, 0xe5, 0x10, 0xe5, 0x10, 0xc5, 0x08, 0xc5, 0x08, 0xc5, 0x08, 0xc5, 0x08, 0xc5, 0x08, 0xc5, 0x08,
    0xe5, 0x08, 0xe5, 0x08, 0xc5, 0x08, 0xc5, 0x08, 0xc5, 0x08, 0xc5, 0x08, 0xc5, 0x08, 0xc5, 0x08, 0xc5, 0x08, 0xc5, 0x08, 0xc5, 0x08, 0xc5, 0x08,
    0xc5, 0x08, 0xc5, 0x08, 0xc5, 0x08, 0xc5, 0x08, 0xc5, 0x08, 0xc5, 0x08, 0xc5, 0x10, 0xc5, 0x10, 0xc5, 0x08, 0xc5, 0x08, 0xc5, 0x08, 0xc5, 0x08,
    0xc5, 0x08, 0xc5, 0x08, 0xc5, 0x08, 0xc5, 0x08, 0xc5, 0x08, 0xc5, 0x08, 0xc5, 0x08, 0xc5, 0x08, 0xc5, 0x08, 0xc5, 0x08, 0xc5, 0x08, 0xc5, 0x08,
    0xc5, 0x10, 0xc5, 0x10, 0xe5, 0x10, 0xe5, 0x10, 0xc5, 0x10, 0xc5, 0x10, 0xc5, 0x08, 0xc5, 0x08, 0xc5, 0x08, 0xc5, 0x08, 0xc5, 0x10, 0xc5, 0x10,
    0xc5, 0x08, 0xc5, 0x08, 0xe5, 0x08, 0xe5, 0x08, 0xc5, 0x08, 0xc5, 0x08, 0xc5, 0x10, 0xc5, 0x10, 0xc5, 0x08, 0xc5, 0x08, 0xc5, 0x08, 0xc5, 0x08,
    0xc5, 0x08, 0xc5, 0x08, 0xc5, 0x08, 0xc5, 0x08, 0xc5, 0x08, 0xc5, 0x08, 0xc5, 0x08, 0xc5, 0x08, 0xc5, 0x08, 0xc5, 0x08, 0xc5, 0x08, 0xc5, 0x08,
    0xc5, 0x08, 0xc5, 0x08, 0xc5, 0x10, 0xc5, 0x10, 0xc5, 0x10, 0xc5, 0x10, 0xc5, 0x08, 0xc5, 0x08, 0xc5, 0x08, 0xc5, 0x08, 0xc5, 0x08, 0xc5, 0x08,
    0xc5, 0x08, 0xc5, 0x08, 0xe5, 0x10, 0xe5, 0x10, 0xe5, 0x10, 0xe5, 0x10, 0xc5, 0x08, 0xc5, 0x08, 0xc5, 0x08, 0xc5, 0x08, 0xc5, 0x08, 0xc5, 0x08,
    0xc5, 0x08, 0xc5, 0x08, 0xc5, 0x10, 0xc5, 0x10, 0xc5, 0x08, 0xc5, 0x08, 0xc5, 0x08, 0xc5, 0x08, 0xc5, 0x10, 0xc5, 0x10, 0xc5, 0x10, 0xc5, 0x10,
    0xc5, 0x10, 0xc5, 0x10, 0xc5, 0x08, 0xc5, 0x08, 0xc5, 0x08, 0xc5, 0x08, 0xc5, 0x08, 0xc5, 0x08, 0xc5, 0x08, 0xc5, 0x08, 0xc5, 0x10, 0xc5, 0x10,
    0xc5, 0x08, 0xc5, 0x08, 0xe5, 0x08, 0xe5, 0x08, 0xc5, 0x08, 0xc5, 0x08, 0xc5, 0x08, 0xc5, 0x08, 0xc5, 0x08, 0xc5, 0x08, 0xc5, 0x08, 0xc5, 0x08,
    0xc5, 0x08, 0xc5, 0x08, 0xc5, 0x10, 0xc5, 0x10, 0xc5, 0x10, 0xc5, 0x10, 0xc5, 0x08, 0xc5, 0x08, 0xc5, 0x08, 0xc5, 0x08, 0xc5, 0x08, 0xc5, 0x08,
    0xe5, 0x10, 0xe5, 0x10, 0xe5, 0x08, 0xe5, 0x08, 0xc5, 0x08, 0xc5, 0x08, 0xc5, 0x10, 0xc5, 0x10, 0xc5, 0x10, 0xc5, 0x10, 0xc5, 0x10, 0xc5, 0x10,
    0xe5, 0x10, 0xe5, 0x10, 0xc5, 0x08, 0xc5, 0x08, 0xc5, 0x08, 0xc5, 0x08, 0xc5, 0x10, 0xc5, 0x10, 0xe5, 0x10, 0xe5, 0x10, 0xc5, 0x10, 0xc5, 0x10,
    0xe5, 0x08, 0xe5, 0x08, 0xe5, 0x10, 0xe5, 0x10, 0xc5, 0x08, 0xc5, 0x08, 0xc5, 0x10, 0xc5, 0x10, 0xc5, 0x10, 0xc5, 0x10, 0xe5, 0x10, 0xe5, 0x10,
    0xe5, 0x10, 0xe5, 0x10, 0xe5, 0x08, 0xe5, 0x08, 0xc5, 0x08, 0xc5, 0x08, 0xe5, 0x10, 0xe5, 0x10, 0xe5, 0x08, 0xe5, 0x08, 0xc5, 0x08, 0xc5, 0x08,
    0xe5, 0x08, 0xe5, 0x08, 0xc5, 0x08, 0xc5, 0x08, 0xc5, 0x10, 0xc5, 0x10, 0xc5, 0x08, 0xc5, 0x08, 0xe5, 0x10, 0xe5, 0x10, 0xc5, 0x10, 0xc5, 0x10,
    0xc5, 0x08, 0xc5, 0x08, 0xc5, 0x08, 0xc5, 0x08, 0xc5, 0x10, 0xc5, 0x10, 0xc5, 0x10, 0xc5, 0x10, 0xc5, 0x10, 0xc5, 0x10, 0xc5, 0x08, 0xc5, 0x08,
    0xc5, 0x10, 0xc5, 0x10, 0xc5, 0x08, 0xc5, 0x08, 0xc5, 0x08, 0xc5, 0x08, 0xc5, 0x08, 0xc5, 0x08, 0xc5, 0x10, 0xc5, 0x10, 0xc5, 0x08, 0xc5, 0x08,
    0xc5, 0x08, 0xc5, 0x08, 0xc5, 0x08, 0xc5, 0x08, 0xc5, 0x08, 0xc5, 0x08, 0xc5, 0x08, 0xc5, 0x08, 0xc5, 0x08, 0xc5, 0x08, 0xc5, 0x08, 0xc5, 0x08,
    0xc5, 0x08, 0xc5, 0x08, 0xc5, 0x10, 0xc5, 0x10, 0xc5, 0x10, 0xc5, 0x10, 0xc5, 0x08, 0xc5, 0x08, 0xc5, 0x08, 0xc5, 0x08, 0xc5, 0x08, 0xc5, 0x08,
    0xc5, 0x08, 0xc5, 0x08, 0xe5, 0x10, 0xe5, 0x10, 0xc5, 0x08, 0xc5, 0x08, 0xc5, 0x10, 0xc5, 0x10, 0xc5, 0x08, 0xc5, 0x08, 0xc5, 0x10, 0xc5, 0x10,
    0xc5, 0x08, 0xc5, 0x08, 0xc5, 0x08, 0xc5, 0x08, 0xe5, 0x10, 0xe5, 0x10, 0xc5, 0x08, 0xc5, 0x08, 0xe5, 0x10, 0xe5, 0x10, 0xc5, 0x08, 0xc5, 0x08,
    0xc5, 0x08, 0xc5, 0x08, 0xc5, 0x10, 0xc5, 0x10, 0xc5, 0x08, 0xc5, 0x08, 0xc5, 0x10, 0xc5, 0x10, 0xc5, 0x08, 0xc5, 0x08, 0xc5, 0x08, 0xc5, 0x08,
    0xc5, 0x08, 0xc5, 0x08, 0xc5, 0x10, 0xc5, 0x10, 0xc5, 0x10, 0xc5, 0x10, 0xc5, 0x10, 0xc5, 0x10, 0xc5, 0x08, 0xc5, 0x08, 0xc5, 0x08, 0xc5, 0x08,
    0xc5, 0x08, 0xc5, 0x08, 0xc5, 0x08, 0xc5, 0x08, 0xc5, 0x08, 0xc5, 0x08, 0xc5, 0x08, 0xc5, 0x08, 0xc5, 0x08, 0xc5, 0x08, 0xc5, 0x08, 0xc5, 0x08,
    0xc5, 0x08, 0xc5, 0x08, 0xc5, 0x08, 0xc5, 0x08, 0xc5, 0x08, 0xc5, 0x08, 0xc5, 0x08, 0xc5, 0x08, 0xc5, 0x10, 0xc5, 0x10, 0xc5, 0x08, 0xc5, 0x08,
    0xc5, 0x08, 0xc5, 0x08, 0xe5, 0x10, 0xe5, 0x10, 0xc5, 0x08, 0xc5, 0x08, 0xc5, 0x08, 0xc5, 0x08, 0xe5, 0x08, 0xe5, 0x08, 0xc5, 0x08, 0xc5, 0x08,
    0xe5, 0x10, 0xe5, 0x10, 0xe5, 0x08, 0xe5, 0x08, 0xc5, 0x08, 0xc5, 0x08, 0xc5, 0x08, 0xc5, 0x08, 0xc5, 0x08, 0xc5, 0x08, 0xc5, 0x08, 0xc5, 0x08,
    0xe5, 0x10, 0xe5, 0x10, 0xc5, 0x10, 0xc5, 0x10, 0xc5, 0x08, 0xc5, 0x08, 0xc5, 0x08, 0xc5, 0x08, 0xc5, 0x08, 0xc5, 0x08, 0xc5, 0x08, 0xc5, 0x08,
    0xc5, 0x08, 0xc5, 0x08, 0xc5, 0x08, 0xc5, 0x08, 0xe5, 0x08, 0xe5, 0x08, 0xe5, 0x10, 0xe5, 0x10, 0xe5, 0x10, 0xe5, 0x10, 0xc5, 0x10, 0xc5, 0x10,
    0xe5, 0x08, 0xe5, 0x08, 0xc5, 0x08, 0xc5, 0x08, 0xc5, 0x08, 0xc5, 0x08, 0xc5, 0x10, 0xc5, 0x10, 0xc5, 0x08, 0xc5, 0x08, 0xc5, 0x10, 0xc5, 0x10,
    0xc5, 0x08, 0xc5, 0x08, 0xe5, 0x10, 0xe5, 0x10, 0xe5, 0x08, 0xe5, 0x08, 0xe5, 0x10, 0xe5, 0x10, 0xc5, 0x08, 0xc5, 0x08, 0xe5, 0x10, 0xe5, 0x10,
    0xc5, 0x10, 0xc5, 0x10, 0xe5, 0x10, 0xe5, 0x10, 0xc5, 0x10, 0xc5, 0x10, 0xc5, 0x10, 0xc5, 0x10, 0xc5, 0x08, 0xc5, 0x08, 0xc5, 0x10, 0xc5, 0x10,
    0xe5, 0x08, 0xe5, 0x08, 0xc5, 0x08, 0xc5, 0x08, 0xc5, 0x10, 0xc5, 0x10, 0xc5, 0x08, 0xc5, 0x08, 0xe5, 0x10, 0xe5, 0x10, 0xc5, 0x10, 0xc5, 0x10,
    0xc5, 0x08, 0xc5, 0x08, 0xc5, 0x08, 0xc5, 0x08, 0xc5, 0x10, 0xc5, 0x10, 0xc5, 0x10, 0xc5, 0x10, 0xc5, 0x10, 0xc5, 0x10, 0xc5, 0x08, 0xc5, 0x08,
    0xc5, 0x10, 0xc5, 0x10, 0xc5, 0x08, 0xc5, 0x08, 0xc5, 0x08, 0xc5, 0x08, 0xc5, 0x08, 0xc5, 0x08, 0xc5, 0x10, 0xc5, 0x10, 0xc5, 0x08, 0xc5, 0x08,
    0xc5, 0x08, 0xc5, 0x08, 0xc5, 0x08, 0xc5, 0x08, 0xc5, 0x08, 0xc5, 0x08, 0xc5, 0x08, 0xc5, 0x08, 0xc5, 0x08, 0xc5, 0x08, 0xc5, 0x08, 0xc5, 0x08,
    0xc5, 0x08, 0xc5, 0x08, 0xc5, 0x10, 0xc5, 0x10, 0xc5, 0x10, 0xc5, 0x10, 0xc5, 0x08, 0xc5, 0x08, 0xc5, 0x08, 0xc5, 0x08, 0xc5, 0x08, 0xc5, 0x08,
    0xc5, 0x08, 0xc5, 0x08, 0xe5, 0x10, 0xe5, 0x10, 0xc5, 0x08, 0xc5, 0x08, 0xc5, 0x10, 0xc5, 0x10, 0xc5, 0x08, 0xc5, 0x08, 0xc5, 0x10, 0xc5, 0x10,
    0xc5, 0x08, 0xc5, 0x08, 0xc5, 0x08, 0xc5, 0x08, 0xe5, 0x10, 0xe5, 0x10, 0xc5, 0x08, 0xc5, 0x08, 0xe5, 0x10, 0xe5, 0x10, 0xc5, 0x08, 0xc5, 0x08,
    0xc5, 0x08, 0xc5, 0x08, 0xc5, 0x10, 0xc5, 0x10, 0xc5, 0x08, 0xc5, 0x08, 0xc5, 0x10, 0xc5, 0x10, 0xc5, 0x08, 0xc5, 0x08, 0xc5, 0x08, 0xc5, 0x08,
    0xc5, 0x08, 0xc5, 0x08, 0xc5, 0x10, 0xc5, 0x10, 0xc5, 0x10, 0xc5, 0x10, 0xc5, 0x10, 0xc5, 0x10, 0xc5, 0x08, 0xc5, 0x08, 0xc5, 0x08, 0xc5, 0x08,
    0xc5, 0x08, 0xc5, 0x08, 0xc5, 0x08, 0xc5, 0x08, 0xc5, 0x08, 0xc5, 0x08, 0xc5, 0x08, 0xc5, 0x08, 0xc5, 0x08, 0xc5, 0x08, 0xc5, 0x08, 0xc5, 0x08,
    0xc5, 0x08, 0xc5, 0x08, 0xc5, 0x08, 0xc5, 0x08, 0xc5, 0x08, 0xc5, 0x08, 0xc5, 0x08, 0xc5, 0x08, 0xc5, 0x10, 0xc5, 0x10, 0xc5, 0x08, 0xc5, 0x08,
    0xc5, 0x08, 0xc5, 0x08, 0xe5, 0x10, 0xe5, 0x10, 0xc5, 0x08, 0xc5, 0x08, 0xc5, 0x08, 0xc5, 0x08, 0xe5, 0x08, 0xe5, 0x08, 0xc5, 0x08, 0xc5, 0x08,
    0xe5, 0x10, 0xe5, 0x10, 0xe5, 0x08, 0xe5, 0x08, 0xc5, 0x08, 0xc5, 0x08, 0xc5, 0x08, 0xc5, 0x08, 0xc5, 0x08, 0xc5, 0x08, 0xc5, 0x08, 0xc5, 0x08,
    0xe5, 0x10, 0xe5, 0x10, 0xc5, 0x10, 0xc5, 0x10, 0xc5, 0x08, 0xc5, 0x08, 0xc5, 0x08, 0xc5, 0x08, 0xc5, 0x08, 0xc5, 0x08, 0xc5, 0x08, 0xc5, 0x08,
    0xc5, 0x08, 0xc5, 0x08, 0xc5, 0x08, 0xc5, 0x08, 0xe5, 0x08, 0xe5, 0x08, 0xe5, 0x10, 0xe5, 0x10, 0xe5, 0x10, 0xe5, 0x10, 0xc5, 0x10, 0xc5, 0x10,
    0xe5, 0x08, 0xe5, 0x08, 0xc5, 0x08, 0xc5, 0x08, 0xc5, 0x08, 0xc5, 0x08, 0xc5, 0x10, 0xc5, 0x10, 0xc5, 0x08, 0xc5, 0x08, 0xc5, 0x10, 0xc5, 0x10,
    0xc5, 0x08, 0xc5, 0x08, 0xe5, 0x10, 0xe5, 0x10, 0xe5, 0x08, 0xe5, 0x08, 0xe5, 0x10, 0xe5, 0x10, 0xc5, 0x08, 0xc5, 0x08, 0xe5, 0x10, 0xe5, 0x10,
    0xc5, 0x10, 0xc5, 0x10, 0xe5, 0x10, 0xe5, 0x10, 0xc5, 0x10, 0xc5, 0x10, 0xc5, 0x10, 0xc5, 0x10, 0xc5, 0x08, 0xc5, 0x08, 0xc5, 0x10, 0xc5, 0x10,
    0xc5, 0x10, 0xc5, 0x10, 0xc5, 0x08, 0xc5, 0x08, 0xc5, 0x08, 0xc5, 0x08, 0xc5, 0x08, 0xc5, 0x08, 0xc5, 0x08, 0xc5, 0x08, 0xe5, 0x08, 0xe5, 0x08,
    0xe5, 0x10, 0xe5, 0x10, 0xc5, 0x10, 0xc5, 0x10, 0xc5, 0x08, 0xc5, 0x08, 0xc5, 0x08, 0xc5, 0x08, 0xc5, 0x08, 0xc5, 0x08, 0xc5, 0x08, 0xc5, 0x08,
    0xe5, 0x10, 0xe5, 0x10, 0xc5, 0x08, 0xc5, 0x08, 0xc5, 0x08, 0xc5, 0x08, 0xc5, 0x08, 0xc5, 0x08, 0xc5, 0x08, 0xc5, 0x08, 0xc5, 0x08, 0xc5, 0x08,
    0xc5, 0x08, 0xc5, 0x08, 0xe5, 0x08, 0xe5, 0x08, 0xc5, 0x08, 0xc5, 0x08, 0xc5, 0x08, 0xc5, 0x08, 0xc5, 0x08, 0xc5, 0x08, 0xc5, 0x08, 0xc5, 0x08,
    0xc5, 0x08, 0xc5, 0x08, 0xc5, 0x08, 0xc5, 0x08, 0xc5, 0x08, 0xc5, 0x08, 0xc5, 0x08, 0xc5, 0x08, 0xe5, 0x08, 0xe5, 0x08, 0xe5, 0x08, 0xe5, 0x08,
    0xc5, 0x08, 0xc5, 0x08, 0xc5, 0x10, 0xc5, 0x10, 0xc5, 0x08, 0xc5, 0x08, 0xc5, 0x10, 0xc5, 0x10, 0xc5, 0x08, 0xc5, 0x08, 0xc5, 0x08, 0xc5, 0x08,
    0xc5, 0x10, 0xc5, 0x10, 0xc5, 0x08, 0xc5, 0x08, 0xc5, 0x08, 0xc5, 0x08, 0xc5, 0x08, 0xc5, 0x08, 0xc5, 0x08, 0xc5, 0x08, 0xe5, 0x10, 0xe5, 0x10,
    0xc5, 0x08, 0xc5, 0x08, 0xc5, 0x10, 0xc5, 0x10, 0xc5, 0x08, 0xc5, 0x08, 0xc5, 0x08, 0xc5, 0x08, 0xc5, 0x10, 0xc5, 0x10, 0xe5, 0x08, 0xe5, 0x08,
    0xc5, 0x08, 0xc5, 0x08, 0xc5, 0x10, 0xc5, 0x10, 0xc5, 0x08, 0xc5, 0x08, 0xe5, 0x08, 0xe5, 0x08, 0xe5, 0x10, 0xe5, 0x10, 0xc5, 0x08, 0xc5, 0x08,
    0xc5, 0x08, 0xc5, 0x08, 0xe5, 0x10, 0xe5, 0x10, 0xc5, 0x08, 0xc5, 0x08, 0xc5, 0x08, 0xc5, 0x08, 0xc5, 0x08, 0xc5, 0x08, 0xc5, 0x10, 0xc5, 0x10,
    0xc5, 0x08, 0xc5, 0x08, 0xc5, 0x08, 0xc5, 0x08, 0xc5, 0x08, 0xc5, 0x08, 0xc5, 0x10, 0xc5, 0x10, 0xc5, 0x08, 0xc5, 0x08, 0xc5, 0x08, 0xc5, 0x08,
    0xc5, 0x08, 0xc5, 0x08, 0xe5, 0x08, 0xe5, 0x08, 0xc5, 0x10, 0xc5, 0x10, 0xc5, 0x08, 0xc5, 0x08, 0xc5, 0x08, 0xc5, 0x08, 0xe5, 0x10, 0xe5, 0x10,
    0xc5, 0x08, 0xc5, 0x08, 0xc5, 0x08, 0xc5, 0x08, 0xc5, 0x10, 0xc5, 0x10, 0xc5, 0x08, 0xc5, 0x08, 0xe5, 0x08, 0xe5, 0x08, 0xc5, 0x08, 0xc5, 0x08,
    0xe5, 0x10, 0xe5, 0x10, 0xe5, 0x10, 0xe5, 0x10, 0xe5, 0x08, 0xe5, 0x08, 0xc5, 0x10, 0xc5, 0x10, 0xc5, 0x10, 0xc5, 0x10, 0xe5, 0x10, 0xe5, 0x10,
    0xc5, 0x08, 0xc5, 0x08, 0xc5, 0x10, 0xc5, 0x10, 0xe5, 0x08, 0xe5, 0x08, 0xe5, 0x08, 0xe5, 0x08, 0xe5, 0x10, 0xe5, 0x10, 0xc5, 0x10, 0xc5, 0x10,
    0xc5, 0x10, 0xc5, 0x10, 0xc5, 0x08, 0xc5, 0x08, 0xc5, 0x08, 0xc5, 0x08, 0xc5, 0x08, 0xc5, 0x08, 0xc5, 0x10, 0xc5, 0x10, 0xe5, 0x08, 0xe5, 0x08,
    0xc5, 0x10, 0xc5, 0x10, 0xe5, 0x10, 0xe5, 0x10, 0xe5, 0x10, 0xe5, 0x10, 0xc5, 0x10, 0xc5, 0x10, 0xe5, 0x10, 0xe5, 0x10, 0xc5, 0x10, 0xc5, 0x10,
    0xc5, 0x08, 0xc5, 0x08, 0xe5, 0x10, 0xe5, 0x10, 0xe5, 0x08, 0xe5, 0x08, 0xc5, 0x10, 0xc5, 0x10, 0xc5, 0x10, 0xc5, 0x10, 0xc5, 0x10, 0xc5, 0x10,
    0xc5, 0x10, 0xc5, 0x10, 0xc5, 0x08, 0xc5, 0x08, 0xc5, 0x08, 0xc5, 0x08, 0xc5, 0x08, 0xc5, 0x08, 0xc5, 0x08, 0xc5, 0x08, 0xe5, 0x08, 0xe5, 0x08,
    0xe5, 0x10, 0xe5, 0x10, 0xc5, 0x10, 0xc5, 0x10, 0xc5, 0x08, 0xc5, 0x08, 0xc5, 0x08, 0xc5, 0x08, 0xc5, 0x08, 0xc5, 0x08, 0xc5, 0x08, 0xc5, 0x08,
    0xe5, 0x10, 0xe5, 0x10, 0xc5, 0x08, 0xc5, 0x08, 0xc5, 0x08, 0xc5, 0x08, 0xc5, 0x08, 0xc5, 0x08, 0xc5, 0x08, 0xc5, 0x08, 0xc5, 0x08, 0xc5, 0x08,
    0xc5, 0x08, 0xc5, 0x08, 0xe5, 0x08, 0xe5, 0x08, 0xc5, 0x08, 0xc5, 0x08, 0xc5, 0x08, 0xc5, 0x08, 0xc5, 0x08, 0xc5, 0x08, 0xc5, 0x08, 0xc5, 0x08,
    0xc5, 0x08, 0xc5, 0x08, 0xc5, 0x08, 0xc5, 0x08, 0xc5, 0x08, 0xc5, 0x08, 0xc5, 0x08, 0xc5, 0x08, 0xe5, 0x08, 0xe5, 0x08, 0xe5, 0x08, 0xe5, 0x08,
    0xc5, 0x08, 0xc5, 0x08, 0xc5, 0x10, 0xc5, 0x10, 0xc5, 0x08, 0xc5, 0x08, 0xc5, 0x10, 0xc5, 0x10, 0xc5, 0x08, 0xc5, 0x08, 0xc5, 0x08, 0xc5, 0x08,
    0xc5, 0x10, 0xc5, 0x10, 0xc5, 0x08, 0xc5, 0x08, 0xc5, 0x08, 0xc5, 0x08, 0xc5, 0x08, 0xc5, 0x08, 0xc5, 0x08, 0xc5, 0x08, 0xe5, 0x10, 0xe5, 0x10,
    0xc5, 0x08, 0xc5, 0x08, 0xc5, 0x10, 0xc5, 0x10, 0xc5, 0x08, 0xc5, 0x08, 0xc5, 0x08, 0xc5, 0x08, 0xc5, 0x10, 0xc5, 0x10, 0xe5, 0x08, 0xe5, 0x08,
    0xc5, 0x08, 0xc5, 0x08, 0xc5, 0x10, 0xc5, 0x10, 0xc5, 0x08, 0xc5, 0x08, 0xe5, 0x08, 0xe5, 0x08, 0xe5, 0x10, 0xe5, 0x10, 0xc5, 0x08, 0xc5, 0x08,
    0xc5, 0x08, 0xc5, 0x08, 0xe5, 0x10, 0xe5, 0x10, 0xc5, 0x08, 0xc5, 0x08, 0xc5, 0x08, 0xc5, 0x08, 0xc5, 0x08, 0xc5, 0x08, 0xc5, 0x10, 0xc5, 0x10,
    0xc5, 0x08, 0xc5, 0x08, 0xc5, 0x08, 0xc5, 0x08, 0xc5, 0x08, 0xc5, 0x08, 0xc5, 0x10, 0xc5, 0x10, 0xc5, 0x08, 0xc5, 0x08, 0xc5, 0x08, 0xc5, 0x08,
    0xc5, 0x08, 0xc5, 0x08, 0xe5, 0x08, 0xe5, 0x08, 0xc5, 0x10, 0xc5, 0x10, 0xc5, 0x08, 0xc5, 0x08, 0xc5, 0x08, 0xc5, 0x08, 0xe5, 0x10, 0xe5, 0x10,
    0xc5, 0x08, 0xc5, 0x08, 0xc5, 0x08, 0xc5, 0x08, 0xc5, 0x10, 0xc5, 0x10, 0xc5, 0x08, 0xc5, 0x08, 0xe5, 0x08, 0xe5, 0x08, 0xc5, 0x08, 0xc5, 0x08,
    0xe5, 0x10, 0xe5, 0x10, 0xe5, 0x10, 0xe5, 0x10, 0xe5, 0x08, 0xe5, 0x08, 0xc5, 0x10, 0xc5, 0x10, 0xc5, 0x10, 0xc5, 0x10, 0xe5, 0x10, 0xe5, 0x10,
    0xc5, 0x08, 0xc5, 0x08, 0xc5, 0x10, 0xc5, 0x10, 0xe5, 0x08, 0xe5, 0x08, 0xe5, 0x08, 0xe5, 0x08, 0xe5, 0x10, 0xe5, 0x10, 0xc5, 0x10, 0xc5, 0x10,
    0xc5, 0x10, 0xc5, 0x10, 0xc5, 0x08, 0xc5, 0x08, 0xc5, 0x08, 0xc5, 0x08, 0xc5, 0x08, 0xc5, 0x08, 0xc5, 0x10, 0xc5, 0x10, 0xe5, 0x08, 0xe5, 0x08,
    0xc5, 0x10, 0xc5, 0x10, 0xe5, 0x10, 0xe5, 0x10, 0xe5, 0x10, 0xe5, 0x10, 0xc5, 0x10, 0xc5, 0x10, 0xe5, 0x10, 0xe5, 0x10, 0xc5, 0x10, 0xc5, 0x10,
    0xc5, 0x08, 0xc5, 0x08, 0xe5, 0x10, 0xe5, 0x10, 0xe5, 0x08, 0xe5, 0x08, 0xc5, 0x10, 0xc5, 0x10, 0xc5, 0x10, 0xc5, 0x10, 0xc5, 0x10, 0xc5, 0x10
};

const lv_image_dsc_t carcard_r36 = {
    .header = {.magic = LV_IMAGE_HEADER_MAGIC, .cf = LV_COLOR_FORMAT_RGB565,
               .w = 216, .h = 100, .stride = 432},
    .data_size = sizeof(pixels), .data = pixels,
};
